category,comparison_prediction,has_ocr,id,image_label,input_mode,label,mm_label,model,prediction,seed,source,split,text_label
false_positive,,True,5803,0,caption,0,0,dt4mid-phobert,1,123,facebook,test,0
false_positive,,True,5990,0,caption,0,0,dt4mid-phobert,1,123,facebook,test,0
correct_prediction,,True,1024,0,caption,0,0,dt4mid-phobert,0,123,threads,test,0
correct_prediction,,True,1075,0,caption,0,0,dt4mid-phobert,0,123,threads,test,0
false_positive,,True,4170,0,caption,0,0,dt4mid-phobert,1,123,threads,test,0
correct_prediction,,True,599,0,caption,0,0,dt4mid-phobert,0,123,threads,test,0
correct_prediction,,False,371,0,caption,0,0,dt4mid-phobert,0,123,threads,test,0
false_positive,,False,5811,0,caption,0,0,dt4mid-phobert,1,123,facebook,test,0
false_positive,,True,5986,0,caption,0,0,dt4mid-phobert,1,123,facebook,test,0
correct_prediction,,True,6456,1,caption,1,1,dt4mid-phobert,1,123,facebook,test,1
correct_prediction,,True,6826,0,caption,1,1,dt4mid-phobert,1,123,facebook,test,0
false_positive,,False,859,0,caption,0,0,dt4mid-phobert,1,123,threads,test,0
correct_prediction,,False,6562,0,caption,1,1,dt4mid-phobert,1,123,facebook,test,0
correct_prediction,,True,2399,1,caption,1,1,dt4mid-phobert,1,123,facebook,test,0
correct_prediction,,False,6505,0,caption,1,1,dt4mid-phobert,1,123,facebook,test,0
error_001,,True,7292,0,caption,1,1,dt4mid-phobert,0,123,facebook,test,0
correct_prediction,,True,6818,1,caption,1,1,dt4mid-phobert,1,123,facebook,test,0
correct_prediction,,False,4909,0,caption,0,0,dt4mid-phobert,0,123,threads,test,0
correct_prediction,,False,4190,0,caption,0,0,dt4mid-phobert,0,123,threads,test,0
false_positive,,True,6100,0,caption,0,0,dt4mid-phobert,1,123,facebook,test,0
correct_prediction,,True,5033,0,caption,0,0,dt4mid-phobert,0,123,threads,test,0
correct_prediction,,True,5608,0,caption,1,1,dt4mid-phobert,1,123,threads,test,0
correct_prediction,,False,4177,0,caption,0,0,dt4mid-phobert,0,123,threads,test,0
correct_prediction,,True,3845,0,caption,0,0,dt4mid-phobert,0,123,threads,test,0
error_001,,False,2129,0,caption,1,1,dt4mid-phobert,0,123,facebook,test,0
correct_prediction,,False,540,0,caption,1,1,dt4mid-phobert,1,123,threads,test,1
correct_prediction,,True,3054,0,caption,0,0,dt4mid-phobert,0,123,facebook,test,0
correct_prediction,,True,3867,0,caption,0,0,dt4mid-phobert,0,123,threads,test,0
correct_prediction,,False,4031,0,caption,0,0,dt4mid-phobert,0,123,threads,test,0
false_positive,,True,1767,1,caption,0,0,dt4mid-phobert,1,123,threads,test,0
error_001,,True,1598,0,caption,1,1,dt4mid-phobert,0,123,threads,test,0
correct_prediction,,False,850,0,caption,0,0,dt4mid-phobert,0,123,threads,test,0
error_001,,True,5978,0,caption,1,1,dt4mid-phobert,0,123,facebook,test,0
correct_prediction,,True,3709,0,caption,0,0,dt4mid-phobert,0,123,threads,test,0
correct_prediction,,True,5963,1,caption,1,1,dt4mid-phobert,1,123,facebook,test,0
correct_prediction,,True,5782,1,caption,1,1,dt4mid-phobert,1,123,facebook,test,0
correct_prediction,,True,4722,0,caption,0,0,dt4mid-phobert,0,123,threads,test,0
correct_prediction,,True,1801,0,caption,1,1,dt4mid-phobert,1,123,threads,test,0
correct_prediction,,False,2768,0,caption,1,1,dt4mid-phobert,1,123,facebook,test,0
correct_prediction,,False,5737,0,caption,1,1,dt4mid-phobert,1,123,facebook,test,0
error_001,,False,1824,0,caption,1,1,dt4mid-phobert,0,123,threads,test,0
error_001,,True,2321,0,caption,1,1,dt4mid-phobert,0,123,facebook,test,0
correct_prediction,,False,2851,0,caption,1,1,dt4mid-phobert,1,123,facebook,test,1
correct_prediction,,True,255,0,caption,0,0,dt4mid-phobert,0,123,threads,test,0
correct_prediction,,True,1103,0,caption,0,0,dt4mid-phobert,0,123,threads,test,0
error_001,,True,4004,0,caption,1,1,dt4mid-phobert,0,123,threads,test,0
correct_prediction,,False,1591,0,caption,0,0,dt4mid-phobert,0,123,threads,test,0
false_positive,,False,2861,0,caption,0,0,dt4mid-phobert,1,123,facebook,test,0
error_001,,True,797,0,caption,1,1,dt4mid-phobert,0,123,threads,test,0
correct_prediction,,False,7007,0,caption,1,1,dt4mid-phobert,1,123,facebook,test,0
correct_prediction,,True,2333,1,caption,1,1,dt4mid-phobert,1,123,facebook,test,0
correct_prediction,,True,1448,0,caption,0,0,dt4mid-phobert,0,123,threads,test,1
correct_prediction,,True,993,0,caption,0,0,dt4mid-phobert,0,123,threads,test,0
correct_prediction,,False,1978,0,caption,1,1,dt4mid-phobert,1,123,facebook,test,0
correct_prediction,,False,5035,0,caption,0,0,dt4mid-phobert,0,123,threads,test,0
correct_prediction,,False,4647,0,caption,0,0,dt4mid-phobert,0,123,threads,test,0
correct_prediction,,False,4922,0,caption,0,0,dt4mid-phobert,0,123,threads,test,0
correct_prediction,,False,525,0,caption,0,0,dt4mid-phobert,0,123,threads,test,0
correct_prediction,,True,3878,0,caption,0,0,dt4mid-phobert,0,123,threads,test,0
false_positive,,True,2139,0,caption,0,0,dt4mid-phobert,1,123,facebook,test,0
correct_prediction,,True,314,0,caption,0,0,dt4mid-phobert,0,123,threads,test,0
false_positive,,True,2482,1,caption,0,0,dt4mid-phobert,1,123,facebook,test,0
correct_prediction,,False,5580,0,caption,0,0,dt4mid-phobert,0,123,threads,test,0
false_positive,,True,196,0,caption,0,0,dt4mid-phobert,1,123,threads,test,0
correct_prediction,,True,6755,1,caption,1,1,dt4mid-phobert,1,123,facebook,test,0
correct_prediction,,False,6488,0,caption,1,1,dt4mid-phobert,1,123,facebook,test,1
correct_prediction,,True,5335,0,caption,0,0,dt4mid-phobert,0,123,threads,test,0
correct_prediction,,True,592,0,caption,0,0,dt4mid-phobert,0,123,threads,test,0
correct_prediction,,True,6168,0,caption,0,0,dt4mid-phobert,0,123,facebook,test,0
correct_prediction,,False,5293,0,caption,0,0,dt4mid-phobert,0,123,threads,test,0
correct_prediction,,True,423,0,caption,0,0,dt4mid-phobert,0,123,threads,test,0
false_positive,,True,6189,0,caption,0,0,dt4mid-phobert,1,123,facebook,test,0
correct_prediction,,True,1155,0,caption,0,0,dt4mid-phobert,0,123,threads,test,0
correct_prediction,,False,5197,0,caption,0,0,dt4mid-phobert,0,123,threads,test,0
correct_prediction,,True,464,0,caption,0,0,dt4mid-phobert,0,123,threads,test,0
correct_prediction,,True,6645,1,caption,1,1,dt4mid-phobert,1,123,facebook,test,0
false_positive,,False,3992,0,caption,0,0,dt4mid-phobert,1,123,threads,test,0
correct_prediction,,True,2916,0,caption,1,1,dt4mid-phobert,1,123,facebook,test,0
correct_prediction,,True,6098,0,caption,1,1,dt4mid-phobert,1,123,facebook,test,0
correct_prediction,,False,735,0,caption,0,0,dt4mid-phobert,0,123,threads,test,0
correct_prediction,,True,134,1,caption,0,0,dt4mid-phobert,0,123,threads,test,0
correct_prediction,,False,6907,0,caption,1,1,dt4mid-phobert,1,123,facebook,test,1
false_positive,,True,793,0,caption,0,0,dt4mid-phobert,1,123,threads,test,0
error_001,,False,4475,0,caption,1,1,dt4mid-phobert,0,123,threads,test,0
correct_prediction,,True,4403,0,caption,0,0,dt4mid-phobert,0,123,threads,test,0
correct_prediction,,True,6491,1,caption,1,1,dt4mid-phobert,1,123,facebook,test,1
correct_prediction,,True,533,0,caption,0,0,dt4mid-phobert,0,123,threads,test,1
correct_prediction,,False,6861,0,caption,1,1,dt4mid-phobert,1,123,facebook,test,0
correct_prediction,,True,4136,0,caption,0,0,dt4mid-phobert,0,123,threads,test,0
correct_prediction,,True,6962,0,caption,1,1,dt4mid-phobert,1,123,facebook,test,0
error_001,,True,1716,0,caption,1,1,dt4mid-phobert,0,123,threads,test,0
correct_prediction,,True,6983,0,caption,1,1,dt4mid-phobert,1,123,facebook,test,0
correct_prediction,,True,3705,0,caption,0,0,dt4mid-phobert,0,123,threads,test,0
correct_prediction,,True,3887,0,caption,0,0,dt4mid-phobert,0,123,threads,test,0
correct_prediction,,True,4269,0,caption,0,0,dt4mid-phobert,0,123,threads,test,0
correct_prediction,,True,860,0,caption,0,0,dt4mid-phobert,0,123,threads,test,0
correct_prediction,,True,2042,0,caption,1,1,dt4mid-phobert,1,123,facebook,test,0
error_001,,True,5835,0,caption,1,1,dt4mid-phobert,0,123,facebook,test,0
false_positive,,False,1953,0,caption,0,0,dt4mid-phobert,1,123,facebook,test,0
correct_prediction,,False,6414,0,caption,1,1,dt4mid-phobert,1,123,facebook,test,0
correct_prediction,,False,6537,0,caption,1,1,dt4mid-phobert,1,123,facebook,test,0
false_positive,,False,5825,0,caption,0,0,dt4mid-phobert,1,123,facebook,test,0
false_positive,,True,2096,0,caption,0,0,dt4mid-phobert,1,123,facebook,test,1
correct_prediction,,True,2627,0,caption,0,0,dt4mid-phobert,0,123,facebook,test,0
false_positive,,False,2757,0,caption,0,0,dt4mid-phobert,1,123,facebook,test,0
correct_prediction,,True,1684,0,caption,0,0,dt4mid-phobert,0,123,threads,test,0
error_001,,True,2005,0,caption,1,1,dt4mid-phobert,0,123,facebook,test,0
correct_prediction,,True,5927,0,caption,1,1,dt4mid-phobert,1,123,facebook,test,1
correct_prediction,,True,5014,0,caption,0,0,dt4mid-phobert,0,123,threads,test,0
correct_prediction,,True,4892,0,caption,0,0,dt4mid-phobert,0,123,threads,test,0
correct_prediction,,False,5589,0,caption,0,0,dt4mid-phobert,0,123,threads,test,0
false_positive,,True,2206,0,caption,0,0,dt4mid-phobert,1,123,facebook,test,1
correct_prediction,,False,5202,0,caption,0,0,dt4mid-phobert,0,123,threads,test,0
correct_prediction,,False,2656,1,caption,1,1,dt4mid-phobert,1,123,facebook,test,1
correct_prediction,,True,1329,0,caption,0,0,dt4mid-phobert,0,123,threads,test,1
correct_prediction,,True,613,1,caption,1,1,dt4mid-phobert,1,123,threads,test,1
error_001,,True,47,0,caption,1,1,dt4mid-phobert,0,123,threads,test,0
correct_prediction,,True,6746,1,caption,1,1,dt4mid-phobert,1,123,facebook,test,0
error_001,,False,3398,0,caption,1,1,dt4mid-phobert,0,123,threads,test,0
correct_prediction,,False,3695,0,caption,0,0,dt4mid-phobert,0,123,threads,test,0
correct_prediction,,True,3365,0,caption,0,0,dt4mid-phobert,0,123,threads,test,1
correct_prediction,,True,513,0,caption,0,0,dt4mid-phobert,0,123,threads,test,0
false_positive,,False,7022,0,caption,0,0,dt4mid-phobert,1,123,facebook,test,0
false_positive,,True,2459,0,caption,0,0,dt4mid-phobert,1,123,facebook,test,0
correct_prediction,,True,1813,0,caption,1,1,dt4mid-phobert,1,123,threads,test,0
correct_prediction,,True,1761,0,caption,0,0,dt4mid-phobert,0,123,threads,test,0
correct_prediction,,False,800,0,caption,0,0,dt4mid-phobert,0,123,threads,test,0
false_positive,,True,107,0,caption,0,0,dt4mid-phobert,1,123,threads,test,1
correct_prediction,,True,980,0,caption,0,0,dt4mid-phobert,0,123,threads,test,0
correct_prediction,,False,4819,0,caption,0,0,dt4mid-phobert,0,123,threads,test,0
correct_prediction,,True,4321,0,caption,0,0,dt4mid-phobert,0,123,threads,test,0
error_001,,True,1126,0,caption,1,1,dt4mid-phobert,0,123,threads,test,0
correct_prediction,,True,1570,0,caption,0,0,dt4mid-phobert,0,123,threads,test,0
false_positive,,True,2368,1,caption,0,0,dt4mid-phobert,1,123,facebook,test,0
correct_prediction,,True,4037,0,caption,0,0,dt4mid-phobert,0,123,threads,test,0
correct_prediction,,True,1635,0,caption,0,0,dt4mid-phobert,0,123,threads,test,0
correct_prediction,,False,6894,0,caption,1,1,dt4mid-phobert,1,123,facebook,test,0
correct_prediction,,False,5474,0,caption,0,0,dt4mid-phobert,0,123,threads,test,0
correct_prediction,,True,1791,0,caption,0,0,dt4mid-phobert,0,123,threads,test,1
correct_prediction,,False,6547,0,caption,1,1,dt4mid-phobert,1,123,facebook,test,1
error_001,,True,7209,0,caption,1,1,dt4mid-phobert,0,123,facebook,test,0
correct_prediction,,True,5072,0,caption,0,0,dt4mid-phobert,0,123,threads,test,0
correct_prediction,,True,7123,0,caption,0,0,dt4mid-phobert,0,123,facebook,test,0
correct_prediction,,True,2233,1,caption,0,0,dt4mid-phobert,0,123,facebook,test,0
correct_prediction,,True,1452,1,caption,1,1,dt4mid-phobert,1,123,threads,test,0
correct_prediction,,False,2015,0,caption,1,1,dt4mid-phobert,1,123,facebook,test,0
error_001,,False,6784,0,caption,1,1,dt4mid-phobert,0,123,facebook,test,0
correct_prediction,,True,403,0,caption,0,0,dt4mid-phobert,0,123,threads,test,0
correct_prediction,,True,6090,0,caption,0,0,dt4mid-phobert,0,123,facebook,test,0
correct_prediction,,False,677,0,caption,0,0,dt4mid-phobert,0,123,threads,test,0
error_001,,True,6493,0,caption,1,1,dt4mid-phobert,0,123,facebook,test,0
correct_prediction,,False,5495,0,caption,0,0,dt4mid-phobert,0,123,threads,test,0
correct_prediction,,True,5802,0,caption,1,1,dt4mid-phobert,1,123,facebook,test,0
error_001,,True,6800,0,caption,1,1,dt4mid-phobert,0,123,facebook,test,0
correct_prediction,,False,3949,0,caption,0,0,dt4mid-phobert,0,123,threads,test,0
error_001,,True,2320,0,caption,1,1,dt4mid-phobert,0,123,facebook,test,0
correct_prediction,,False,3805,0,caption,0,0,dt4mid-phobert,0,123,threads,test,0
correct_prediction,,True,6404,0,caption,0,0,dt4mid-phobert,0,123,facebook,test,0
correct_prediction,,False,4036,0,caption,0,0,dt4mid-phobert,0,123,threads,test,0
correct_prediction,,True,2397,1,caption,1,1,dt4mid-phobert,1,123,facebook,test,0
correct_prediction,,True,3609,0,caption,0,0,dt4mid-phobert,0,123,threads,test,0
correct_prediction,,False,4950,0,caption,0,0,dt4mid-phobert,0,123,threads,test,0
correct_prediction,,False,6884,0,caption,1,1,dt4mid-phobert,1,123,facebook,test,1
correct_prediction,,False,7228,0,caption,1,1,dt4mid-phobert,1,123,facebook,test,0
correct_prediction,,False,4770,0,caption,0,0,dt4mid-phobert,0,123,threads,test,0
correct_prediction,,True,2744,0,caption,1,1,dt4mid-phobert,1,123,facebook,test,0
correct_prediction,,True,4924,0,caption,0,0,dt4mid-phobert,0,123,threads,test,0
correct_prediction,,True,5906,0,caption,0,0,dt4mid-phobert,0,123,facebook,test,0
correct_prediction,,True,6375,0,caption,0,0,dt4mid-phobert,0,123,facebook,test,0
error_001,,True,2438,0,caption,1,1,dt4mid-phobert,0,123,facebook,test,0
correct_prediction,,True,7181,0,caption,1,1,dt4mid-phobert,1,123,facebook,test,1
error_001,,False,4611,0,caption,1,1,dt4mid-phobert,0,123,threads,test,0
error_001,,True,3164,0,caption,1,1,dt4mid-phobert,0,123,threads,test,0
error_001,,True,2929,0,caption,1,1,dt4mid-phobert,0,123,facebook,test,0
error_001,,False,6564,0,caption,1,1,dt4mid-phobert,0,123,facebook,test,0
correct_prediction,,True,3857,0,caption,0,0,dt4mid-phobert,0,123,threads,test,0
correct_prediction,,True,1054,0,caption,0,0,dt4mid-phobert,0,123,threads,test,0
correct_prediction,,False,6734,0,caption,1,1,dt4mid-phobert,1,123,facebook,test,0
correct_prediction,,True,7011,1,caption,1,1,dt4mid-phobert,1,123,facebook,test,0
false_positive,,False,5961,0,caption,0,0,dt4mid-phobert,1,123,facebook,test,0
false_positive,,True,2064,0,caption,0,0,dt4mid-phobert,1,123,facebook,test,0
correct_prediction,,False,3666,0,caption,0,0,dt4mid-phobert,0,123,threads,test,0
error_001,,False,1392,0,caption,1,1,dt4mid-phobert,0,123,threads,test,0
correct_prediction,,True,3125,0,caption,0,0,dt4mid-phobert,0,123,threads,test,0
correct_prediction,,True,5288,0,caption,0,0,dt4mid-phobert,0,123,threads,test,0
correct_prediction,,False,6679,0,caption,1,1,dt4mid-phobert,1,123,facebook,test,1
correct_prediction,,False,591,0,caption,1,1,dt4mid-phobert,1,123,threads,test,0
correct_prediction,,False,6634,0,caption,1,1,dt4mid-phobert,1,123,facebook,test,0
correct_prediction,,True,1280,1,caption,1,1,dt4mid-phobert,1,123,threads,test,0
false_positive,,False,889,0,caption,0,0,dt4mid-phobert,1,123,threads,test,0
correct_prediction,,False,5371,0,caption,0,0,dt4mid-phobert,0,123,threads,test,0
correct_prediction,,True,715,0,caption,0,0,dt4mid-phobert,0,123,threads,test,0
false_positive,,True,2463,0,caption,0,0,dt4mid-phobert,1,123,facebook,test,0
error_001,,True,4461,0,caption,1,1,dt4mid-phobert,0,123,threads,test,0
correct_prediction,,True,4232,0,caption,0,0,dt4mid-phobert,0,123,threads,test,0
error_001,,True,3372,0,caption,1,1,dt4mid-phobert,0,123,threads,test,0
false_positive,,False,4881,0,caption,0,0,dt4mid-phobert,1,123,threads,test,0
correct_prediction,,True,1480,0,caption,0,0,dt4mid-phobert,0,123,threads,test,1
correct_prediction,,True,116,0,caption,1,1,dt4mid-phobert,1,123,threads,test,0
false_positive,,True,6181,0,caption,0,0,dt4mid-phobert,1,123,facebook,test,0
correct_prediction,,False,721,0,caption,0,0,dt4mid-phobert,0,123,threads,test,0
correct_prediction,,False,5590,0,caption,0,0,dt4mid-phobert,0,123,threads,test,0
false_positive,,False,4504,0,caption,0,0,dt4mid-phobert,1,123,threads,test,0
correct_prediction,,False,1121,0,caption,0,0,dt4mid-phobert,0,123,threads,test,0
correct_prediction,,False,5224,0,caption,0,0,dt4mid-phobert,0,123,threads,test,0
correct_prediction,,True,1623,0,caption,0,0,dt4mid-phobert,0,123,threads,test,0
correct_prediction,,False,4503,0,caption,0,0,dt4mid-phobert,0,123,threads,test,0
correct_prediction,,True,188,0,caption,0,0,dt4mid-phobert,0,123,threads,test,1
error_001,,True,276,0,caption,1,1,dt4mid-phobert,0,123,threads,test,0
correct_prediction,,False,4625,0,caption,0,0,dt4mid-phobert,0,123,threads,test,0
correct_prediction,,True,4164,0,caption,0,0,dt4mid-phobert,0,123,threads,test,0
error_001,,True,6329,0,caption,1,1,dt4mid-phobert,0,123,facebook,test,0
correct_prediction,,True,4964,0,caption,0,0,dt4mid-phobert,0,123,threads,test,0
correct_prediction,,True,4669,0,caption,0,0,dt4mid-phobert,0,123,threads,test,0
false_positive,,True,4201,0,caption,0,0,dt4mid-phobert,1,123,threads,test,0
correct_prediction,,False,2830,1,caption,1,1,dt4mid-phobert,1,123,facebook,test,1
correct_prediction,,True,1714,0,caption,1,1,dt4mid-phobert,1,123,threads,test,0
error_001,,True,209,0,caption,1,1,dt4mid-phobert,0,123,threads,test,0
error_001,,True,4048,0,caption,1,1,dt4mid-phobert,0,123,threads,test,0
correct_prediction,,True,6968,1,caption,1,1,dt4mid-phobert,1,123,facebook,test,0
correct_prediction,,True,2151,1,caption,1,1,dt4mid-phobert,1,123,facebook,test,0
correct_prediction,,True,5565,0,caption,0,0,dt4mid-phobert,0,123,threads,test,0
correct_prediction,,False,6476,0,caption,1,1,dt4mid-phobert,1,123,facebook,test,0
correct_prediction,,True,5666,0,caption,0,0,dt4mid-phobert,0,123,threads,test,0
correct_prediction,,False,3827,0,caption,0,0,dt4mid-phobert,0,123,threads,test,0
error_001,,False,1207,0,caption,1,1,dt4mid-phobert,0,123,threads,test,0
false_positive,,True,6735,0,caption,0,0,dt4mid-phobert,1,123,facebook,test,0
correct_prediction,,False,2077,0,caption,1,1,dt4mid-phobert,1,123,facebook,test,1
false_positive,,True,932,0,caption,0,0,dt4mid-phobert,1,123,threads,test,0
correct_prediction,,True,235,0,caption,0,0,dt4mid-phobert,0,123,threads,test,0
correct_prediction,,False,593,0,caption,0,0,dt4mid-phobert,0,123,threads,test,0
false_positive,,True,2166,0,caption,0,0,dt4mid-phobert,1,123,facebook,test,0
correct_prediction,,True,6353,0,caption,0,0,dt4mid-phobert,0,123,facebook,test,0
correct_prediction,,True,137,0,caption,0,0,dt4mid-phobert,0,123,threads,test,0
correct_prediction,,False,4545,0,caption,0,0,dt4mid-phobert,0,123,threads,test,0
correct_prediction,,False,4901,0,caption,0,0,dt4mid-phobert,0,123,threads,test,0
correct_prediction,,True,333,0,caption,0,0,dt4mid-phobert,0,123,threads,test,0
correct_prediction,,False,4040,0,caption,0,0,dt4mid-phobert,0,123,threads,test,0
correct_prediction,,True,289,0,caption,0,0,dt4mid-phobert,0,123,threads,test,0
correct_prediction,,True,361,0,caption,0,0,dt4mid-phobert,0,123,threads,test,0
correct_prediction,,True,2216,0,caption,0,0,dt4mid-phobert,0,123,facebook,test,0
correct_prediction,,True,2356,1,caption,1,1,dt4mid-phobert,1,123,facebook,test,0
correct_prediction,,True,1686,0,caption,0,0,dt4mid-phobert,0,123,threads,test,0
correct_prediction,,False,6644,0,caption,1,1,dt4mid-phobert,1,123,facebook,test,0
false_positive,,True,2715,0,caption,0,0,dt4mid-phobert,1,123,facebook,test,0
correct_prediction,,True,3510,0,caption,0,0,dt4mid-phobert,0,123,threads,test,0
correct_prediction,,True,5575,0,caption,1,1,dt4mid-phobert,1,123,threads,test,0
correct_prediction,,True,548,0,caption,0,0,dt4mid-phobert,0,123,threads,test,0
correct_prediction,,True,427,0,caption,0,0,dt4mid-phobert,0,123,threads,test,0
correct_prediction,,True,5880,0,caption,0,0,dt4mid-phobert,0,123,facebook,test,0
correct_prediction,,False,4651,0,caption,0,0,dt4mid-phobert,0,123,threads,test,0
correct_prediction,,True,3635,0,caption,0,0,dt4mid-phobert,0,123,threads,test,0
correct_prediction,,False,4510,0,caption,0,0,dt4mid-phobert,0,123,threads,test,0
false_positive,,True,5245,0,caption,0,0,dt4mid-phobert,1,123,threads,test,0
correct_prediction,,False,2629,0,caption,1,1,dt4mid-phobert,1,123,facebook,test,0
correct_prediction,,True,5061,0,caption,0,0,dt4mid-phobert,0,123,threads,test,0
correct_prediction,,True,2280,1,caption,1,1,dt4mid-phobert,1,123,facebook,test,0
correct_prediction,,False,6615,1,caption,1,1,dt4mid-phobert,1,123,facebook,test,1
false_positive,,True,3850,0,caption,0,0,dt4mid-phobert,1,123,threads,test,0
correct_prediction,,False,3533,0,caption,0,0,dt4mid-phobert,0,123,threads,test,0
false_positive,,True,7009,0,caption,0,0,dt4mid-phobert,1,123,facebook,test,0
correct_prediction,,True,5548,0,caption,0,0,dt4mid-phobert,0,123,threads,test,0
false_positive,,True,2215,0,caption,0,0,dt4mid-phobert,1,123,facebook,test,0
false_positive,,True,2229,0,caption,0,0,dt4mid-phobert,1,123,facebook,test,0
correct_prediction,,False,5999,0,caption,1,1,dt4mid-phobert,1,123,facebook,test,1
error_001,,True,2947,0,caption,1,1,dt4mid-phobert,0,123,facebook,test,0
correct_prediction,,True,4088,0,caption,0,0,dt4mid-phobert,0,123,threads,test,0
correct_prediction,,False,1574,0,caption,0,0,dt4mid-phobert,0,123,threads,test,0
correct_prediction,,False,2713,0,caption,1,1,dt4mid-phobert,1,123,facebook,test,0
correct_prediction,,True,3881,0,caption,0,0,dt4mid-phobert,0,123,threads,test,0
correct_prediction,,True,1734,0,caption,0,0,dt4mid-phobert,0,123,threads,test,0
correct_prediction,,True,6961,0,caption,0,0,dt4mid-phobert,0,123,facebook,test,0
correct_prediction,,True,4575,0,caption,0,0,dt4mid-phobert,0,123,threads,test,0
correct_prediction,,True,1417,0,caption,0,0,dt4mid-phobert,0,123,threads,test,0
correct_prediction,,True,3267,0,caption,0,0,dt4mid-phobert,0,123,threads,test,0
correct_prediction,,False,1298,0,caption,0,0,dt4mid-phobert,0,123,threads,test,0
correct_prediction,,True,7214,0,caption,1,1,dt4mid-phobert,1,123,facebook,test,0
correct_prediction,,False,5140,0,caption,0,0,dt4mid-phobert,0,123,threads,test,0
false_positive,,True,7215,0,caption,0,0,dt4mid-phobert,1,123,facebook,test,0
error_001,,True,619,0,caption,1,1,dt4mid-phobert,0,123,threads,test,0
correct_prediction,,True,2544,1,caption,1,1,dt4mid-phobert,1,123,facebook,test,0
correct_prediction,,True,2894,0,caption,1,1,dt4mid-phobert,1,123,facebook,test,0
correct_prediction,,True,668,0,caption,0,0,dt4mid-phobert,0,123,threads,test,0
error_001,,True,308,0,caption,1,1,dt4mid-phobert,0,123,threads,test,0
correct_prediction,,False,1107,0,caption,0,0,dt4mid-phobert,0,123,threads,test,1
correct_prediction,,False,834,0,caption,0,0,dt4mid-phobert,0,123,threads,test,0
correct_prediction,,True,30,0,caption,0,0,dt4mid-phobert,0,123,threads,test,0
false_positive,,True,2564,0,caption,0,0,dt4mid-phobert,1,123,facebook,test,0
correct_prediction,,False,3673,0,caption,0,0,dt4mid-phobert,0,123,threads,test,0
false_positive,,True,2048,0,caption,0,0,dt4mid-phobert,1,123,facebook,test,0
correct_prediction,,True,2303,0,caption,0,0,dt4mid-phobert,0,123,facebook,test,0
correct_prediction,,True,4498,0,caption,0,0,dt4mid-phobert,0,123,threads,test,0
correct_prediction,,False,5995,0,caption,1,1,dt4mid-phobert,1,123,facebook,test,0
correct_prediction,,True,1464,0,caption,0,0,dt4mid-phobert,0,123,threads,test,0
correct_prediction,,False,2831,0,caption,1,1,dt4mid-phobert,1,123,facebook,test,1
correct_prediction,,True,147,0,caption,0,0,dt4mid-phobert,0,123,threads,test,0
correct_prediction,,True,7328,0,caption,1,1,dt4mid-phobert,1,123,facebook,test,0
false_positive,,False,2818,0,caption,0,0,dt4mid-phobert,1,123,facebook,test,0
correct_prediction,,True,5703,0,caption,0,0,dt4mid-phobert,0,123,facebook,test,0
correct_prediction,,True,691,0,caption,1,1,dt4mid-phobert,1,123,threads,test,1
correct_prediction,,False,817,0,caption,0,0,dt4mid-phobert,0,123,threads,test,0
correct_prediction,,False,3622,0,caption,0,0,dt4mid-phobert,0,123,threads,test,0
correct_prediction,,False,5024,0,caption,0,0,dt4mid-phobert,0,123,threads,test,0
correct_prediction,,False,2203,0,caption,1,1,dt4mid-phobert,1,123,facebook,test,0
correct_prediction,,False,6536,0,caption,1,1,dt4mid-phobert,1,123,facebook,test,0
correct_prediction,,False,204,0,caption,0,0,dt4mid-phobert,0,123,threads,test,1
error_001,,True,491,0,caption,1,1,dt4mid-phobert,0,123,threads,test,0
false_positive,,False,1960,0,caption,0,0,dt4mid-phobert,1,123,facebook,test,0
correct_prediction,,False,718,0,caption,0,0,dt4mid-phobert,0,123,threads,test,0
false_positive,,True,6394,0,caption,0,0,dt4mid-phobert,1,123,facebook,test,0
error_001,,False,53,0,caption,1,1,dt4mid-phobert,0,123,threads,test,0
false_positive,,False,2787,0,caption,0,0,dt4mid-phobert,1,123,facebook,test,0
correct_prediction,,True,5089,0,caption,0,0,dt4mid-phobert,0,123,threads,test,0
correct_prediction,,True,2882,0,caption,1,1,dt4mid-phobert,1,123,facebook,test,1
correct_prediction,,True,1789,0,caption,0,0,dt4mid-phobert,0,123,threads,test,1
error_001,,False,6978,0,caption,1,1,dt4mid-phobert,0,123,facebook,test,0
correct_prediction,,True,6577,0,caption,1,1,dt4mid-phobert,1,123,facebook,test,0
correct_prediction,,True,3769,0,caption,0,0,dt4mid-phobert,0,123,threads,test,0
correct_prediction,,False,335,0,caption,0,0,dt4mid-phobert,0,123,threads,test,0
correct_prediction,,True,5219,0,caption,0,0,dt4mid-phobert,0,123,threads,test,0
false_positive,,True,7086,0,caption,0,0,dt4mid-phobert,1,123,facebook,test,0
error_001,,True,3896,0,caption,1,1,dt4mid-phobert,0,123,threads,test,0
correct_prediction,,False,1930,0,caption,1,1,dt4mid-phobert,1,123,facebook,test,1
correct_prediction,,True,2590,0,caption,0,0,dt4mid-phobert,0,123,facebook,test,0
correct_prediction,,True,7049,0,caption,0,0,dt4mid-phobert,0,123,facebook,test,0
correct_prediction,,False,2805,0,caption,1,1,dt4mid-phobert,1,123,facebook,test,0
correct_prediction,,True,3496,0,caption,0,0,dt4mid-phobert,0,123,threads,test,0
correct_prediction,,True,2367,1,caption,1,1,dt4mid-phobert,1,123,facebook,test,0
error_001,,True,3746,0,caption,1,1,dt4mid-phobert,0,123,threads,test,0
correct_prediction,,True,6337,0,caption,0,0,dt4mid-phobert,0,123,facebook,test,0
error_001,,True,4887,0,caption,1,1,dt4mid-phobert,0,123,threads,test,0
correct_prediction,,True,2585,1,caption,1,1,dt4mid-phobert,1,123,facebook,test,0
false_positive,,True,2134,0,caption,0,0,dt4mid-phobert,1,123,facebook,test,0
correct_prediction,,False,3685,0,caption,0,0,dt4mid-phobert,0,123,threads,test,0
correct_prediction,,False,5736,0,caption,1,1,dt4mid-phobert,1,123,facebook,test,0
correct_prediction,,True,3225,0,caption,0,0,dt4mid-phobert,0,123,threads,test,0
correct_prediction,,True,5074,0,caption,0,0,dt4mid-phobert,0,123,threads,test,0
correct_prediction,,True,3866,0,caption,0,0,dt4mid-phobert,0,123,threads,test,0
correct_prediction,,True,2695,0,caption,1,1,dt4mid-phobert,1,123,facebook,test,1
correct_prediction,,True,3968,0,caption,0,0,dt4mid-phobert,0,123,threads,test,0
correct_prediction,,True,6957,1,caption,1,1,dt4mid-phobert,1,123,facebook,test,0
correct_prediction,,False,4720,0,caption,0,0,dt4mid-phobert,0,123,threads,test,0
correct_prediction,,False,3713,0,caption,0,0,dt4mid-phobert,0,123,threads,test,0
false_positive,,False,1809,0,caption,0,0,dt4mid-phobert,1,123,threads,test,0
correct_prediction,,True,3043,0,caption,1,1,dt4mid-phobert,1,123,facebook,test,1
correct_prediction,,False,6942,0,caption,1,1,dt4mid-phobert,1,123,facebook,test,1
correct_prediction,,True,3678,0,caption,0,0,dt4mid-phobert,0,123,threads,test,0
correct_prediction,,True,7289,1,caption,1,1,dt4mid-phobert,1,123,facebook,test,0
false_positive,,False,1974,0,caption,0,0,dt4mid-phobert,1,123,facebook,test,0
correct_prediction,,False,4805,0,caption,0,0,dt4mid-phobert,0,123,threads,test,0
correct_prediction,,True,3940,0,caption,1,1,dt4mid-phobert,1,123,threads,test,1
false_positive,,True,4026,0,caption,0,0,dt4mid-phobert,1,123,threads,test,1
false_positive,,True,557,0,caption,0,0,dt4mid-phobert,1,123,threads,test,0
error_001,,True,2187,0,caption,1,1,dt4mid-phobert,0,123,facebook,test,0
error_001,,True,1647,0,caption,1,1,dt4mid-phobert,0,123,threads,test,0
correct_prediction,,True,6436,0,caption,1,1,dt4mid-phobert,1,123,facebook,test,0
correct_prediction,,True,4220,0,caption,0,0,dt4mid-phobert,0,123,threads,test,0
correct_prediction,,False,138,0,caption,0,0,dt4mid-phobert,0,123,threads,test,0
correct_prediction,,True,2639,0,caption,1,1,dt4mid-phobert,1,123,facebook,test,0
correct_prediction,,False,4705,0,caption,0,0,dt4mid-phobert,0,123,threads,test,0
correct_prediction,,True,3475,0,caption,0,0,dt4mid-phobert,0,123,threads,test,0
correct_prediction,,True,1056,0,caption,0,0,dt4mid-phobert,0,123,threads,test,0
error_001,,True,1453,0,caption,1,1,dt4mid-phobert,0,123,threads,test,0
correct_prediction,,True,5220,0,caption,1,1,dt4mid-phobert,1,123,threads,test,0
correct_prediction,,False,6847,0,caption,1,1,dt4mid-phobert,1,123,facebook,test,0
correct_prediction,,False,3219,0,caption,0,0,dt4mid-phobert,0,123,threads,test,0
correct_prediction,,True,1040,0,caption,0,0,dt4mid-phobert,0,123,threads,test,0
correct_prediction,,True,1271,0,caption,0,0,dt4mid-phobert,0,123,threads,test,0
correct_prediction,,True,2870,0,caption,1,1,dt4mid-phobert,1,123,facebook,test,1
false_positive,,True,4764,0,caption,0,0,dt4mid-phobert,1,123,threads,test,0
correct_prediction,,False,4635,0,caption,0,0,dt4mid-phobert,0,123,threads,test,0
correct_prediction,,True,4713,0,caption,0,0,dt4mid-phobert,0,123,threads,test,0
correct_prediction,,True,4718,0,caption,0,0,dt4mid-phobert,0,123,threads,test,0
correct_prediction,,True,5865,1,caption,1,1,dt4mid-phobert,1,123,facebook,test,0
correct_prediction,,False,5047,0,caption,0,0,dt4mid-phobert,0,123,threads,test,0
correct_prediction,,True,2358,0,caption,1,1,dt4mid-phobert,1,123,facebook,test,0
correct_prediction,,True,2093,0,caption,0,0,dt4mid-phobert,0,123,facebook,test,0
correct_prediction,,False,5077,0,caption,0,0,dt4mid-phobert,0,123,threads,test,0
error_001,,False,3731,0,caption,1,1,dt4mid-phobert,0,123,threads,test,0
correct_prediction,,False,3788,0,caption,0,0,dt4mid-phobert,0,123,threads,test,0
correct_prediction,,True,4435,0,caption,0,0,dt4mid-phobert,0,123,threads,test,0
false_positive,,True,3079,0,caption,0,0,dt4mid-phobert,1,123,facebook,test,0
correct_prediction,,True,5515,0,caption,0,0,dt4mid-phobert,0,123,threads,test,0
correct_prediction,,True,5562,0,caption,0,0,dt4mid-phobert,0,123,threads,test,0
correct_prediction,,True,7331,0,caption,0,0,dt4mid-phobert,0,123,facebook,test,0
correct_prediction,,False,6680,0,caption,1,1,dt4mid-phobert,1,123,facebook,test,0
correct_prediction,,False,7141,0,caption,1,1,dt4mid-phobert,1,123,facebook,test,0
false_positive,,True,7295,0,caption,0,0,dt4mid-phobert,1,123,facebook,test,0
correct_prediction,,True,7100,0,caption,0,0,dt4mid-phobert,0,123,facebook,test,0
correct_prediction,,True,902,0,caption,1,1,dt4mid-phobert,1,123,threads,test,1
correct_prediction,,True,4456,0,caption,0,0,dt4mid-phobert,0,123,threads,test,0
correct_prediction,,False,1369,0,caption,0,0,dt4mid-phobert,0,123,threads,test,0
false_positive,,True,3015,0,caption,0,0,dt4mid-phobert,1,123,facebook,test,1
correct_prediction,,True,5378,0,caption,0,0,dt4mid-phobert,0,123,threads,test,0
correct_prediction,,True,2763,0,caption,0,0,dt4mid-phobert,0,123,facebook,test,0
correct_prediction,,False,6360,0,caption,0,0,dt4mid-phobert,0,123,facebook,test,0
correct_prediction,,True,3117,0,caption,0,0,dt4mid-phobert,0,123,threads,test,0
error_001,,True,6106,0,caption,1,1,dt4mid-phobert,0,123,facebook,test,0
correct_prediction,,True,2521,0,caption,1,1,dt4mid-phobert,1,123,facebook,test,0
correct_prediction,,True,990,0,caption,0,0,dt4mid-phobert,0,123,threads,test,0
correct_prediction,,False,1503,0,caption,0,0,dt4mid-phobert,0,123,threads,test,0
correct_prediction,,True,1490,0,caption,0,0,dt4mid-phobert,0,123,threads,test,0
correct_prediction,,False,3623,0,caption,0,0,dt4mid-phobert,0,123,threads,test,0
correct_prediction,,True,4401,0,caption,0,0,dt4mid-phobert,0,123,threads,test,0
correct_prediction,,False,6855,0,caption,1,1,dt4mid-phobert,1,123,facebook,test,0
correct_prediction,,True,6049,0,caption,0,0,dt4mid-phobert,0,123,facebook,test,0
correct_prediction,,False,812,0,caption,0,0,dt4mid-phobert,0,123,threads,test,0
correct_prediction,,False,4267,0,caption,0,0,dt4mid-phobert,0,123,threads,test,0
correct_prediction,,True,4197,0,caption,0,0,dt4mid-phobert,0,123,threads,test,1
false_positive,,True,2296,0,caption,0,0,dt4mid-phobert,1,123,facebook,test,0
correct_prediction,,True,6594,0,caption,1,1,dt4mid-phobert,1,123,facebook,test,0
false_positive,,True,5139,0,caption,0,0,dt4mid-phobert,1,123,threads,test,0
correct_prediction,,True,3289,0,caption,0,0,dt4mid-phobert,0,123,threads,test,0
error_001,,True,1624,0,caption,1,1,dt4mid-phobert,0,123,threads,test,0
correct_prediction,,False,3952,0,caption,0,0,dt4mid-phobert,0,123,threads,test,1
false_positive,,True,6060,0,caption,0,0,dt4mid-phobert,1,123,facebook,test,0
error_001,,False,3824,0,caption,1,1,dt4mid-phobert,0,123,threads,test,0
correct_prediction,,True,5482,0,caption,0,0,dt4mid-phobert,0,123,threads,test,0
correct_prediction,,False,5568,0,caption,0,0,dt4mid-phobert,0,123,threads,test,0
false_positive,,True,3913,0,caption,0,0,dt4mid-phobert,1,123,threads,test,0
correct_prediction,,True,7004,0,caption,1,1,dt4mid-phobert,1,123,facebook,test,0
correct_prediction,,False,6664,0,caption,1,1,dt4mid-phobert,1,123,facebook,test,1
correct_prediction,,False,4871,0,caption,0,0,dt4mid-phobert,0,123,threads,test,0
correct_prediction,,True,3960,0,caption,0,0,dt4mid-phobert,0,123,threads,test,0
correct_prediction,,False,4500,0,caption,1,1,dt4mid-phobert,1,123,threads,test,0
correct_prediction,,True,1688,0,caption,0,0,dt4mid-phobert,0,123,threads,test,0
correct_prediction,,False,7092,0,caption,1,1,dt4mid-phobert,1,123,facebook,test,0
correct_prediction,,True,3491,0,caption,0,0,dt4mid-phobert,0,123,threads,test,0
correct_prediction,,False,5564,0,caption,0,0,dt4mid-phobert,0,123,threads,test,0
false_positive,,True,7220,1,caption,0,0,dt4mid-phobert,1,123,facebook,test,0
false_positive,,True,6151,0,caption,0,0,dt4mid-phobert,1,123,facebook,test,0
correct_prediction,,True,2470,1,caption,1,1,dt4mid-phobert,1,123,facebook,test,0
correct_prediction,,True,1964,0,caption,0,0,dt4mid-phobert,0,123,facebook,test,0
correct_prediction,,True,2382,1,caption,1,1,dt4mid-phobert,1,123,facebook,test,0
correct_prediction,,True,4272,0,caption,0,0,dt4mid-phobert,0,123,threads,test,0
error_001,,False,1867,0,caption,1,1,dt4mid-phobert,0,123,facebook,test,0
correct_prediction,,True,5421,0,caption,0,0,dt4mid-phobert,0,123,threads,test,0
correct_prediction,,True,4755,0,caption,0,0,dt4mid-phobert,0,123,threads,test,0
correct_prediction,,False,6523,0,caption,1,1,dt4mid-phobert,1,123,facebook,test,1
correct_prediction,,False,826,0,caption,0,0,dt4mid-phobert,0,123,threads,test,1
false_positive,,True,3167,0,caption,0,0,dt4mid-phobert,1,123,threads,test,0
error_001,,False,1463,0,caption,1,1,dt4mid-phobert,0,123,threads,test,0
correct_prediction,,False,6823,0,caption,1,1,dt4mid-phobert,1,123,facebook,test,0
error_001,,True,4355,0,caption,1,1,dt4mid-phobert,0,123,threads,test,0
correct_prediction,,True,1906,0,caption,1,1,dt4mid-phobert,1,123,facebook,test,0
correct_prediction,,True,4344,0,caption,0,0,dt4mid-phobert,0,123,threads,test,0
error_001,,True,5788,0,caption,1,1,dt4mid-phobert,0,123,facebook,test,0
correct_prediction,,True,3159,0,caption,0,0,dt4mid-phobert,0,123,threads,test,0
correct_prediction,,True,4902,0,caption,0,0,dt4mid-phobert,0,123,threads,test,0
correct_prediction,,True,6761,0,caption,0,0,dt4mid-phobert,0,123,facebook,test,1
false_positive,,True,805,0,caption,0,0,dt4mid-phobert,1,123,threads,test,0
correct_prediction,,True,7186,0,caption,1,1,dt4mid-phobert,1,123,facebook,test,0
correct_prediction,,True,3182,0,caption,0,0,dt4mid-phobert,0,123,threads,test,0
correct_prediction,,True,1303,1,caption,1,1,dt4mid-phobert,1,123,threads,test,0
correct_prediction,,False,4092,0,caption,0,0,dt4mid-phobert,0,123,threads,test,0
correct_prediction,,False,5450,0,caption,0,0,dt4mid-phobert,0,123,threads,test,0
false_positive,,False,3378,0,caption,0,0,dt4mid-phobert,1,123,threads,test,0
correct_prediction,,False,6551,0,caption,1,1,dt4mid-phobert,1,123,facebook,test,0
error_001,,True,3487,0,caption,1,1,dt4mid-phobert,0,123,threads,test,0
correct_prediction,,True,2049,0,caption,1,1,dt4mid-phobert,1,123,facebook,test,0
correct_prediction,,True,3667,0,caption,0,0,dt4mid-phobert,0,123,threads,test,0
correct_prediction,,True,5702,0,caption,1,1,dt4mid-phobert,1,123,facebook,test,1
correct_prediction,,True,7250,0,caption,1,1,dt4mid-phobert,1,123,facebook,test,1
correct_prediction,,True,3969,0,caption,0,0,dt4mid-phobert,0,123,threads,test,0
correct_prediction,,True,478,0,caption,0,0,dt4mid-phobert,0,123,threads,test,1
false_positive,,True,5816,0,caption,0,0,dt4mid-phobert,1,123,facebook,test,0
correct_prediction,,True,1043,0,caption,0,0,dt4mid-phobert,0,123,threads,test,0
correct_prediction,,True,6451,1,caption,1,1,dt4mid-phobert,1,123,facebook,test,0
correct_prediction,,True,2990,0,caption,0,0,dt4mid-phobert,0,123,facebook,test,0
correct_prediction,,False,5193,0,caption,0,0,dt4mid-phobert,0,123,threads,test,0
correct_prediction,,True,6509,1,caption,1,1,dt4mid-phobert,1,123,facebook,test,0
correct_prediction,,True,7159,0,caption,0,0,dt4mid-phobert,0,123,facebook,test,0
correct_prediction,,True,6556,0,caption,0,0,dt4mid-phobert,0,123,facebook,test,0
correct_prediction,,False,4752,0,caption,0,0,dt4mid-phobert,0,123,threads,test,0
correct_prediction,,True,7277,1,caption,1,1,dt4mid-phobert,1,123,facebook,test,0
correct_prediction,,False,6546,0,caption,1,1,dt4mid-phobert,1,123,facebook,test,1
error_001,,False,6960,0,caption,1,1,dt4mid-phobert,0,123,facebook,test,0
correct_prediction,,False,4514,0,caption,0,0,dt4mid-phobert,0,123,threads,test,0
correct_prediction,,False,5281,0,caption,0,0,dt4mid-phobert,0,123,threads,test,0
correct_prediction,,False,555,0,caption,0,0,dt4mid-phobert,0,123,threads,test,0
correct_prediction,,True,7074,1,caption,1,1,dt4mid-phobert,1,123,facebook,test,0
correct_prediction,,False,4038,0,caption,0,0,dt4mid-phobert,0,123,threads,test,0
error_001,,False,5054,0,caption,1,1,dt4mid-phobert,0,123,threads,test,0
correct_prediction,,True,6051,0,caption,0,0,dt4mid-phobert,0,123,facebook,test,0
correct_prediction,,True,6443,0,caption,0,0,dt4mid-phobert,0,123,facebook,test,0
correct_prediction,,True,6603,1,caption,1,1,dt4mid-phobert,1,123,facebook,test,0
error_001,,False,5760,0,caption,1,1,dt4mid-phobert,0,123,facebook,test,0
correct_prediction,,True,2538,1,caption,1,1,dt4mid-phobert,1,123,facebook,test,0
correct_prediction,,True,3665,0,caption,0,0,dt4mid-phobert,0,123,threads,test,0
correct_prediction,,True,2529,1,caption,1,1,dt4mid-phobert,1,123,facebook,test,0
correct_prediction,,False,4427,0,caption,0,0,dt4mid-phobert,0,123,threads,test,0
error_001,,False,1432,0,caption,1,1,dt4mid-phobert,0,123,threads,test,0
correct_prediction,,False,127,0,caption,0,0,dt4mid-phobert,0,123,threads,test,0
correct_prediction,,True,2469,1,caption,1,1,dt4mid-phobert,1,123,facebook,test,0
correct_prediction,,True,4199,0,caption,0,0,dt4mid-phobert,0,123,threads,test,0
correct_prediction,,True,6899,1,caption,1,1,dt4mid-phobert,1,123,facebook,test,0
correct_prediction,,True,523,0,caption,0,0,dt4mid-phobert,0,123,threads,test,0
correct_prediction,,True,4642,0,caption,0,0,dt4mid-phobert,0,123,threads,test,0
correct_prediction,,True,3187,0,caption,0,0,dt4mid-phobert,0,123,threads,test,0
correct_prediction,,True,1354,0,caption,0,0,dt4mid-phobert,0,123,threads,test,0
correct_prediction,,True,383,1,caption,0,0,dt4mid-phobert,0,123,threads,test,0
correct_prediction,,True,313,0,caption,0,0,dt4mid-phobert,0,123,threads,test,0
error_001,,False,6790,0,caption,1,1,dt4mid-phobert,0,123,facebook,test,0
false_positive,,True,5964,0,caption,0,0,dt4mid-phobert,1,123,facebook,test,0
correct_prediction,,True,2999,0,caption,1,1,dt4mid-phobert,1,123,facebook,test,0
error_001,,False,4614,0,caption,1,1,dt4mid-phobert,0,123,threads,test,0
correct_prediction,,False,4360,0,caption,0,0,dt4mid-phobert,0,123,threads,test,0
correct_prediction,,False,3994,0,caption,0,0,dt4mid-phobert,0,123,threads,test,0
error_001,,True,7254,0,caption,1,1,dt4mid-phobert,0,123,facebook,test,0
error_001,,False,3513,0,caption,1,1,dt4mid-phobert,0,123,threads,test,0
error_001,,False,1479,0,caption,1,1,dt4mid-phobert,0,123,threads,test,0
correct_prediction,,False,4739,0,caption,0,0,dt4mid-phobert,0,123,threads,test,0
correct_prediction,,True,5826,1,caption,1,1,dt4mid-phobert,1,123,facebook,test,0
error_001,,True,1802,0,caption,1,1,dt4mid-phobert,0,123,threads,test,0
correct_prediction,,False,796,0,caption,0,0,dt4mid-phobert,0,123,threads,test,0
false_positive,,False,6155,0,caption,0,0,dt4mid-phobert,1,123,facebook,test,0
correct_prediction,,True,1808,0,caption,0,0,dt4mid-phobert,0,123,threads,test,0
correct_prediction,,True,7291,0,caption,0,0,dt4mid-phobert,0,123,facebook,test,0
false_positive,,True,6086,0,caption,0,0,dt4mid-phobert,1,123,facebook,test,0
error_001,,False,521,0,caption,1,1,dt4mid-phobert,0,123,threads,test,0
correct_prediction,,True,4451,0,caption,0,0,dt4mid-phobert,0,123,threads,test,0
correct_prediction,,True,6044,1,caption,1,1,dt4mid-phobert,1,123,facebook,test,0
correct_prediction,,True,644,0,caption,0,0,dt4mid-phobert,0,123,threads,test,0
false_positive,,True,4463,0,caption,0,0,dt4mid-phobert,1,123,threads,test,0
correct_prediction,,True,3956,0,caption,0,0,dt4mid-phobert,0,123,threads,test,0
correct_prediction,,True,1778,0,caption,0,0,dt4mid-phobert,0,123,threads,test,0
false_positive,,True,6217,0,caption,0,0,dt4mid-phobert,1,123,facebook,test,0
correct_prediction,,True,2426,1,caption,1,1,dt4mid-phobert,1,123,facebook,test,0
false_positive,,True,3497,0,caption,0,0,dt4mid-phobert,1,123,threads,test,1
correct_prediction,,True,2376,1,caption,1,1,dt4mid-phobert,1,123,facebook,test,0
error_001,,False,2057,0,caption,1,1,dt4mid-phobert,0,123,facebook,test,0
correct_prediction,,False,2567,0,caption,1,1,dt4mid-phobert,1,123,facebook,test,0
correct_prediction,,True,6517,0,caption,1,1,dt4mid-phobert,1,123,facebook,test,0
error_001,,True,2622,0,caption,1,1,dt4mid-phobert,0,123,facebook,test,0
false_positive,,False,5824,0,caption,0,0,dt4mid-phobert,1,123,facebook,test,0
error_001,,False,7239,0,caption,1,1,dt4mid-phobert,0,123,facebook,test,0
false_positive,,True,4034,0,caption,0,0,dt4mid-phobert,1,123,threads,test,0
correct_prediction,,False,892,0,caption,1,1,dt4mid-phobert,1,123,threads,test,0
error_001,,True,502,0,caption,1,1,dt4mid-phobert,0,123,threads,test,0
error_001,,True,297,0,caption,1,1,dt4mid-phobert,0,123,threads,test,0
correct_prediction,,True,258,0,caption,1,1,dt4mid-phobert,1,123,threads,test,0
correct_prediction,,False,4889,0,caption,0,0,dt4mid-phobert,0,123,threads,test,0
correct_prediction,,True,3930,0,caption,0,0,dt4mid-phobert,0,123,threads,test,0
error_001,,True,5728,0,caption,1,1,dt4mid-phobert,0,123,facebook,test,0
error_001,,True,4675,0,caption,1,1,dt4mid-phobert,0,123,threads,test,0
correct_prediction,,True,6359,0,caption,0,0,dt4mid-phobert,0,123,facebook,test,0
correct_prediction,,True,4492,0,caption,0,0,dt4mid-phobert,0,123,threads,test,0
correct_prediction,,False,5272,0,caption,0,0,dt4mid-phobert,0,123,threads,test,0
correct_prediction,,False,6574,0,caption,1,1,dt4mid-phobert,1,123,facebook,test,0
correct_prediction,,False,6427,0,caption,1,1,dt4mid-phobert,1,123,facebook,test,0
correct_prediction,,True,2327,0,caption,0,0,dt4mid-phobert,0,123,facebook,test,0
correct_prediction,,False,5249,0,caption,0,0,dt4mid-phobert,0,123,threads,test,0
correct_prediction,,False,5361,0,caption,0,0,dt4mid-phobert,0,123,threads,test,0
correct_prediction,,True,2952,0,caption,1,1,dt4mid-phobert,1,123,facebook,test,1
correct_prediction,,False,2053,0,caption,1,1,dt4mid-phobert,1,123,facebook,test,0
correct_prediction,,False,1020,0,caption,0,0,dt4mid-phobert,0,123,threads,test,0
correct_prediction,,True,1604,0,caption,0,0,dt4mid-phobert,0,123,threads,test,0
correct_prediction,,True,2832,0,caption,0,0,dt4mid-phobert,0,123,facebook,test,1
correct_prediction,,True,5579,0,caption,0,0,dt4mid-phobert,0,123,threads,test,0
false_positive,,False,1977,0,caption,0,0,dt4mid-phobert,1,123,facebook,test,0
correct_prediction,,True,4790,0,caption,0,0,dt4mid-phobert,0,123,threads,test,0
correct_prediction,,True,2839,0,caption,1,1,dt4mid-phobert,1,123,facebook,test,0
correct_prediction,,False,4604,0,caption,0,0,dt4mid-phobert,0,123,threads,test,0
correct_prediction,,True,490,0,caption,0,0,dt4mid-phobert,0,123,threads,test,0
correct_prediction,,False,4900,0,caption,0,0,dt4mid-phobert,0,123,threads,test,0
correct_prediction,,False,1206,0,caption,0,0,dt4mid-phobert,0,123,threads,test,0
correct_prediction,,False,6919,0,caption,1,1,dt4mid-phobert,1,123,facebook,test,0
correct_prediction,,False,5013,0,caption,0,0,dt4mid-phobert,0,123,threads,test,0
correct_prediction,,True,7127,0,caption,0,0,dt4mid-phobert,0,123,facebook,test,0
correct_prediction,,True,5130,0,caption,0,0,dt4mid-phobert,0,123,threads,test,0
false_positive,,True,6450,0,caption,0,0,dt4mid-phobert,1,123,facebook,test,0
correct_prediction,,True,3230,0,caption,0,0,dt4mid-phobert,0,123,threads,test,0
correct_prediction,,True,4827,0,caption,0,0,dt4mid-phobert,0,123,threads,test,0
correct_prediction,,True,2434,1,caption,1,1,dt4mid-phobert,1,123,facebook,test,0
correct_prediction,,True,1022,0,caption,0,0,dt4mid-phobert,0,123,threads,test,0
correct_prediction,,False,5302,0,caption,0,0,dt4mid-phobert,0,123,threads,test,0
correct_prediction,,True,3645,0,caption,0,0,dt4mid-phobert,0,123,threads,test,0
correct_prediction,,True,1037,0,caption,0,0,dt4mid-phobert,0,123,threads,test,1
correct_prediction,,True,6000,0,caption,1,1,dt4mid-phobert,1,123,facebook,test,0
correct_prediction,,True,3179,0,caption,0,0,dt4mid-phobert,0,123,threads,test,0
correct_prediction,,True,4101,1,caption,1,1,dt4mid-phobert,1,123,threads,test,0
error_001,,True,618,0,caption,1,1,dt4mid-phobert,0,123,threads,test,0
correct_prediction,,True,1671,0,caption,1,1,dt4mid-phobert,1,123,threads,test,1
false_positive,,True,4369,0,caption,0,0,dt4mid-phobert,1,123,threads,test,0
correct_prediction,,True,2428,0,caption,0,0,dt4mid-phobert,0,123,facebook,test,0
correct_prediction,,True,4304,0,caption,0,0,dt4mid-phobert,0,123,threads,test,0
correct_prediction,,True,2113,0,caption,1,1,dt4mid-phobert,1,123,facebook,test,0
correct_prediction,,False,2724,0,caption,1,1,dt4mid-phobert,1,123,facebook,test,1
correct_prediction,,False,5930,0,caption,1,1,dt4mid-phobert,1,123,facebook,test,0
false_positive,,False,5205,0,caption,0,0,dt4mid-phobert,1,123,threads,test,0
correct_prediction,,False,743,0,caption,0,0,dt4mid-phobert,0,123,threads,test,0
correct_prediction,,True,2558,1,caption,1,1,dt4mid-phobert,1,123,facebook,test,0
correct_prediction,,False,426,0,caption,0,0,dt4mid-phobert,0,123,threads,test,0
correct_prediction,,True,7221,0,caption,1,1,dt4mid-phobert,1,123,facebook,test,0
correct_prediction,,True,4744,0,caption,0,0,dt4mid-phobert,0,123,threads,test,0
correct_prediction,,True,7014,1,caption,1,1,dt4mid-phobert,1,123,facebook,test,0
error_001,,True,6677,0,caption,1,1,dt4mid-phobert,0,123,facebook,test,0
correct_prediction,,False,5282,0,caption,0,0,dt4mid-phobert,0,123,threads,test,0
correct_prediction,,True,6037,1,caption,1,1,dt4mid-phobert,1,123,facebook,test,0
correct_prediction,,True,4241,0,caption,0,0,dt4mid-phobert,0,123,threads,test,0
correct_prediction,,False,16,0,caption,0,0,dt4mid-phobert,0,123,threads,test,0
correct_prediction,,True,256,0,caption,0,0,dt4mid-phobert,0,123,threads,test,1
correct_prediction,,True,6856,1,caption,0,0,dt4mid-phobert,0,123,facebook,test,0
correct_prediction,,True,4132,0,caption,0,0,dt4mid-phobert,0,123,threads,test,0
correct_prediction,,True,3518,0,caption,0,0,dt4mid-phobert,0,123,threads,test,0
correct_prediction,,False,1348,0,caption,0,0,dt4mid-phobert,0,123,threads,test,0
correct_prediction,,True,4057,0,caption,0,0,dt4mid-phobert,0,123,threads,test,0
correct_prediction,,False,2729,0,caption,1,1,dt4mid-phobert,1,123,facebook,test,0
correct_prediction,,True,3110,0,caption,0,0,dt4mid-phobert,0,123,threads,test,0
correct_prediction,,False,1217,0,caption,0,0,dt4mid-phobert,0,123,threads,test,0
correct_prediction,,False,5119,0,caption,0,0,dt4mid-phobert,0,123,threads,test,0
false_positive,,True,4123,0,caption,0,0,dt4mid-phobert,1,123,threads,test,0
correct_prediction,,True,3371,0,caption,0,0,dt4mid-phobert,0,123,threads,test,0
correct_prediction,,False,4607,0,caption,0,0,dt4mid-phobert,0,123,threads,test,0
correct_prediction,,True,6410,0,caption,1,1,dt4mid-phobert,1,123,facebook,test,0
false_positive,,True,2435,1,caption,0,0,dt4mid-phobert,1,123,facebook,test,0
correct_prediction,,True,5547,0,caption,0,0,dt4mid-phobert,0,123,threads,test,0
error_001,,True,4258,0,caption,1,1,dt4mid-phobert,0,123,threads,test,0
correct_prediction,,True,6271,0,caption,1,1,dt4mid-phobert,1,123,facebook,test,1
correct_prediction,,True,6067,0,caption,0,0,dt4mid-phobert,0,123,facebook,test,0
correct_prediction,,True,406,0,caption,0,0,dt4mid-phobert,0,123,threads,test,0
error_001,,True,3143,0,caption,1,1,dt4mid-phobert,0,123,threads,test,0
correct_prediction,,True,2992,0,caption,0,0,dt4mid-phobert,0,123,facebook,test,1
correct_prediction,,False,2792,0,caption,1,1,dt4mid-phobert,1,123,facebook,test,0
correct_prediction,,True,4507,0,caption,0,0,dt4mid-phobert,0,123,threads,test,0
error_001,,True,2308,0,caption,1,1,dt4mid-phobert,0,123,facebook,test,0
correct_prediction,,True,1248,0,caption,0,0,dt4mid-phobert,0,123,threads,test,0
correct_prediction,,True,6011,0,caption,1,1,dt4mid-phobert,1,123,facebook,test,1
correct_prediction,,True,5925,0,caption,1,1,dt4mid-phobert,1,123,facebook,test,0
correct_prediction,,True,1397,0,caption,0,0,dt4mid-phobert,0,123,threads,test,0
correct_prediction,,False,4052,0,caption,0,0,dt4mid-phobert,0,123,threads,test,0
correct_prediction,,False,665,0,caption,0,0,dt4mid-phobert,0,123,threads,test,0
correct_prediction,,True,462,0,caption,0,0,dt4mid-phobert,0,123,threads,test,0
correct_prediction,,True,2337,1,caption,1,1,dt4mid-phobert,1,123,facebook,test,0
correct_prediction,,True,3260,0,caption,1,1,dt4mid-phobert,1,123,threads,test,0
correct_prediction,,False,5255,0,caption,0,0,dt4mid-phobert,0,123,threads,test,0
correct_prediction,,False,3503,0,caption,0,0,dt4mid-phobert,0,123,threads,test,0
correct_prediction,,False,2054,0,caption,1,1,dt4mid-phobert,1,123,facebook,test,1
error_001,,False,3209,0,caption,1,1,dt4mid-phobert,0,123,threads,test,0
correct_prediction,,False,3099,0,caption,0,0,dt4mid-phobert,0,123,facebook,test,1
false_positive,,True,7058,0,caption,0,0,dt4mid-phobert,1,123,facebook,test,0
correct_prediction,,True,6116,1,caption,1,1,dt4mid-phobert,1,123,facebook,test,0
correct_prediction,,False,4698,0,caption,0,0,dt4mid-phobert,0,123,threads,test,0
correct_prediction,,True,1079,0,caption,0,0,dt4mid-phobert,0,123,threads,test,0
correct_prediction,,True,4362,1,caption,1,1,dt4mid-phobert,1,123,threads,test,0
correct_prediction,,True,2338,1,caption,0,0,dt4mid-phobert,0,123,facebook,test,0
correct_prediction,,True,7314,0,caption,1,1,dt4mid-phobert,1,123,facebook,test,1
correct_prediction,,False,629,0,caption,0,0,dt4mid-phobert,0,123,threads,test,0
error_001,,True,3883,0,caption,1,1,dt4mid-phobert,0,123,threads,test,0
false_positive,,True,5786,0,caption,0,0,dt4mid-phobert,1,123,facebook,test,0
correct_prediction,,False,3119,0,caption,0,0,dt4mid-phobert,0,123,threads,test,0
correct_prediction,,False,5894,0,caption,1,1,dt4mid-phobert,1,123,facebook,test,0
correct_prediction,,True,5084,0,caption,0,0,dt4mid-phobert,0,123,threads,test,0
correct_prediction,,False,5343,0,caption,0,0,dt4mid-phobert,0,123,threads,test,0
correct_prediction,,False,4324,0,caption,0,0,dt4mid-phobert,0,123,threads,test,0
correct_prediction,,True,1216,1,caption,1,1,dt4mid-phobert,1,123,threads,test,0
false_positive,,False,2006,0,caption,0,0,dt4mid-phobert,1,123,facebook,test,0
correct_prediction,,False,228,0,caption,1,1,dt4mid-phobert,1,123,threads,test,1
correct_prediction,,True,5661,0,caption,0,0,dt4mid-phobert,0,123,threads,test,0
correct_prediction,,True,5640,0,caption,0,0,dt4mid-phobert,0,123,threads,test,0
correct_prediction,,True,5765,0,caption,1,1,dt4mid-phobert,1,123,facebook,test,0
false_positive,,True,5803,0,caption,0,0,dt4mid-phobert,1,2026,facebook,test,0
correct_prediction,,True,6388,1,caption,1,1,dt4mid-phobert,1,2026,facebook,test,0
false_positive,,True,5990,0,caption,0,0,dt4mid-phobert,1,2026,facebook,test,0
correct_prediction,,True,1024,0,caption,0,0,dt4mid-phobert,0,2026,threads,test,0
correct_prediction,,True,1075,0,caption,0,0,dt4mid-phobert,0,2026,threads,test,0
false_positive,,True,4170,0,caption,0,0,dt4mid-phobert,1,2026,threads,test,0
false_positive,,True,599,0,caption,0,0,dt4mid-phobert,1,2026,threads,test,0
correct_prediction,,False,371,0,caption,0,0,dt4mid-phobert,0,2026,threads,test,0
false_positive,,False,5811,0,caption,0,0,dt4mid-phobert,1,2026,facebook,test,0
false_positive,,True,5986,0,caption,0,0,dt4mid-phobert,1,2026,facebook,test,0
correct_prediction,,True,6456,1,caption,1,1,dt4mid-phobert,1,2026,facebook,test,1
correct_prediction,,True,6826,0,caption,1,1,dt4mid-phobert,1,2026,facebook,test,0
correct_prediction,,False,859,0,caption,0,0,dt4mid-phobert,0,2026,threads,test,0
correct_prediction,,False,6562,0,caption,1,1,dt4mid-phobert,1,2026,facebook,test,0
correct_prediction,,True,2399,1,caption,1,1,dt4mid-phobert,1,2026,facebook,test,0
correct_prediction,,False,6505,0,caption,1,1,dt4mid-phobert,1,2026,facebook,test,0
correct_prediction,,True,7292,0,caption,1,1,dt4mid-phobert,1,2026,facebook,test,0
correct_prediction,,True,6818,1,caption,1,1,dt4mid-phobert,1,2026,facebook,test,0
correct_prediction,,False,4909,0,caption,0,0,dt4mid-phobert,0,2026,threads,test,0
correct_prediction,,False,4190,0,caption,0,0,dt4mid-phobert,0,2026,threads,test,0
false_positive,,True,6100,0,caption,0,0,dt4mid-phobert,1,2026,facebook,test,0
correct_prediction,,True,5033,0,caption,0,0,dt4mid-phobert,0,2026,threads,test,0
correct_prediction,,True,5608,0,caption,1,1,dt4mid-phobert,1,2026,threads,test,0
correct_prediction,,False,4177,0,caption,0,0,dt4mid-phobert,0,2026,threads,test,0
correct_prediction,,True,3845,0,caption,0,0,dt4mid-phobert,0,2026,threads,test,0
correct_prediction,,False,2129,0,caption,1,1,dt4mid-phobert,1,2026,facebook,test,0
correct_prediction,,False,540,0,caption,1,1,dt4mid-phobert,1,2026,threads,test,1
correct_prediction,,True,3054,0,caption,0,0,dt4mid-phobert,0,2026,facebook,test,0
correct_prediction,,True,3867,0,caption,0,0,dt4mid-phobert,0,2026,threads,test,0
correct_prediction,,False,4031,0,caption,0,0,dt4mid-phobert,0,2026,threads,test,0
false_positive,,True,1767,1,caption,0,0,dt4mid-phobert,1,2026,threads,test,0
correct_prediction,,True,1598,0,caption,1,1,dt4mid-phobert,1,2026,threads,test,0
correct_prediction,,False,850,0,caption,0,0,dt4mid-phobert,0,2026,threads,test,0
error_001,,True,5978,0,caption,1,1,dt4mid-phobert,0,2026,facebook,test,0
correct_prediction,,True,3709,0,caption,0,0,dt4mid-phobert,0,2026,threads,test,0
correct_prediction,,True,5963,1,caption,1,1,dt4mid-phobert,1,2026,facebook,test,0
correct_prediction,,True,5782,1,caption,1,1,dt4mid-phobert,1,2026,facebook,test,0
correct_prediction,,True,4722,0,caption,0,0,dt4mid-phobert,0,2026,threads,test,0
correct_prediction,,True,1801,0,caption,1,1,dt4mid-phobert,1,2026,threads,test,0
correct_prediction,,False,2768,0,caption,1,1,dt4mid-phobert,1,2026,facebook,test,0
correct_prediction,,False,5737,0,caption,1,1,dt4mid-phobert,1,2026,facebook,test,0
error_001,,False,1824,0,caption,1,1,dt4mid-phobert,0,2026,threads,test,0
error_001,,True,2321,0,caption,1,1,dt4mid-phobert,0,2026,facebook,test,0
correct_prediction,,False,2851,0,caption,1,1,dt4mid-phobert,1,2026,facebook,test,1
correct_prediction,,True,255,0,caption,0,0,dt4mid-phobert,0,2026,threads,test,0
correct_prediction,,True,1103,0,caption,0,0,dt4mid-phobert,0,2026,threads,test,0
error_001,,True,4004,0,caption,1,1,dt4mid-phobert,0,2026,threads,test,0
correct_prediction,,False,1591,0,caption,0,0,dt4mid-phobert,0,2026,threads,test,0
false_positive,,False,2861,0,caption,0,0,dt4mid-phobert,1,2026,facebook,test,0
error_001,,True,797,0,caption,1,1,dt4mid-phobert,0,2026,threads,test,0
correct_prediction,,True,2913,0,caption,1,1,dt4mid-phobert,1,2026,facebook,test,1
correct_prediction,,True,6159,1,caption,1,1,dt4mid-phobert,1,2026,facebook,test,0
correct_prediction,,False,7007,0,caption,1,1,dt4mid-phobert,1,2026,facebook,test,0
correct_prediction,,True,2333,1,caption,1,1,dt4mid-phobert,1,2026,facebook,test,0
correct_prediction,,True,1448,0,caption,0,0,dt4mid-phobert,0,2026,threads,test,1
correct_prediction,,True,993,0,caption,0,0,dt4mid-phobert,0,2026,threads,test,0
correct_prediction,,False,1978,0,caption,1,1,dt4mid-phobert,1,2026,facebook,test,0
correct_prediction,,False,5035,0,caption,0,0,dt4mid-phobert,0,2026,threads,test,0
correct_prediction,,False,4647,0,caption,0,0,dt4mid-phobert,0,2026,threads,test,0
correct_prediction,,False,4922,0,caption,0,0,dt4mid-phobert,0,2026,threads,test,0
correct_prediction,,False,525,0,caption,0,0,dt4mid-phobert,0,2026,threads,test,0
correct_prediction,,True,3878,0,caption,0,0,dt4mid-phobert,0,2026,threads,test,0
false_positive,,True,2139,0,caption,0,0,dt4mid-phobert,1,2026,facebook,test,0
correct_prediction,,True,314,0,caption,0,0,dt4mid-phobert,0,2026,threads,test,0
false_positive,,True,2482,1,caption,0,0,dt4mid-phobert,1,2026,facebook,test,0
correct_prediction,,False,5580,0,caption,0,0,dt4mid-phobert,0,2026,threads,test,0
false_positive,,True,196,0,caption,0,0,dt4mid-phobert,1,2026,threads,test,0
correct_prediction,,True,6755,1,caption,1,1,dt4mid-phobert,1,2026,facebook,test,0
correct_prediction,,False,6488,0,caption,1,1,dt4mid-phobert,1,2026,facebook,test,1
correct_prediction,,True,5335,0,caption,0,0,dt4mid-phobert,0,2026,threads,test,0
false_positive,,True,592,0,caption,0,0,dt4mid-phobert,1,2026,threads,test,0
false_positive,,True,6168,0,caption,0,0,dt4mid-phobert,1,2026,facebook,test,0
correct_prediction,,False,5293,0,caption,0,0,dt4mid-phobert,0,2026,threads,test,0
correct_prediction,,True,423,0,caption,0,0,dt4mid-phobert,0,2026,threads,test,0
false_positive,,True,6189,0,caption,0,0,dt4mid-phobert,1,2026,facebook,test,0
correct_prediction,,True,1155,0,caption,0,0,dt4mid-phobert,0,2026,threads,test,0
correct_prediction,,False,5197,0,caption,0,0,dt4mid-phobert,0,2026,threads,test,0
correct_prediction,,True,464,0,caption,0,0,dt4mid-phobert,0,2026,threads,test,0
correct_prediction,,True,6645,1,caption,1,1,dt4mid-phobert,1,2026,facebook,test,0
false_positive,,False,3992,0,caption,0,0,dt4mid-phobert,1,2026,threads,test,0
correct_prediction,,True,2916,0,caption,1,1,dt4mid-phobert,1,2026,facebook,test,0
correct_prediction,,True,1234,0,caption,1,1,dt4mid-phobert,1,2026,threads,test,1
correct_prediction,,True,6098,0,caption,1,1,dt4mid-phobert,1,2026,facebook,test,0
correct_prediction,,False,735,0,caption,0,0,dt4mid-phobert,0,2026,threads,test,0
correct_prediction,,True,134,1,caption,0,0,dt4mid-phobert,0,2026,threads,test,0
correct_prediction,,False,6907,0,caption,1,1,dt4mid-phobert,1,2026,facebook,test,1
correct_prediction,,True,793,0,caption,0,0,dt4mid-phobert,0,2026,threads,test,0
error_001,,False,4475,0,caption,1,1,dt4mid-phobert,0,2026,threads,test,0
correct_prediction,,True,4403,0,caption,0,0,dt4mid-phobert,0,2026,threads,test,0
correct_prediction,,True,6491,1,caption,1,1,dt4mid-phobert,1,2026,facebook,test,1
correct_prediction,,True,533,0,caption,0,0,dt4mid-phobert,0,2026,threads,test,1
correct_prediction,,False,6861,0,caption,1,1,dt4mid-phobert,1,2026,facebook,test,0
correct_prediction,,True,4136,0,caption,0,0,dt4mid-phobert,0,2026,threads,test,0
correct_prediction,,True,6962,0,caption,1,1,dt4mid-phobert,1,2026,facebook,test,0
correct_prediction,,True,1716,0,caption,1,1,dt4mid-phobert,1,2026,threads,test,0
correct_prediction,,True,6983,0,caption,1,1,dt4mid-phobert,1,2026,facebook,test,0
correct_prediction,,True,3705,0,caption,0,0,dt4mid-phobert,0,2026,threads,test,0
correct_prediction,,True,3887,0,caption,0,0,dt4mid-phobert,0,2026,threads,test,0
correct_prediction,,True,4269,0,caption,0,0,dt4mid-phobert,0,2026,threads,test,0
correct_prediction,,True,860,0,caption,0,0,dt4mid-phobert,0,2026,threads,test,0
correct_prediction,,True,2042,0,caption,1,1,dt4mid-phobert,1,2026,facebook,test,0
correct_prediction,,True,5835,0,caption,1,1,dt4mid-phobert,1,2026,facebook,test,0
false_positive,,False,1953,0,caption,0,0,dt4mid-phobert,1,2026,facebook,test,0
correct_prediction,,False,6414,0,caption,1,1,dt4mid-phobert,1,2026,facebook,test,0
correct_prediction,,False,6537,0,caption,1,1,dt4mid-phobert,1,2026,facebook,test,0
false_positive,,False,5825,0,caption,0,0,dt4mid-phobert,1,2026,facebook,test,0
false_positive,,True,2096,0,caption,0,0,dt4mid-phobert,1,2026,facebook,test,1
false_positive,,True,2627,0,caption,0,0,dt4mid-phobert,1,2026,facebook,test,0
false_positive,,False,2757,0,caption,0,0,dt4mid-phobert,1,2026,facebook,test,0
correct_prediction,,True,1684,0,caption,0,0,dt4mid-phobert,0,2026,threads,test,0
correct_prediction,,True,2005,0,caption,1,1,dt4mid-phobert,1,2026,facebook,test,0
correct_prediction,,True,5927,0,caption,1,1,dt4mid-phobert,1,2026,facebook,test,1
correct_prediction,,True,5014,0,caption,0,0,dt4mid-phobert,0,2026,threads,test,0
correct_prediction,,True,4892,0,caption,0,0,dt4mid-phobert,0,2026,threads,test,0
correct_prediction,,False,5589,0,caption,0,0,dt4mid-phobert,0,2026,threads,test,0
false_positive,,True,2206,0,caption,0,0,dt4mid-phobert,1,2026,facebook,test,1
correct_prediction,,False,5202,0,caption,0,0,dt4mid-phobert,0,2026,threads,test,0
correct_prediction,,False,2656,1,caption,1,1,dt4mid-phobert,1,2026,facebook,test,1
correct_prediction,,True,1329,0,caption,0,0,dt4mid-phobert,0,2026,threads,test,1
correct_prediction,,True,613,1,caption,1,1,dt4mid-phobert,1,2026,threads,test,1
error_001,,True,47,0,caption,1,1,dt4mid-phobert,0,2026,threads,test,0
correct_prediction,,True,6746,1,caption,1,1,dt4mid-phobert,1,2026,facebook,test,0
error_001,,False,3398,0,caption,1,1,dt4mid-phobert,0,2026,threads,test,0
correct_prediction,,False,3695,0,caption,0,0,dt4mid-phobert,0,2026,threads,test,0
correct_prediction,,True,3365,0,caption,0,0,dt4mid-phobert,0,2026,threads,test,1
correct_prediction,,True,513,0,caption,0,0,dt4mid-phobert,0,2026,threads,test,0
false_positive,,False,7022,0,caption,0,0,dt4mid-phobert,1,2026,facebook,test,0
false_positive,,True,2459,0,caption,0,0,dt4mid-phobert,1,2026,facebook,test,0
correct_prediction,,True,1813,0,caption,1,1,dt4mid-phobert,1,2026,threads,test,0
false_positive,,True,1761,0,caption,0,0,dt4mid-phobert,1,2026,threads,test,0
correct_prediction,,False,800,0,caption,0,0,dt4mid-phobert,0,2026,threads,test,0
correct_prediction,,True,107,0,caption,0,0,dt4mid-phobert,0,2026,threads,test,1
correct_prediction,,True,980,0,caption,0,0,dt4mid-phobert,0,2026,threads,test,0
correct_prediction,,False,4819,0,caption,0,0,dt4mid-phobert,0,2026,threads,test,0
correct_prediction,,True,4321,0,caption,0,0,dt4mid-phobert,0,2026,threads,test,0
correct_prediction,,True,2506,1,caption,1,1,dt4mid-phobert,1,2026,facebook,test,0
error_001,,True,1126,0,caption,1,1,dt4mid-phobert,0,2026,threads,test,0
correct_prediction,,True,1570,0,caption,0,0,dt4mid-phobert,0,2026,threads,test,0
false_positive,,True,2368,1,caption,0,0,dt4mid-phobert,1,2026,facebook,test,0
correct_prediction,,True,4037,0,caption,0,0,dt4mid-phobert,0,2026,threads,test,0
correct_prediction,,True,1863,1,caption,1,1,dt4mid-phobert,1,2026,facebook,test,0
correct_prediction,,True,1635,0,caption,0,0,dt4mid-phobert,0,2026,threads,test,0
correct_prediction,,False,6894,0,caption,1,1,dt4mid-phobert,1,2026,facebook,test,0
correct_prediction,,False,5474,0,caption,0,0,dt4mid-phobert,0,2026,threads,test,0
false_positive,,True,1791,0,caption,0,0,dt4mid-phobert,1,2026,threads,test,1
correct_prediction,,False,6547,0,caption,1,1,dt4mid-phobert,1,2026,facebook,test,1
correct_prediction,,True,7209,0,caption,1,1,dt4mid-phobert,1,2026,facebook,test,0
correct_prediction,,True,5072,0,caption,0,0,dt4mid-phobert,0,2026,threads,test,0
correct_prediction,,True,7123,0,caption,0,0,dt4mid-phobert,0,2026,facebook,test,0
false_positive,,True,2233,1,caption,0,0,dt4mid-phobert,1,2026,facebook,test,0
correct_prediction,,False,2015,0,caption,1,1,dt4mid-phobert,1,2026,facebook,test,0
error_001,,False,6784,0,caption,1,1,dt4mid-phobert,0,2026,facebook,test,0
correct_prediction,,True,403,0,caption,0,0,dt4mid-phobert,0,2026,threads,test,0
correct_prediction,,True,6090,0,caption,0,0,dt4mid-phobert,0,2026,facebook,test,0
correct_prediction,,False,677,0,caption,0,0,dt4mid-phobert,0,2026,threads,test,0
error_001,,True,6493,0,caption,1,1,dt4mid-phobert,0,2026,facebook,test,0
correct_prediction,,False,5495,0,caption,0,0,dt4mid-phobert,0,2026,threads,test,0
correct_prediction,,True,5802,0,caption,1,1,dt4mid-phobert,1,2026,facebook,test,0
correct_prediction,,True,6800,0,caption,1,1,dt4mid-phobert,1,2026,facebook,test,0
correct_prediction,,False,3949,0,caption,0,0,dt4mid-phobert,0,2026,threads,test,0
correct_prediction,,True,2320,0,caption,1,1,dt4mid-phobert,1,2026,facebook,test,0
correct_prediction,,False,3805,0,caption,0,0,dt4mid-phobert,0,2026,threads,test,0
false_positive,,True,6404,0,caption,0,0,dt4mid-phobert,1,2026,facebook,test,0
correct_prediction,,False,4036,0,caption,0,0,dt4mid-phobert,0,2026,threads,test,0
correct_prediction,,True,2397,1,caption,1,1,dt4mid-phobert,1,2026,facebook,test,0
correct_prediction,,True,3609,0,caption,0,0,dt4mid-phobert,0,2026,threads,test,0
correct_prediction,,False,4950,0,caption,0,0,dt4mid-phobert,0,2026,threads,test,0
correct_prediction,,False,6884,0,caption,1,1,dt4mid-phobert,1,2026,facebook,test,1
correct_prediction,,False,7228,0,caption,1,1,dt4mid-phobert,1,2026,facebook,test,0
correct_prediction,,False,4770,0,caption,0,0,dt4mid-phobert,0,2026,threads,test,0
correct_prediction,,True,2744,0,caption,1,1,dt4mid-phobert,1,2026,facebook,test,0
false_positive,,True,4924,0,caption,0,0,dt4mid-phobert,1,2026,threads,test,0
correct_prediction,,True,5906,0,caption,0,0,dt4mid-phobert,0,2026,facebook,test,0
correct_prediction,,True,6375,0,caption,0,0,dt4mid-phobert,0,2026,facebook,test,0
correct_prediction,,True,2438,0,caption,1,1,dt4mid-phobert,1,2026,facebook,test,0
correct_prediction,,True,7181,0,caption,1,1,dt4mid-phobert,1,2026,facebook,test,1
error_001,,False,4611,0,caption,1,1,dt4mid-phobert,0,2026,threads,test,0
error_001,,True,3164,0,caption,1,1,dt4mid-phobert,0,2026,threads,test,0
correct_prediction,,True,2929,0,caption,1,1,dt4mid-phobert,1,2026,facebook,test,0
error_001,,False,6564,0,caption,1,1,dt4mid-phobert,0,2026,facebook,test,0
correct_prediction,,True,3857,0,caption,0,0,dt4mid-phobert,0,2026,threads,test,0
correct_prediction,,True,1054,0,caption,0,0,dt4mid-phobert,0,2026,threads,test,0
correct_prediction,,False,6734,0,caption,1,1,dt4mid-phobert,1,2026,facebook,test,0
correct_prediction,,True,7011,1,caption,1,1,dt4mid-phobert,1,2026,facebook,test,0
false_positive,,False,5961,0,caption,0,0,dt4mid-phobert,1,2026,facebook,test,0
correct_prediction,,True,4574,0,caption,1,1,dt4mid-phobert,1,2026,threads,test,1
false_positive,,True,2064,0,caption,0,0,dt4mid-phobert,1,2026,facebook,test,0
correct_prediction,,False,3666,0,caption,0,0,dt4mid-phobert,0,2026,threads,test,0
correct_prediction,,True,3040,0,caption,1,1,dt4mid-phobert,1,2026,facebook,test,1
error_001,,False,1392,0,caption,1,1,dt4mid-phobert,0,2026,threads,test,0
false_positive,,True,3125,0,caption,0,0,dt4mid-phobert,1,2026,threads,test,0
correct_prediction,,True,5288,0,caption,0,0,dt4mid-phobert,0,2026,threads,test,0
correct_prediction,,False,6679,0,caption,1,1,dt4mid-phobert,1,2026,facebook,test,1
error_001,,False,591,0,caption,1,1,dt4mid-phobert,0,2026,threads,test,0
correct_prediction,,False,6634,0,caption,1,1,dt4mid-phobert,1,2026,facebook,test,0
correct_prediction,,True,1280,1,caption,1,1,dt4mid-phobert,1,2026,threads,test,0
correct_prediction,,True,430,1,caption,1,1,dt4mid-phobert,1,2026,threads,test,0
correct_prediction,,False,889,0,caption,0,0,dt4mid-phobert,0,2026,threads,test,0
correct_prediction,,False,5371,0,caption,0,0,dt4mid-phobert,0,2026,threads,test,0
correct_prediction,,True,715,0,caption,0,0,dt4mid-phobert,0,2026,threads,test,0
false_positive,,True,2463,0,caption,0,0,dt4mid-phobert,1,2026,facebook,test,0
correct_prediction,,True,4461,0,caption,1,1,dt4mid-phobert,1,2026,threads,test,0
correct_prediction,,True,4232,0,caption,0,0,dt4mid-phobert,0,2026,threads,test,0
error_001,,True,3372,0,caption,1,1,dt4mid-phobert,0,2026,threads,test,0
correct_prediction,,True,6297,1,caption,1,1,dt4mid-phobert,1,2026,facebook,test,0
correct_prediction,,False,4881,0,caption,0,0,dt4mid-phobert,0,2026,threads,test,0
correct_prediction,,True,1480,0,caption,0,0,dt4mid-phobert,0,2026,threads,test,1
correct_prediction,,True,116,0,caption,1,1,dt4mid-phobert,1,2026,threads,test,0
false_positive,,True,6181,0,caption,0,0,dt4mid-phobert,1,2026,facebook,test,0
correct_prediction,,False,721,0,caption,0,0,dt4mid-phobert,0,2026,threads,test,0
correct_prediction,,False,5590,0,caption,0,0,dt4mid-phobert,0,2026,threads,test,0
correct_prediction,,True,5322,0,caption,1,1,dt4mid-phobert,1,2026,threads,test,1
false_positive,,False,4504,0,caption,0,0,dt4mid-phobert,1,2026,threads,test,0
correct_prediction,,False,1121,0,caption,0,0,dt4mid-phobert,0,2026,threads,test,0
correct_prediction,,False,5224,0,caption,0,0,dt4mid-phobert,0,2026,threads,test,0
correct_prediction,,True,1623,0,caption,0,0,dt4mid-phobert,0,2026,threads,test,0
correct_prediction,,False,4503,0,caption,0,0,dt4mid-phobert,0,2026,threads,test,0
correct_prediction,,True,188,0,caption,0,0,dt4mid-phobert,0,2026,threads,test,1
error_001,,True,276,0,caption,1,1,dt4mid-phobert,0,2026,threads,test,0
correct_prediction,,False,4625,0,caption,0,0,dt4mid-phobert,0,2026,threads,test,0
correct_prediction,,True,4164,0,caption,0,0,dt4mid-phobert,0,2026,threads,test,0
error_001,,True,6329,0,caption,1,1,dt4mid-phobert,0,2026,facebook,test,0
correct_prediction,,True,4964,0,caption,0,0,dt4mid-phobert,0,2026,threads,test,0
correct_prediction,,True,4669,0,caption,0,0,dt4mid-phobert,0,2026,threads,test,0
correct_prediction,,True,4201,0,caption,0,0,dt4mid-phobert,0,2026,threads,test,0
correct_prediction,,False,2830,1,caption,1,1,dt4mid-phobert,1,2026,facebook,test,1
correct_prediction,,True,1714,0,caption,1,1,dt4mid-phobert,1,2026,threads,test,0
correct_prediction,,True,209,0,caption,1,1,dt4mid-phobert,1,2026,threads,test,0
error_001,,True,4048,0,caption,1,1,dt4mid-phobert,0,2026,threads,test,0
correct_prediction,,True,6968,1,caption,1,1,dt4mid-phobert,1,2026,facebook,test,0
correct_prediction,,True,2151,1,caption,1,1,dt4mid-phobert,1,2026,facebook,test,0
correct_prediction,,True,5565,0,caption,0,0,dt4mid-phobert,0,2026,threads,test,0
correct_prediction,,False,6476,0,caption,1,1,dt4mid-phobert,1,2026,facebook,test,0
correct_prediction,,True,5666,0,caption,0,0,dt4mid-phobert,0,2026,threads,test,0
correct_prediction,,False,3827,0,caption,0,0,dt4mid-phobert,0,2026,threads,test,0
error_001,,False,1207,0,caption,1,1,dt4mid-phobert,0,2026,threads,test,0
false_positive,,True,6735,0,caption,0,0,dt4mid-phobert,1,2026,facebook,test,0
correct_prediction,,False,2077,0,caption,1,1,dt4mid-phobert,1,2026,facebook,test,1
false_positive,,True,932,0,caption,0,0,dt4mid-phobert,1,2026,threads,test,0
correct_prediction,,True,235,0,caption,0,0,dt4mid-phobert,0,2026,threads,test,0
correct_prediction,,False,593,0,caption,0,0,dt4mid-phobert,0,2026,threads,test,0
false_positive,,True,2166,0,caption,0,0,dt4mid-phobert,1,2026,facebook,test,0
correct_prediction,,True,6353,0,caption,0,0,dt4mid-phobert,0,2026,facebook,test,0
correct_prediction,,True,137,0,caption,0,0,dt4mid-phobert,0,2026,threads,test,0
correct_prediction,,False,4545,0,caption,0,0,dt4mid-phobert,0,2026,threads,test,0
correct_prediction,,False,4901,0,caption,0,0,dt4mid-phobert,0,2026,threads,test,0
correct_prediction,,True,333,0,caption,0,0,dt4mid-phobert,0,2026,threads,test,0
correct_prediction,,False,4040,0,caption,0,0,dt4mid-phobert,0,2026,threads,test,0
correct_prediction,,True,289,0,caption,0,0,dt4mid-phobert,0,2026,threads,test,0
correct_prediction,,True,361,0,caption,0,0,dt4mid-phobert,0,2026,threads,test,0
false_positive,,True,2216,0,caption,0,0,dt4mid-phobert,1,2026,facebook,test,0
correct_prediction,,True,2356,1,caption,1,1,dt4mid-phobert,1,2026,facebook,test,0
false_positive,,True,1686,0,caption,0,0,dt4mid-phobert,1,2026,threads,test,0
correct_prediction,,False,6644,0,caption,1,1,dt4mid-phobert,1,2026,facebook,test,0
false_positive,,True,2715,0,caption,0,0,dt4mid-phobert,1,2026,facebook,test,0
correct_prediction,,True,3510,0,caption,0,0,dt4mid-phobert,0,2026,threads,test,0
correct_prediction,,True,5575,0,caption,1,1,dt4mid-phobert,1,2026,threads,test,0
correct_prediction,,True,548,0,caption,0,0,dt4mid-phobert,0,2026,threads,test,0
correct_prediction,,True,427,0,caption,0,0,dt4mid-phobert,0,2026,threads,test,0
false_positive,,True,5880,0,caption,0,0,dt4mid-phobert,1,2026,facebook,test,0
correct_prediction,,False,4651,0,caption,0,0,dt4mid-phobert,0,2026,threads,test,0
correct_prediction,,True,3635,0,caption,0,0,dt4mid-phobert,0,2026,threads,test,0
correct_prediction,,False,4510,0,caption,0,0,dt4mid-phobert,0,2026,threads,test,0
correct_prediction,,True,5245,0,caption,0,0,dt4mid-phobert,0,2026,threads,test,0
correct_prediction,,False,2629,0,caption,1,1,dt4mid-phobert,1,2026,facebook,test,0
correct_prediction,,True,5061,0,caption,0,0,dt4mid-phobert,0,2026,threads,test,0
correct_prediction,,True,2280,1,caption,1,1,dt4mid-phobert,1,2026,facebook,test,0
correct_prediction,,False,6615,1,caption,1,1,dt4mid-phobert,1,2026,facebook,test,1
false_positive,,True,3850,0,caption,0,0,dt4mid-phobert,1,2026,threads,test,0
correct_prediction,,False,3533,0,caption,0,0,dt4mid-phobert,0,2026,threads,test,0
false_positive,,True,7009,0,caption,0,0,dt4mid-phobert,1,2026,facebook,test,0
false_positive,,True,5548,0,caption,0,0,dt4mid-phobert,1,2026,threads,test,0
false_positive,,True,2215,0,caption,0,0,dt4mid-phobert,1,2026,facebook,test,0
false_positive,,True,2229,0,caption,0,0,dt4mid-phobert,1,2026,facebook,test,0
correct_prediction,,False,5999,0,caption,1,1,dt4mid-phobert,1,2026,facebook,test,1
correct_prediction,,True,2947,0,caption,1,1,dt4mid-phobert,1,2026,facebook,test,0
correct_prediction,,True,4088,0,caption,0,0,dt4mid-phobert,0,2026,threads,test,0
correct_prediction,,False,1574,0,caption,0,0,dt4mid-phobert,0,2026,threads,test,0
correct_prediction,,False,2713,0,caption,1,1,dt4mid-phobert,1,2026,facebook,test,0
correct_prediction,,True,3881,0,caption,0,0,dt4mid-phobert,0,2026,threads,test,0
correct_prediction,,True,1734,0,caption,0,0,dt4mid-phobert,0,2026,threads,test,0
false_positive,,True,6961,0,caption,0,0,dt4mid-phobert,1,2026,facebook,test,0
correct_prediction,,True,4575,0,caption,0,0,dt4mid-phobert,0,2026,threads,test,0
correct_prediction,,True,1417,0,caption,0,0,dt4mid-phobert,0,2026,threads,test,0
false_positive,,True,3267,0,caption,0,0,dt4mid-phobert,1,2026,threads,test,0
correct_prediction,,False,1298,0,caption,0,0,dt4mid-phobert,0,2026,threads,test,0
correct_prediction,,True,7214,0,caption,1,1,dt4mid-phobert,1,2026,facebook,test,0
correct_prediction,,False,5140,0,caption,0,0,dt4mid-phobert,0,2026,threads,test,0
correct_prediction,,True,7215,0,caption,0,0,dt4mid-phobert,0,2026,facebook,test,0
error_001,,True,619,0,caption,1,1,dt4mid-phobert,0,2026,threads,test,0
correct_prediction,,True,2544,1,caption,1,1,dt4mid-phobert,1,2026,facebook,test,0
correct_prediction,,True,2894,0,caption,1,1,dt4mid-phobert,1,2026,facebook,test,0
correct_prediction,,True,668,0,caption,0,0,dt4mid-phobert,0,2026,threads,test,0
error_001,,True,308,0,caption,1,1,dt4mid-phobert,0,2026,threads,test,0
correct_prediction,,True,2727,1,caption,1,1,dt4mid-phobert,1,2026,facebook,test,0
false_positive,,False,1107,0,caption,0,0,dt4mid-phobert,1,2026,threads,test,1
correct_prediction,,False,834,0,caption,0,0,dt4mid-phobert,0,2026,threads,test,0
correct_prediction,,True,30,0,caption,0,0,dt4mid-phobert,0,2026,threads,test,0
false_positive,,True,2564,0,caption,0,0,dt4mid-phobert,1,2026,facebook,test,0
correct_prediction,,False,3673,0,caption,0,0,dt4mid-phobert,0,2026,threads,test,0
false_positive,,True,2048,0,caption,0,0,dt4mid-phobert,1,2026,facebook,test,0
false_positive,,True,2303,0,caption,0,0,dt4mid-phobert,1,2026,facebook,test,0
correct_prediction,,True,4498,0,caption,0,0,dt4mid-phobert,0,2026,threads,test,0
correct_prediction,,False,5995,0,caption,1,1,dt4mid-phobert,1,2026,facebook,test,0
correct_prediction,,True,1464,0,caption,0,0,dt4mid-phobert,0,2026,threads,test,0
correct_prediction,,False,2831,0,caption,1,1,dt4mid-phobert,1,2026,facebook,test,1
correct_prediction,,True,147,0,caption,0,0,dt4mid-phobert,0,2026,threads,test,0
correct_prediction,,True,6310,1,caption,1,1,dt4mid-phobert,1,2026,facebook,test,0
correct_prediction,,True,7328,0,caption,1,1,dt4mid-phobert,1,2026,facebook,test,0
false_positive,,False,2818,0,caption,0,0,dt4mid-phobert,1,2026,facebook,test,0
false_positive,,True,5703,0,caption,0,0,dt4mid-phobert,1,2026,facebook,test,0
correct_prediction,,True,691,0,caption,1,1,dt4mid-phobert,1,2026,threads,test,1
correct_prediction,,False,817,0,caption,0,0,dt4mid-phobert,0,2026,threads,test,0
correct_prediction,,False,3622,0,caption,0,0,dt4mid-phobert,0,2026,threads,test,0
correct_prediction,,False,5024,0,caption,0,0,dt4mid-phobert,0,2026,threads,test,0
correct_prediction,,False,2203,0,caption,1,1,dt4mid-phobert,1,2026,facebook,test,0
correct_prediction,,False,6536,0,caption,1,1,dt4mid-phobert,1,2026,facebook,test,0
correct_prediction,,False,204,0,caption,0,0,dt4mid-phobert,0,2026,threads,test,1
error_001,,True,491,0,caption,1,1,dt4mid-phobert,0,2026,threads,test,0
false_positive,,False,1960,0,caption,0,0,dt4mid-phobert,1,2026,facebook,test,0
correct_prediction,,False,718,0,caption,0,0,dt4mid-phobert,0,2026,threads,test,0
false_positive,,True,6394,0,caption,0,0,dt4mid-phobert,1,2026,facebook,test,0
error_001,,False,53,0,caption,1,1,dt4mid-phobert,0,2026,threads,test,0
false_positive,,False,2787,0,caption,0,0,dt4mid-phobert,1,2026,facebook,test,0
correct_prediction,,True,5089,0,caption,0,0,dt4mid-phobert,0,2026,threads,test,0
correct_prediction,,True,2882,0,caption,1,1,dt4mid-phobert,1,2026,facebook,test,1
correct_prediction,,True,1789,0,caption,0,0,dt4mid-phobert,0,2026,threads,test,1
error_001,,False,6978,0,caption,1,1,dt4mid-phobert,0,2026,facebook,test,0
correct_prediction,,True,6577,0,caption,1,1,dt4mid-phobert,1,2026,facebook,test,0
correct_prediction,,True,3769,0,caption,0,0,dt4mid-phobert,0,2026,threads,test,0
correct_prediction,,False,335,0,caption,0,0,dt4mid-phobert,0,2026,threads,test,0
correct_prediction,,True,5219,0,caption,0,0,dt4mid-phobert,0,2026,threads,test,0
false_positive,,True,7086,0,caption,0,0,dt4mid-phobert,1,2026,facebook,test,0
error_001,,True,3896,0,caption,1,1,dt4mid-phobert,0,2026,threads,test,0
correct_prediction,,False,1930,0,caption,1,1,dt4mid-phobert,1,2026,facebook,test,1
false_positive,,True,2590,0,caption,0,0,dt4mid-phobert,1,2026,facebook,test,0
correct_prediction,,True,7049,0,caption,0,0,dt4mid-phobert,0,2026,facebook,test,0
correct_prediction,,False,2805,0,caption,1,1,dt4mid-phobert,1,2026,facebook,test,0
correct_prediction,,True,3496,0,caption,0,0,dt4mid-phobert,0,2026,threads,test,0
correct_prediction,,True,2367,1,caption,1,1,dt4mid-phobert,1,2026,facebook,test,0
error_001,,True,3746,0,caption,1,1,dt4mid-phobert,0,2026,threads,test,0
correct_prediction,,True,6337,0,caption,0,0,dt4mid-phobert,0,2026,facebook,test,0
error_001,,True,4887,0,caption,1,1,dt4mid-phobert,0,2026,threads,test,0
correct_prediction,,True,2585,1,caption,1,1,dt4mid-phobert,1,2026,facebook,test,0
correct_prediction,,True,2288,1,caption,1,1,dt4mid-phobert,1,2026,facebook,test,0
false_positive,,True,2134,0,caption,0,0,dt4mid-phobert,1,2026,facebook,test,0
correct_prediction,,False,3685,0,caption,0,0,dt4mid-phobert,0,2026,threads,test,0
correct_prediction,,False,5736,0,caption,1,1,dt4mid-phobert,1,2026,facebook,test,0
correct_prediction,,True,3225,0,caption,0,0,dt4mid-phobert,0,2026,threads,test,0
correct_prediction,,True,5074,0,caption,0,0,dt4mid-phobert,0,2026,threads,test,0
correct_prediction,,True,3866,0,caption,0,0,dt4mid-phobert,0,2026,threads,test,0
correct_prediction,,True,2695,0,caption,1,1,dt4mid-phobert,1,2026,facebook,test,1
false_positive,,True,3968,0,caption,0,0,dt4mid-phobert,1,2026,threads,test,0
correct_prediction,,True,6957,1,caption,1,1,dt4mid-phobert,1,2026,facebook,test,0
correct_prediction,,False,4720,0,caption,0,0,dt4mid-phobert,0,2026,threads,test,0
correct_prediction,,False,3713,0,caption,0,0,dt4mid-phobert,0,2026,threads,test,0
false_positive,,False,1809,0,caption,0,0,dt4mid-phobert,1,2026,threads,test,0
correct_prediction,,True,3043,0,caption,1,1,dt4mid-phobert,1,2026,facebook,test,1
correct_prediction,,False,6942,0,caption,1,1,dt4mid-phobert,1,2026,facebook,test,1
false_positive,,True,3678,0,caption,0,0,dt4mid-phobert,1,2026,threads,test,0
correct_prediction,,True,7289,1,caption,1,1,dt4mid-phobert,1,2026,facebook,test,0
false_positive,,False,1974,0,caption,0,0,dt4mid-phobert,1,2026,facebook,test,0
correct_prediction,,False,4805,0,caption,0,0,dt4mid-phobert,0,2026,threads,test,0
correct_prediction,,True,3940,0,caption,1,1,dt4mid-phobert,1,2026,threads,test,1
correct_prediction,,True,4026,0,caption,0,0,dt4mid-phobert,0,2026,threads,test,1
false_positive,,True,557,0,caption,0,0,dt4mid-phobert,1,2026,threads,test,0
correct_prediction,,True,7287,0,caption,1,1,dt4mid-phobert,1,2026,facebook,test,1
error_001,,True,2187,0,caption,1,1,dt4mid-phobert,0,2026,facebook,test,0
error_001,,True,1647,0,caption,1,1,dt4mid-phobert,0,2026,threads,test,0
correct_prediction,,True,6436,0,caption,1,1,dt4mid-phobert,1,2026,facebook,test,0
correct_prediction,,True,4220,0,caption,0,0,dt4mid-phobert,0,2026,threads,test,0
correct_prediction,,False,138,0,caption,0,0,dt4mid-phobert,0,2026,threads,test,0
correct_prediction,,True,2639,0,caption,1,1,dt4mid-phobert,1,2026,facebook,test,0
correct_prediction,,False,4705,0,caption,0,0,dt4mid-phobert,0,2026,threads,test,0
false_positive,,True,3475,0,caption,0,0,dt4mid-phobert,1,2026,threads,test,0
correct_prediction,,True,1056,0,caption,0,0,dt4mid-phobert,0,2026,threads,test,0
error_001,,True,1453,0,caption,1,1,dt4mid-phobert,0,2026,threads,test,0
correct_prediction,,True,5220,0,caption,1,1,dt4mid-phobert,1,2026,threads,test,0
error_001,,False,6847,0,caption,1,1,dt4mid-phobert,0,2026,facebook,test,0
correct_prediction,,False,3219,0,caption,0,0,dt4mid-phobert,0,2026,threads,test,0
correct_prediction,,True,1040,0,caption,0,0,dt4mid-phobert,0,2026,threads,test,0
correct_prediction,,True,1271,0,caption,0,0,dt4mid-phobert,0,2026,threads,test,0
correct_prediction,,True,2870,0,caption,1,1,dt4mid-phobert,1,2026,facebook,test,1
correct_prediction,,True,4764,0,caption,0,0,dt4mid-phobert,0,2026,threads,test,0
correct_prediction,,False,4635,0,caption,0,0,dt4mid-phobert,0,2026,threads,test,0
correct_prediction,,True,4713,0,caption,0,0,dt4mid-phobert,0,2026,threads,test,0
correct_prediction,,True,4718,0,caption,0,0,dt4mid-phobert,0,2026,threads,test,0
correct_prediction,,True,5865,1,caption,1,1,dt4mid-phobert,1,2026,facebook,test,0
correct_prediction,,False,5047,0,caption,0,0,dt4mid-phobert,0,2026,threads,test,0
correct_prediction,,True,2358,0,caption,1,1,dt4mid-phobert,1,2026,facebook,test,0
correct_prediction,,True,2093,0,caption,0,0,dt4mid-phobert,0,2026,facebook,test,0
correct_prediction,,False,5077,0,caption,0,0,dt4mid-phobert,0,2026,threads,test,0
error_001,,False,3731,0,caption,1,1,dt4mid-phobert,0,2026,threads,test,0
correct_prediction,,False,3788,0,caption,0,0,dt4mid-phobert,0,2026,threads,test,0
correct_prediction,,True,4435,0,caption,0,0,dt4mid-phobert,0,2026,threads,test,0
false_positive,,True,3079,0,caption,0,0,dt4mid-phobert,1,2026,facebook,test,0
correct_prediction,,True,5515,0,caption,0,0,dt4mid-phobert,0,2026,threads,test,0
correct_prediction,,True,5562,0,caption,0,0,dt4mid-phobert,0,2026,threads,test,0
correct_prediction,,True,7331,0,caption,0,0,dt4mid-phobert,0,2026,facebook,test,0
correct_prediction,,False,6680,0,caption,1,1,dt4mid-phobert,1,2026,facebook,test,0
correct_prediction,,False,7141,0,caption,1,1,dt4mid-phobert,1,2026,facebook,test,0
false_positive,,True,7295,0,caption,0,0,dt4mid-phobert,1,2026,facebook,test,0
false_positive,,True,7100,0,caption,0,0,dt4mid-phobert,1,2026,facebook,test,0
correct_prediction,,True,902,0,caption,1,1,dt4mid-phobert,1,2026,threads,test,1
correct_prediction,,True,4456,0,caption,0,0,dt4mid-phobert,0,2026,threads,test,0
correct_prediction,,False,1369,0,caption,0,0,dt4mid-phobert,0,2026,threads,test,0
false_positive,,True,3015,0,caption,0,0,dt4mid-phobert,1,2026,facebook,test,1
correct_prediction,,True,5378,0,caption,0,0,dt4mid-phobert,0,2026,threads,test,0
correct_prediction,,True,2763,0,caption,0,0,dt4mid-phobert,0,2026,facebook,test,0
correct_prediction,,False,6360,0,caption,0,0,dt4mid-phobert,0,2026,facebook,test,0
correct_prediction,,True,3117,0,caption,0,0,dt4mid-phobert,0,2026,threads,test,0
error_001,,True,6106,0,caption,1,1,dt4mid-phobert,0,2026,facebook,test,0
correct_prediction,,True,2521,0,caption,1,1,dt4mid-phobert,1,2026,facebook,test,0
correct_prediction,,True,990,0,caption,0,0,dt4mid-phobert,0,2026,threads,test,0
correct_prediction,,False,1503,0,caption,0,0,dt4mid-phobert,0,2026,threads,test,0
false_positive,,True,1490,0,caption,0,0,dt4mid-phobert,1,2026,threads,test,0
correct_prediction,,False,3623,0,caption,0,0,dt4mid-phobert,0,2026,threads,test,0
correct_prediction,,True,987,1,caption,1,1,dt4mid-phobert,1,2026,threads,test,1
correct_prediction,,True,4401,0,caption,0,0,dt4mid-phobert,0,2026,threads,test,0
correct_prediction,,False,6855,0,caption,1,1,dt4mid-phobert,1,2026,facebook,test,0
correct_prediction,,True,6049,0,caption,0,0,dt4mid-phobert,0,2026,facebook,test,0
correct_prediction,,False,812,0,caption,0,0,dt4mid-phobert,0,2026,threads,test,0
correct_prediction,,False,4267,0,caption,0,0,dt4mid-phobert,0,2026,threads,test,0
correct_prediction,,True,4197,0,caption,0,0,dt4mid-phobert,0,2026,threads,test,1
false_positive,,True,2296,0,caption,0,0,dt4mid-phobert,1,2026,facebook,test,0
correct_prediction,,True,6594,0,caption,1,1,dt4mid-phobert,1,2026,facebook,test,0
false_positive,,True,5139,0,caption,0,0,dt4mid-phobert,1,2026,threads,test,0
correct_prediction,,True,3289,0,caption,0,0,dt4mid-phobert,0,2026,threads,test,0
error_001,,True,1624,0,caption,1,1,dt4mid-phobert,0,2026,threads,test,0
correct_prediction,,False,3952,0,caption,0,0,dt4mid-phobert,0,2026,threads,test,1
false_positive,,True,6060,0,caption,0,0,dt4mid-phobert,1,2026,facebook,test,0
error_001,,False,3824,0,caption,1,1,dt4mid-phobert,0,2026,threads,test,0
correct_prediction,,True,5482,0,caption,0,0,dt4mid-phobert,0,2026,threads,test,0
correct_prediction,,False,5568,0,caption,0,0,dt4mid-phobert,0,2026,threads,test,0
false_positive,,True,3913,0,caption,0,0,dt4mid-phobert,1,2026,threads,test,0
correct_prediction,,True,7004,0,caption,1,1,dt4mid-phobert,1,2026,facebook,test,0
correct_prediction,,False,6664,0,caption,1,1,dt4mid-phobert,1,2026,facebook,test,1
correct_prediction,,False,4871,0,caption,0,0,dt4mid-phobert,0,2026,threads,test,0
correct_prediction,,True,3960,0,caption,0,0,dt4mid-phobert,0,2026,threads,test,0
error_001,,False,4500,0,caption,1,1,dt4mid-phobert,0,2026,threads,test,0
correct_prediction,,True,1688,0,caption,0,0,dt4mid-phobert,0,2026,threads,test,0
correct_prediction,,False,7092,0,caption,1,1,dt4mid-phobert,1,2026,facebook,test,0
correct_prediction,,True,3491,0,caption,0,0,dt4mid-phobert,0,2026,threads,test,0
correct_prediction,,False,5564,0,caption,0,0,dt4mid-phobert,0,2026,threads,test,0
false_positive,,True,7220,1,caption,0,0,dt4mid-phobert,1,2026,facebook,test,0
false_positive,,True,6151,0,caption,0,0,dt4mid-phobert,1,2026,facebook,test,0
correct_prediction,,True,2470,1,caption,1,1,dt4mid-phobert,1,2026,facebook,test,0
correct_prediction,,True,1964,0,caption,0,0,dt4mid-phobert,0,2026,facebook,test,0
correct_prediction,,True,2382,1,caption,1,1,dt4mid-phobert,1,2026,facebook,test,0
correct_prediction,,True,4272,0,caption,0,0,dt4mid-phobert,0,2026,threads,test,0
correct_prediction,,False,1867,0,caption,1,1,dt4mid-phobert,1,2026,facebook,test,0
correct_prediction,,True,5421,0,caption,0,0,dt4mid-phobert,0,2026,threads,test,0
correct_prediction,,True,4755,0,caption,0,0,dt4mid-phobert,0,2026,threads,test,0
correct_prediction,,False,6523,0,caption,1,1,dt4mid-phobert,1,2026,facebook,test,1
correct_prediction,,False,826,0,caption,0,0,dt4mid-phobert,0,2026,threads,test,1
false_positive,,True,3167,0,caption,0,0,dt4mid-phobert,1,2026,threads,test,0
error_001,,False,1463,0,caption,1,1,dt4mid-phobert,0,2026,threads,test,0
correct_prediction,,False,6823,0,caption,1,1,dt4mid-phobert,1,2026,facebook,test,0
correct_prediction,,True,4355,0,caption,1,1,dt4mid-phobert,1,2026,threads,test,0
correct_prediction,,True,1906,0,caption,1,1,dt4mid-phobert,1,2026,facebook,test,0
correct_prediction,,True,4344,0,caption,0,0,dt4mid-phobert,0,2026,threads,test,0
error_001,,True,5788,0,caption,1,1,dt4mid-phobert,0,2026,facebook,test,0
correct_prediction,,True,3159,0,caption,0,0,dt4mid-phobert,0,2026,threads,test,0
correct_prediction,,True,4902,0,caption,0,0,dt4mid-phobert,0,2026,threads,test,0
correct_prediction,,True,144,0,caption,1,1,dt4mid-phobert,1,2026,threads,test,1
false_positive,,True,6761,0,caption,0,0,dt4mid-phobert,1,2026,facebook,test,1
false_positive,,True,805,0,caption,0,0,dt4mid-phobert,1,2026,threads,test,0
correct_prediction,,True,7186,0,caption,1,1,dt4mid-phobert,1,2026,facebook,test,0
correct_prediction,,True,3182,0,caption,0,0,dt4mid-phobert,0,2026,threads,test,0
correct_prediction,,True,1303,1,caption,1,1,dt4mid-phobert,1,2026,threads,test,0
correct_prediction,,False,4092,0,caption,0,0,dt4mid-phobert,0,2026,threads,test,0
correct_prediction,,False,5450,0,caption,0,0,dt4mid-phobert,0,2026,threads,test,0
correct_prediction,,False,3378,0,caption,0,0,dt4mid-phobert,0,2026,threads,test,0
correct_prediction,,False,6551,0,caption,1,1,dt4mid-phobert,1,2026,facebook,test,0
correct_prediction,,True,3487,0,caption,1,1,dt4mid-phobert,1,2026,threads,test,0
correct_prediction,,True,2049,0,caption,1,1,dt4mid-phobert,1,2026,facebook,test,0
correct_prediction,,True,3667,0,caption,0,0,dt4mid-phobert,0,2026,threads,test,0
correct_prediction,,True,5702,0,caption,1,1,dt4mid-phobert,1,2026,facebook,test,1
correct_prediction,,True,3969,0,caption,0,0,dt4mid-phobert,0,2026,threads,test,0
correct_prediction,,True,478,0,caption,0,0,dt4mid-phobert,0,2026,threads,test,1
false_positive,,True,5816,0,caption,0,0,dt4mid-phobert,1,2026,facebook,test,0
correct_prediction,,True,1043,0,caption,0,0,dt4mid-phobert,0,2026,threads,test,0
correct_prediction,,True,6451,1,caption,1,1,dt4mid-phobert,1,2026,facebook,test,0
correct_prediction,,True,2990,0,caption,0,0,dt4mid-phobert,0,2026,facebook,test,0
correct_prediction,,False,5193,0,caption,0,0,dt4mid-phobert,0,2026,threads,test,0
correct_prediction,,True,6509,1,caption,1,1,dt4mid-phobert,1,2026,facebook,test,0
false_positive,,True,7159,0,caption,0,0,dt4mid-phobert,1,2026,facebook,test,0
correct_prediction,,True,6556,0,caption,0,0,dt4mid-phobert,0,2026,facebook,test,0
correct_prediction,,False,4752,0,caption,0,0,dt4mid-phobert,0,2026,threads,test,0
correct_prediction,,True,7277,1,caption,1,1,dt4mid-phobert,1,2026,facebook,test,0
correct_prediction,,False,6546,0,caption,1,1,dt4mid-phobert,1,2026,facebook,test,1
correct_prediction,,False,6960,0,caption,1,1,dt4mid-phobert,1,2026,facebook,test,0
correct_prediction,,True,3837,0,caption,1,1,dt4mid-phobert,1,2026,threads,test,1
correct_prediction,,False,4514,0,caption,0,0,dt4mid-phobert,0,2026,threads,test,0
false_positive,,False,5281,0,caption,0,0,dt4mid-phobert,1,2026,threads,test,0
correct_prediction,,False,555,0,caption,0,0,dt4mid-phobert,0,2026,threads,test,0
correct_prediction,,True,7074,1,caption,1,1,dt4mid-phobert,1,2026,facebook,test,0
correct_prediction,,False,4038,0,caption,0,0,dt4mid-phobert,0,2026,threads,test,0
error_001,,False,5054,0,caption,1,1,dt4mid-phobert,0,2026,threads,test,0
correct_prediction,,True,6051,0,caption,0,0,dt4mid-phobert,0,2026,facebook,test,0
correct_prediction,,True,6443,0,caption,0,0,dt4mid-phobert,0,2026,facebook,test,0
correct_prediction,,True,6603,1,caption,1,1,dt4mid-phobert,1,2026,facebook,test,0
correct_prediction,,False,5760,0,caption,1,1,dt4mid-phobert,1,2026,facebook,test,0
correct_prediction,,True,2538,1,caption,1,1,dt4mid-phobert,1,2026,facebook,test,0
correct_prediction,,True,3665,0,caption,0,0,dt4mid-phobert,0,2026,threads,test,0
correct_prediction,,True,2529,1,caption,1,1,dt4mid-phobert,1,2026,facebook,test,0
correct_prediction,,False,4427,0,caption,0,0,dt4mid-phobert,0,2026,threads,test,0
error_001,,False,1432,0,caption,1,1,dt4mid-phobert,0,2026,threads,test,0
correct_prediction,,False,127,0,caption,0,0,dt4mid-phobert,0,2026,threads,test,0
correct_prediction,,True,2469,1,caption,1,1,dt4mid-phobert,1,2026,facebook,test,0
correct_prediction,,True,101,0,caption,1,1,dt4mid-phobert,1,2026,threads,test,1
correct_prediction,,True,4199,0,caption,0,0,dt4mid-phobert,0,2026,threads,test,0
correct_prediction,,True,6899,1,caption,1,1,dt4mid-phobert,1,2026,facebook,test,0
correct_prediction,,True,523,0,caption,0,0,dt4mid-phobert,0,2026,threads,test,0
correct_prediction,,True,4642,0,caption,0,0,dt4mid-phobert,0,2026,threads,test,0
correct_prediction,,True,3187,0,caption,0,0,dt4mid-phobert,0,2026,threads,test,0
correct_prediction,,True,1354,0,caption,0,0,dt4mid-phobert,0,2026,threads,test,0
correct_prediction,,True,383,1,caption,0,0,dt4mid-phobert,0,2026,threads,test,0
false_positive,,True,313,0,caption,0,0,dt4mid-phobert,1,2026,threads,test,0
error_001,,False,6790,0,caption,1,1,dt4mid-phobert,0,2026,facebook,test,0
false_positive,,True,5964,0,caption,0,0,dt4mid-phobert,1,2026,facebook,test,0
error_001,,True,2999,0,caption,1,1,dt4mid-phobert,0,2026,facebook,test,0
correct_prediction,,False,4614,0,caption,1,1,dt4mid-phobert,1,2026,threads,test,0
correct_prediction,,False,4360,0,caption,0,0,dt4mid-phobert,0,2026,threads,test,0
correct_prediction,,False,3994,0,caption,0,0,dt4mid-phobert,0,2026,threads,test,0
correct_prediction,,True,7254,0,caption,1,1,dt4mid-phobert,1,2026,facebook,test,0
error_001,,False,3513,0,caption,1,1,dt4mid-phobert,0,2026,threads,test,0
correct_prediction,,False,1479,0,caption,1,1,dt4mid-phobert,1,2026,threads,test,0
correct_prediction,,False,4739,0,caption,0,0,dt4mid-phobert,0,2026,threads,test,0
correct_prediction,,True,5826,1,caption,1,1,dt4mid-phobert,1,2026,facebook,test,0
error_001,,True,1802,0,caption,1,1,dt4mid-phobert,0,2026,threads,test,0
correct_prediction,,False,796,0,caption,0,0,dt4mid-phobert,0,2026,threads,test,0
false_positive,,False,6155,0,caption,0,0,dt4mid-phobert,1,2026,facebook,test,0
correct_prediction,,True,1808,0,caption,0,0,dt4mid-phobert,0,2026,threads,test,0
false_positive,,True,7291,0,caption,0,0,dt4mid-phobert,1,2026,facebook,test,0
false_positive,,True,6086,0,caption,0,0,dt4mid-phobert,1,2026,facebook,test,0
error_001,,False,521,0,caption,1,1,dt4mid-phobert,0,2026,threads,test,0
correct_prediction,,True,4451,0,caption,0,0,dt4mid-phobert,0,2026,threads,test,0
correct_prediction,,True,6044,1,caption,1,1,dt4mid-phobert,1,2026,facebook,test,0
false_positive,,True,644,0,caption,0,0,dt4mid-phobert,1,2026,threads,test,0
false_positive,,True,4463,0,caption,0,0,dt4mid-phobert,1,2026,threads,test,0
correct_prediction,,True,3956,0,caption,0,0,dt4mid-phobert,0,2026,threads,test,0
correct_prediction,,True,1778,0,caption,0,0,dt4mid-phobert,0,2026,threads,test,0
false_positive,,True,6217,0,caption,0,0,dt4mid-phobert,1,2026,facebook,test,0
correct_prediction,,True,2426,1,caption,1,1,dt4mid-phobert,1,2026,facebook,test,0
correct_prediction,,True,3497,0,caption,0,0,dt4mid-phobert,0,2026,threads,test,1
correct_prediction,,True,2376,1,caption,1,1,dt4mid-phobert,1,2026,facebook,test,0
correct_prediction,,False,2057,0,caption,1,1,dt4mid-phobert,1,2026,facebook,test,0
correct_prediction,,False,2567,0,caption,1,1,dt4mid-phobert,1,2026,facebook,test,0
correct_prediction,,True,6517,0,caption,1,1,dt4mid-phobert,1,2026,facebook,test,0
correct_prediction,,False,4432,0,caption,1,1,dt4mid-phobert,1,2026,threads,test,1
correct_prediction,,True,2622,0,caption,1,1,dt4mid-phobert,1,2026,facebook,test,0
false_positive,,False,5824,0,caption,0,0,dt4mid-phobert,1,2026,facebook,test,0
error_001,,False,7239,0,caption,1,1,dt4mid-phobert,0,2026,facebook,test,0
false_positive,,True,4034,0,caption,0,0,dt4mid-phobert,1,2026,threads,test,0
error_001,,False,892,0,caption,1,1,dt4mid-phobert,0,2026,threads,test,0
error_001,,True,502,0,caption,1,1,dt4mid-phobert,0,2026,threads,test,0
error_001,,True,297,0,caption,1,1,dt4mid-phobert,0,2026,threads,test,0
error_001,,True,258,0,caption,1,1,dt4mid-phobert,0,2026,threads,test,0
correct_prediction,,False,4889,0,caption,0,0,dt4mid-phobert,0,2026,threads,test,0
correct_prediction,,True,3930,0,caption,0,0,dt4mid-phobert,0,2026,threads,test,0
correct_prediction,,True,5728,0,caption,1,1,dt4mid-phobert,1,2026,facebook,test,0
error_001,,True,4675,0,caption,1,1,dt4mid-phobert,0,2026,threads,test,0
correct_prediction,,True,6359,0,caption,0,0,dt4mid-phobert,0,2026,facebook,test,0
correct_prediction,,True,4492,0,caption,0,0,dt4mid-phobert,0,2026,threads,test,0
correct_prediction,,False,5272,0,caption,0,0,dt4mid-phobert,0,2026,threads,test,0
correct_prediction,,False,6574,0,caption,1,1,dt4mid-phobert,1,2026,facebook,test,0
correct_prediction,,False,6427,0,caption,1,1,dt4mid-phobert,1,2026,facebook,test,0
correct_prediction,,True,2327,0,caption,0,0,dt4mid-phobert,0,2026,facebook,test,0
correct_prediction,,False,5249,0,caption,0,0,dt4mid-phobert,0,2026,threads,test,0
correct_prediction,,False,5361,0,caption,0,0,dt4mid-phobert,0,2026,threads,test,0
correct_prediction,,True,2952,0,caption,1,1,dt4mid-phobert,1,2026,facebook,test,1
correct_prediction,,False,2053,0,caption,1,1,dt4mid-phobert,1,2026,facebook,test,0
correct_prediction,,False,1020,0,caption,0,0,dt4mid-phobert,0,2026,threads,test,0
correct_prediction,,True,1604,0,caption,0,0,dt4mid-phobert,0,2026,threads,test,0
correct_prediction,,True,2832,0,caption,0,0,dt4mid-phobert,0,2026,facebook,test,1
correct_prediction,,True,5579,0,caption,0,0,dt4mid-phobert,0,2026,threads,test,0
false_positive,,False,1977,0,caption,0,0,dt4mid-phobert,1,2026,facebook,test,0
correct_prediction,,True,4790,0,caption,0,0,dt4mid-phobert,0,2026,threads,test,0
correct_prediction,,True,2839,0,caption,1,1,dt4mid-phobert,1,2026,facebook,test,0
correct_prediction,,False,4604,0,caption,0,0,dt4mid-phobert,0,2026,threads,test,0
correct_prediction,,True,490,0,caption,0,0,dt4mid-phobert,0,2026,threads,test,0
false_positive,,False,4900,0,caption,0,0,dt4mid-phobert,1,2026,threads,test,0
correct_prediction,,False,1206,0,caption,0,0,dt4mid-phobert,0,2026,threads,test,0
correct_prediction,,False,6919,0,caption,1,1,dt4mid-phobert,1,2026,facebook,test,0
correct_prediction,,False,5013,0,caption,0,0,dt4mid-phobert,0,2026,threads,test,0
correct_prediction,,True,7127,0,caption,0,0,dt4mid-phobert,0,2026,facebook,test,0
correct_prediction,,True,5130,0,caption,0,0,dt4mid-phobert,0,2026,threads,test,0
false_positive,,True,6450,0,caption,0,0,dt4mid-phobert,1,2026,facebook,test,0
correct_prediction,,True,3230,0,caption,0,0,dt4mid-phobert,0,2026,threads,test,0
correct_prediction,,True,4827,0,caption,0,0,dt4mid-phobert,0,2026,threads,test,0
correct_prediction,,True,1022,0,caption,0,0,dt4mid-phobert,0,2026,threads,test,0
correct_prediction,,False,5302,0,caption,0,0,dt4mid-phobert,0,2026,threads,test,0
correct_prediction,,True,3645,0,caption,0,0,dt4mid-phobert,0,2026,threads,test,0
correct_prediction,,True,1037,0,caption,0,0,dt4mid-phobert,0,2026,threads,test,1
correct_prediction,,True,6000,0,caption,1,1,dt4mid-phobert,1,2026,facebook,test,0
correct_prediction,,True,3179,0,caption,0,0,dt4mid-phobert,0,2026,threads,test,0
correct_prediction,,True,4101,1,caption,1,1,dt4mid-phobert,1,2026,threads,test,0
error_001,,True,618,0,caption,1,1,dt4mid-phobert,0,2026,threads,test,0
correct_prediction,,True,1671,0,caption,1,1,dt4mid-phobert,1,2026,threads,test,1
false_positive,,True,4369,0,caption,0,0,dt4mid-phobert,1,2026,threads,test,0
correct_prediction,,True,2428,0,caption,0,0,dt4mid-phobert,0,2026,facebook,test,0
correct_prediction,,True,4304,0,caption,0,0,dt4mid-phobert,0,2026,threads,test,0
correct_prediction,,True,2113,0,caption,1,1,dt4mid-phobert,1,2026,facebook,test,0
correct_prediction,,False,2724,0,caption,1,1,dt4mid-phobert,1,2026,facebook,test,1
correct_prediction,,False,5930,0,caption,1,1,dt4mid-phobert,1,2026,facebook,test,0
correct_prediction,,False,5205,0,caption,0,0,dt4mid-phobert,0,2026,threads,test,0
correct_prediction,,True,411,0,caption,1,1,dt4mid-phobert,1,2026,threads,test,1
correct_prediction,,False,743,0,caption,0,0,dt4mid-phobert,0,2026,threads,test,0
correct_prediction,,True,2558,1,caption,1,1,dt4mid-phobert,1,2026,facebook,test,0
correct_prediction,,False,426,0,caption,0,0,dt4mid-phobert,0,2026,threads,test,0
correct_prediction,,True,7221,0,caption,1,1,dt4mid-phobert,1,2026,facebook,test,0
correct_prediction,,True,4744,0,caption,0,0,dt4mid-phobert,0,2026,threads,test,0
correct_prediction,,True,7014,1,caption,1,1,dt4mid-phobert,1,2026,facebook,test,0
error_001,,True,6677,0,caption,1,1,dt4mid-phobert,0,2026,facebook,test,0
correct_prediction,,False,5282,0,caption,0,0,dt4mid-phobert,0,2026,threads,test,0
correct_prediction,,True,6037,1,caption,1,1,dt4mid-phobert,1,2026,facebook,test,0
correct_prediction,,True,4241,0,caption,0,0,dt4mid-phobert,0,2026,threads,test,0
correct_prediction,,False,16,0,caption,0,0,dt4mid-phobert,0,2026,threads,test,0
correct_prediction,,True,256,0,caption,0,0,dt4mid-phobert,0,2026,threads,test,1
correct_prediction,,True,6856,1,caption,0,0,dt4mid-phobert,0,2026,facebook,test,0
correct_prediction,,True,4132,0,caption,0,0,dt4mid-phobert,0,2026,threads,test,0
correct_prediction,,True,3518,0,caption,0,0,dt4mid-phobert,0,2026,threads,test,0
correct_prediction,,False,1348,0,caption,0,0,dt4mid-phobert,0,2026,threads,test,0
correct_prediction,,True,4057,0,caption,0,0,dt4mid-phobert,0,2026,threads,test,0
correct_prediction,,False,2729,0,caption,1,1,dt4mid-phobert,1,2026,facebook,test,0
false_positive,,True,3110,0,caption,0,0,dt4mid-phobert,1,2026,threads,test,0
correct_prediction,,False,1217,0,caption,0,0,dt4mid-phobert,0,2026,threads,test,0
correct_prediction,,False,5119,0,caption,0,0,dt4mid-phobert,0,2026,threads,test,0
false_positive,,True,4123,0,caption,0,0,dt4mid-phobert,1,2026,threads,test,0
correct_prediction,,True,3371,0,caption,0,0,dt4mid-phobert,0,2026,threads,test,0
correct_prediction,,False,4607,0,caption,0,0,dt4mid-phobert,0,2026,threads,test,0
correct_prediction,,True,6410,0,caption,1,1,dt4mid-phobert,1,2026,facebook,test,0
false_positive,,True,2435,1,caption,0,0,dt4mid-phobert,1,2026,facebook,test,0
correct_prediction,,True,5547,0,caption,0,0,dt4mid-phobert,0,2026,threads,test,0
correct_prediction,,True,1901,0,caption,1,1,dt4mid-phobert,1,2026,facebook,test,1
error_001,,True,4258,0,caption,1,1,dt4mid-phobert,0,2026,threads,test,0
correct_prediction,,True,6271,0,caption,1,1,dt4mid-phobert,1,2026,facebook,test,1
correct_prediction,,True,6067,0,caption,0,0,dt4mid-phobert,0,2026,facebook,test,0
correct_prediction,,True,406,0,caption,0,0,dt4mid-phobert,0,2026,threads,test,0
error_001,,True,3143,0,caption,1,1,dt4mid-phobert,0,2026,threads,test,0
correct_prediction,,True,2992,0,caption,0,0,dt4mid-phobert,0,2026,facebook,test,1
correct_prediction,,False,2792,0,caption,1,1,dt4mid-phobert,1,2026,facebook,test,0
correct_prediction,,True,4507,0,caption,0,0,dt4mid-phobert,0,2026,threads,test,0
error_001,,True,2308,0,caption,1,1,dt4mid-phobert,0,2026,facebook,test,0
correct_prediction,,True,1248,0,caption,0,0,dt4mid-phobert,0,2026,threads,test,0
correct_prediction,,True,5925,0,caption,1,1,dt4mid-phobert,1,2026,facebook,test,0
correct_prediction,,True,1397,0,caption,0,0,dt4mid-phobert,0,2026,threads,test,0
correct_prediction,,False,4052,0,caption,0,0,dt4mid-phobert,0,2026,threads,test,0
false_positive,,False,665,0,caption,0,0,dt4mid-phobert,1,2026,threads,test,0
correct_prediction,,True,462,0,caption,0,0,dt4mid-phobert,0,2026,threads,test,0
correct_prediction,,True,2337,1,caption,1,1,dt4mid-phobert,1,2026,facebook,test,0
error_001,,True,3260,0,caption,1,1,dt4mid-phobert,0,2026,threads,test,0
correct_prediction,,False,5255,0,caption,0,0,dt4mid-phobert,0,2026,threads,test,0
false_positive,,False,3503,0,caption,0,0,dt4mid-phobert,1,2026,threads,test,0
correct_prediction,,False,2054,0,caption,1,1,dt4mid-phobert,1,2026,facebook,test,1
error_001,,False,3209,0,caption,1,1,dt4mid-phobert,0,2026,threads,test,0
correct_prediction,,False,3099,0,caption,0,0,dt4mid-phobert,0,2026,facebook,test,1
false_positive,,True,7058,0,caption,0,0,dt4mid-phobert,1,2026,facebook,test,0
correct_prediction,,True,6116,1,caption,1,1,dt4mid-phobert,1,2026,facebook,test,0
correct_prediction,,False,4698,0,caption,0,0,dt4mid-phobert,0,2026,threads,test,0
correct_prediction,,True,1079,0,caption,0,0,dt4mid-phobert,0,2026,threads,test,0
correct_prediction,,True,4362,1,caption,1,1,dt4mid-phobert,1,2026,threads,test,0
false_positive,,True,2338,1,caption,0,0,dt4mid-phobert,1,2026,facebook,test,0
correct_prediction,,True,7314,0,caption,1,1,dt4mid-phobert,1,2026,facebook,test,1
correct_prediction,,False,629,0,caption,0,0,dt4mid-phobert,0,2026,threads,test,0
error_001,,True,3883,0,caption,1,1,dt4mid-phobert,0,2026,threads,test,0
correct_prediction,,True,5786,0,caption,0,0,dt4mid-phobert,0,2026,facebook,test,0
correct_prediction,,False,3119,0,caption,0,0,dt4mid-phobert,0,2026,threads,test,0
correct_prediction,,False,5894,0,caption,1,1,dt4mid-phobert,1,2026,facebook,test,0
correct_prediction,,True,5084,0,caption,0,0,dt4mid-phobert,0,2026,threads,test,0
correct_prediction,,False,5343,0,caption,0,0,dt4mid-phobert,0,2026,threads,test,0
correct_prediction,,False,4324,0,caption,0,0,dt4mid-phobert,0,2026,threads,test,0
correct_prediction,,True,1216,1,caption,1,1,dt4mid-phobert,1,2026,threads,test,0
false_positive,,False,2006,0,caption,0,0,dt4mid-phobert,1,2026,facebook,test,0
correct_prediction,,True,5661,0,caption,0,0,dt4mid-phobert,0,2026,threads,test,0
correct_prediction,,True,5640,0,caption,0,0,dt4mid-phobert,0,2026,threads,test,0
correct_prediction,,True,5765,0,caption,1,1,dt4mid-phobert,1,2026,facebook,test,0
false_positive,,True,5803,0,caption,0,0,dt4mid-phobert,1,42,facebook,test,0
correct_prediction,,True,6388,1,caption,1,1,dt4mid-phobert,1,42,facebook,test,0
false_positive,,True,5990,0,caption,0,0,dt4mid-phobert,1,42,facebook,test,0
correct_prediction,,True,1024,0,caption,0,0,dt4mid-phobert,0,42,threads,test,0
false_positive,,True,1075,0,caption,0,0,dt4mid-phobert,1,42,threads,test,0
false_positive,,True,4170,0,caption,0,0,dt4mid-phobert,1,42,threads,test,0
false_positive,,True,599,0,caption,0,0,dt4mid-phobert,1,42,threads,test,0
correct_prediction,,False,371,0,caption,0,0,dt4mid-phobert,0,42,threads,test,0
false_positive,,False,5811,0,caption,0,0,dt4mid-phobert,1,42,facebook,test,0
false_positive,,True,5986,0,caption,0,0,dt4mid-phobert,1,42,facebook,test,0
correct_prediction,,True,6826,0,caption,1,1,dt4mid-phobert,1,42,facebook,test,0
correct_prediction,,False,859,0,caption,0,0,dt4mid-phobert,0,42,threads,test,0
correct_prediction,,False,6562,0,caption,1,1,dt4mid-phobert,1,42,facebook,test,0
correct_prediction,,True,2399,1,caption,1,1,dt4mid-phobert,1,42,facebook,test,0
correct_prediction,,False,6505,0,caption,1,1,dt4mid-phobert,1,42,facebook,test,0
correct_prediction,,True,7292,0,caption,1,1,dt4mid-phobert,1,42,facebook,test,0
correct_prediction,,True,6818,1,caption,1,1,dt4mid-phobert,1,42,facebook,test,0
correct_prediction,,False,4909,0,caption,0,0,dt4mid-phobert,0,42,threads,test,0
correct_prediction,,False,4190,0,caption,0,0,dt4mid-phobert,0,42,threads,test,0
false_positive,,True,6100,0,caption,0,0,dt4mid-phobert,1,42,facebook,test,0
correct_prediction,,True,5033,0,caption,0,0,dt4mid-phobert,0,42,threads,test,0
correct_prediction,,True,5608,0,caption,1,1,dt4mid-phobert,1,42,threads,test,0
correct_prediction,,False,4177,0,caption,0,0,dt4mid-phobert,0,42,threads,test,0
correct_prediction,,True,3845,0,caption,0,0,dt4mid-phobert,0,42,threads,test,0
correct_prediction,,False,2129,0,caption,1,1,dt4mid-phobert,1,42,facebook,test,0
correct_prediction,,False,540,0,caption,1,1,dt4mid-phobert,1,42,threads,test,1
correct_prediction,,True,3054,0,caption,0,0,dt4mid-phobert,0,42,facebook,test,0
correct_prediction,,True,3867,0,caption,0,0,dt4mid-phobert,0,42,threads,test,0
correct_prediction,,False,4031,0,caption,0,0,dt4mid-phobert,0,42,threads,test,0
false_positive,,True,1767,1,caption,0,0,dt4mid-phobert,1,42,threads,test,0
correct_prediction,,True,1598,0,caption,1,1,dt4mid-phobert,1,42,threads,test,0
correct_prediction,,False,850,0,caption,0,0,dt4mid-phobert,0,42,threads,test,0
error_001,,True,5978,0,caption,1,1,dt4mid-phobert,0,42,facebook,test,0
correct_prediction,,True,3709,0,caption,0,0,dt4mid-phobert,0,42,threads,test,0
correct_prediction,,True,5963,1,caption,1,1,dt4mid-phobert,1,42,facebook,test,0
correct_prediction,,True,5782,1,caption,1,1,dt4mid-phobert,1,42,facebook,test,0
correct_prediction,,True,4722,0,caption,0,0,dt4mid-phobert,0,42,threads,test,0
correct_prediction,,True,1801,0,caption,1,1,dt4mid-phobert,1,42,threads,test,0
correct_prediction,,False,2768,0,caption,1,1,dt4mid-phobert,1,42,facebook,test,0
correct_prediction,,False,5737,0,caption,1,1,dt4mid-phobert,1,42,facebook,test,0
error_001,,False,1824,0,caption,1,1,dt4mid-phobert,0,42,threads,test,0
error_001,,True,2321,0,caption,1,1,dt4mid-phobert,0,42,facebook,test,0
correct_prediction,,False,2851,0,caption,1,1,dt4mid-phobert,1,42,facebook,test,1
correct_prediction,,True,255,0,caption,0,0,dt4mid-phobert,0,42,threads,test,0
correct_prediction,,True,1103,0,caption,0,0,dt4mid-phobert,0,42,threads,test,0
correct_prediction,,True,4004,0,caption,1,1,dt4mid-phobert,1,42,threads,test,0
correct_prediction,,False,1591,0,caption,0,0,dt4mid-phobert,0,42,threads,test,0
false_positive,,False,2861,0,caption,0,0,dt4mid-phobert,1,42,facebook,test,0
correct_prediction,,True,797,0,caption,1,1,dt4mid-phobert,1,42,threads,test,0
correct_prediction,,True,2913,0,caption,1,1,dt4mid-phobert,1,42,facebook,test,1
correct_prediction,,True,6159,1,caption,1,1,dt4mid-phobert,1,42,facebook,test,0
correct_prediction,,False,7007,0,caption,1,1,dt4mid-phobert,1,42,facebook,test,0
correct_prediction,,True,2333,1,caption,1,1,dt4mid-phobert,1,42,facebook,test,0
false_positive,,True,1448,0,caption,0,0,dt4mid-phobert,1,42,threads,test,1
correct_prediction,,True,993,0,caption,0,0,dt4mid-phobert,0,42,threads,test,0
correct_prediction,,False,1978,0,caption,1,1,dt4mid-phobert,1,42,facebook,test,0
correct_prediction,,False,5035,0,caption,0,0,dt4mid-phobert,0,42,threads,test,0
correct_prediction,,False,4647,0,caption,0,0,dt4mid-phobert,0,42,threads,test,0
correct_prediction,,False,4922,0,caption,0,0,dt4mid-phobert,0,42,threads,test,0
correct_prediction,,False,525,0,caption,0,0,dt4mid-phobert,0,42,threads,test,0
correct_prediction,,True,3878,0,caption,0,0,dt4mid-phobert,0,42,threads,test,0
false_positive,,True,2139,0,caption,0,0,dt4mid-phobert,1,42,facebook,test,0
correct_prediction,,True,314,0,caption,0,0,dt4mid-phobert,0,42,threads,test,0
false_positive,,True,2482,1,caption,0,0,dt4mid-phobert,1,42,facebook,test,0
false_positive,,False,5580,0,caption,0,0,dt4mid-phobert,1,42,threads,test,0
false_positive,,True,196,0,caption,0,0,dt4mid-phobert,1,42,threads,test,0
correct_prediction,,True,6755,1,caption,1,1,dt4mid-phobert,1,42,facebook,test,0
correct_prediction,,False,6488,0,caption,1,1,dt4mid-phobert,1,42,facebook,test,1
correct_prediction,,True,5335,0,caption,0,0,dt4mid-phobert,0,42,threads,test,0
false_positive,,True,592,0,caption,0,0,dt4mid-phobert,1,42,threads,test,0
false_positive,,True,6168,0,caption,0,0,dt4mid-phobert,1,42,facebook,test,0
correct_prediction,,False,5293,0,caption,0,0,dt4mid-phobert,0,42,threads,test,0
correct_prediction,,True,423,0,caption,0,0,dt4mid-phobert,0,42,threads,test,0
false_positive,,True,6189,0,caption,0,0,dt4mid-phobert,1,42,facebook,test,0
correct_prediction,,True,1155,0,caption,0,0,dt4mid-phobert,0,42,threads,test,0
correct_prediction,,False,5197,0,caption,0,0,dt4mid-phobert,0,42,threads,test,0
correct_prediction,,True,464,0,caption,0,0,dt4mid-phobert,0,42,threads,test,0
correct_prediction,,True,6645,1,caption,1,1,dt4mid-phobert,1,42,facebook,test,0
correct_prediction,,False,3992,0,caption,0,0,dt4mid-phobert,0,42,threads,test,0
correct_prediction,,True,2916,0,caption,1,1,dt4mid-phobert,1,42,facebook,test,0
correct_prediction,,True,1234,0,caption,1,1,dt4mid-phobert,1,42,threads,test,1
correct_prediction,,True,6098,0,caption,1,1,dt4mid-phobert,1,42,facebook,test,0
false_positive,,False,735,0,caption,0,0,dt4mid-phobert,1,42,threads,test,0
correct_prediction,,True,134,1,caption,0,0,dt4mid-phobert,0,42,threads,test,0
correct_prediction,,False,6907,0,caption,1,1,dt4mid-phobert,1,42,facebook,test,1
correct_prediction,,True,793,0,caption,0,0,dt4mid-phobert,0,42,threads,test,0
error_001,,False,4475,0,caption,1,1,dt4mid-phobert,0,42,threads,test,0
correct_prediction,,True,4403,0,caption,0,0,dt4mid-phobert,0,42,threads,test,0
correct_prediction,,True,6491,1,caption,1,1,dt4mid-phobert,1,42,facebook,test,1
correct_prediction,,True,533,0,caption,0,0,dt4mid-phobert,0,42,threads,test,1
correct_prediction,,False,6861,0,caption,1,1,dt4mid-phobert,1,42,facebook,test,0
correct_prediction,,True,4136,0,caption,0,0,dt4mid-phobert,0,42,threads,test,0
correct_prediction,,True,6962,0,caption,1,1,dt4mid-phobert,1,42,facebook,test,0
correct_prediction,,True,1716,0,caption,1,1,dt4mid-phobert,1,42,threads,test,0
correct_prediction,,True,6983,0,caption,1,1,dt4mid-phobert,1,42,facebook,test,0
correct_prediction,,True,3705,0,caption,0,0,dt4mid-phobert,0,42,threads,test,0
correct_prediction,,True,3887,0,caption,0,0,dt4mid-phobert,0,42,threads,test,0
correct_prediction,,True,4269,0,caption,0,0,dt4mid-phobert,0,42,threads,test,0
correct_prediction,,True,860,0,caption,0,0,dt4mid-phobert,0,42,threads,test,0
correct_prediction,,True,2042,0,caption,1,1,dt4mid-phobert,1,42,facebook,test,0
correct_prediction,,True,5835,0,caption,1,1,dt4mid-phobert,1,42,facebook,test,0
false_positive,,False,1953,0,caption,0,0,dt4mid-phobert,1,42,facebook,test,0
correct_prediction,,False,6414,0,caption,1,1,dt4mid-phobert,1,42,facebook,test,0
correct_prediction,,False,6537,0,caption,1,1,dt4mid-phobert,1,42,facebook,test,0
false_positive,,False,5825,0,caption,0,0,dt4mid-phobert,1,42,facebook,test,0
false_positive,,True,2096,0,caption,0,0,dt4mid-phobert,1,42,facebook,test,1
false_positive,,True,2627,0,caption,0,0,dt4mid-phobert,1,42,facebook,test,0
false_positive,,False,2757,0,caption,0,0,dt4mid-phobert,1,42,facebook,test,0
correct_prediction,,True,1684,0,caption,0,0,dt4mid-phobert,0,42,threads,test,0
correct_prediction,,True,2005,0,caption,1,1,dt4mid-phobert,1,42,facebook,test,0
correct_prediction,,True,5927,0,caption,1,1,dt4mid-phobert,1,42,facebook,test,1
correct_prediction,,True,5014,0,caption,0,0,dt4mid-phobert,0,42,threads,test,0
correct_prediction,,True,4892,0,caption,0,0,dt4mid-phobert,0,42,threads,test,0
correct_prediction,,False,5589,0,caption,0,0,dt4mid-phobert,0,42,threads,test,0
false_positive,,True,2206,0,caption,0,0,dt4mid-phobert,1,42,facebook,test,1
correct_prediction,,False,5202,0,caption,0,0,dt4mid-phobert,0,42,threads,test,0
correct_prediction,,False,2656,1,caption,1,1,dt4mid-phobert,1,42,facebook,test,1
false_positive,,True,1329,0,caption,0,0,dt4mid-phobert,1,42,threads,test,1
correct_prediction,,True,613,1,caption,1,1,dt4mid-phobert,1,42,threads,test,1
error_001,,True,47,0,caption,1,1,dt4mid-phobert,0,42,threads,test,0
correct_prediction,,True,6746,1,caption,1,1,dt4mid-phobert,1,42,facebook,test,0
error_001,,False,3398,0,caption,1,1,dt4mid-phobert,0,42,threads,test,0
correct_prediction,,False,3695,0,caption,0,0,dt4mid-phobert,0,42,threads,test,0
correct_prediction,,True,3365,0,caption,0,0,dt4mid-phobert,0,42,threads,test,1
false_positive,,True,513,0,caption,0,0,dt4mid-phobert,1,42,threads,test,0
false_positive,,False,7022,0,caption,0,0,dt4mid-phobert,1,42,facebook,test,0
false_positive,,True,2459,0,caption,0,0,dt4mid-phobert,1,42,facebook,test,0
correct_prediction,,True,1813,0,caption,1,1,dt4mid-phobert,1,42,threads,test,0
false_positive,,True,1761,0,caption,0,0,dt4mid-phobert,1,42,threads,test,0
correct_prediction,,False,800,0,caption,0,0,dt4mid-phobert,0,42,threads,test,0
false_positive,,True,107,0,caption,0,0,dt4mid-phobert,1,42,threads,test,1
correct_prediction,,True,980,0,caption,0,0,dt4mid-phobert,0,42,threads,test,0
false_positive,,False,4819,0,caption,0,0,dt4mid-phobert,1,42,threads,test,0
correct_prediction,,True,4321,0,caption,0,0,dt4mid-phobert,0,42,threads,test,0
correct_prediction,,True,2506,1,caption,1,1,dt4mid-phobert,1,42,facebook,test,0
error_001,,True,1126,0,caption,1,1,dt4mid-phobert,0,42,threads,test,0
correct_prediction,,True,1570,0,caption,0,0,dt4mid-phobert,0,42,threads,test,0
false_positive,,True,2368,1,caption,0,0,dt4mid-phobert,1,42,facebook,test,0
correct_prediction,,True,4037,0,caption,0,0,dt4mid-phobert,0,42,threads,test,0
correct_prediction,,True,1863,1,caption,1,1,dt4mid-phobert,1,42,facebook,test,0
correct_prediction,,True,1635,0,caption,0,0,dt4mid-phobert,0,42,threads,test,0
correct_prediction,,False,6894,0,caption,1,1,dt4mid-phobert,1,42,facebook,test,0
correct_prediction,,False,5474,0,caption,0,0,dt4mid-phobert,0,42,threads,test,0
false_positive,,True,1791,0,caption,0,0,dt4mid-phobert,1,42,threads,test,1
correct_prediction,,False,6547,0,caption,1,1,dt4mid-phobert,1,42,facebook,test,1
correct_prediction,,True,7209,0,caption,1,1,dt4mid-phobert,1,42,facebook,test,0
correct_prediction,,True,5072,0,caption,0,0,dt4mid-phobert,0,42,threads,test,0
correct_prediction,,True,7123,0,caption,0,0,dt4mid-phobert,0,42,facebook,test,0
false_positive,,True,2233,1,caption,0,0,dt4mid-phobert,1,42,facebook,test,0
correct_prediction,,False,2015,0,caption,1,1,dt4mid-phobert,1,42,facebook,test,0
error_001,,False,6784,0,caption,1,1,dt4mid-phobert,0,42,facebook,test,0
correct_prediction,,True,403,0,caption,0,0,dt4mid-phobert,0,42,threads,test,0
correct_prediction,,True,6090,0,caption,0,0,dt4mid-phobert,0,42,facebook,test,0
correct_prediction,,False,677,0,caption,0,0,dt4mid-phobert,0,42,threads,test,0
correct_prediction,,True,6493,0,caption,1,1,dt4mid-phobert,1,42,facebook,test,0
correct_prediction,,False,5495,0,caption,0,0,dt4mid-phobert,0,42,threads,test,0
correct_prediction,,True,5802,0,caption,1,1,dt4mid-phobert,1,42,facebook,test,0
correct_prediction,,True,6800,0,caption,1,1,dt4mid-phobert,1,42,facebook,test,0
correct_prediction,,False,3949,0,caption,0,0,dt4mid-phobert,0,42,threads,test,0
error_001,,True,2320,0,caption,1,1,dt4mid-phobert,0,42,facebook,test,0
correct_prediction,,False,3805,0,caption,0,0,dt4mid-phobert,0,42,threads,test,0
false_positive,,True,6404,0,caption,0,0,dt4mid-phobert,1,42,facebook,test,0
correct_prediction,,False,4036,0,caption,0,0,dt4mid-phobert,0,42,threads,test,0
correct_prediction,,True,2397,1,caption,1,1,dt4mid-phobert,1,42,facebook,test,0
correct_prediction,,True,3609,0,caption,0,0,dt4mid-phobert,0,42,threads,test,0
correct_prediction,,False,4950,0,caption,0,0,dt4mid-phobert,0,42,threads,test,0
correct_prediction,,False,6884,0,caption,1,1,dt4mid-phobert,1,42,facebook,test,1
correct_prediction,,False,7228,0,caption,1,1,dt4mid-phobert,1,42,facebook,test,0
correct_prediction,,False,4770,0,caption,0,0,dt4mid-phobert,0,42,threads,test,0
correct_prediction,,True,2744,0,caption,1,1,dt4mid-phobert,1,42,facebook,test,0
correct_prediction,,True,4924,0,caption,0,0,dt4mid-phobert,0,42,threads,test,0
correct_prediction,,True,3104,0,caption,1,1,dt4mid-phobert,1,42,threads,test,1
correct_prediction,,True,5906,0,caption,0,0,dt4mid-phobert,0,42,facebook,test,0
false_positive,,True,6375,0,caption,0,0,dt4mid-phobert,1,42,facebook,test,0
correct_prediction,,True,2438,0,caption,1,1,dt4mid-phobert,1,42,facebook,test,0
correct_prediction,,True,7181,0,caption,1,1,dt4mid-phobert,1,42,facebook,test,1
error_001,,False,4611,0,caption,1,1,dt4mid-phobert,0,42,threads,test,0
error_001,,True,3164,0,caption,1,1,dt4mid-phobert,0,42,threads,test,0
correct_prediction,,True,2929,0,caption,1,1,dt4mid-phobert,1,42,facebook,test,0
correct_prediction,,False,6564,0,caption,1,1,dt4mid-phobert,1,42,facebook,test,0
correct_prediction,,True,3857,0,caption,0,0,dt4mid-phobert,0,42,threads,test,0
correct_prediction,,True,1054,0,caption,0,0,dt4mid-phobert,0,42,threads,test,0
correct_prediction,,False,6734,0,caption,1,1,dt4mid-phobert,1,42,facebook,test,0
correct_prediction,,True,7011,1,caption,1,1,dt4mid-phobert,1,42,facebook,test,0
false_positive,,False,5961,0,caption,0,0,dt4mid-phobert,1,42,facebook,test,0
false_positive,,True,2064,0,caption,0,0,dt4mid-phobert,1,42,facebook,test,0
correct_prediction,,False,3666,0,caption,0,0,dt4mid-phobert,0,42,threads,test,0
correct_prediction,,True,3040,0,caption,1,1,dt4mid-phobert,1,42,facebook,test,1
error_001,,False,1392,0,caption,1,1,dt4mid-phobert,0,42,threads,test,0
correct_prediction,,True,3125,0,caption,0,0,dt4mid-phobert,0,42,threads,test,0
correct_prediction,,True,5288,0,caption,0,0,dt4mid-phobert,0,42,threads,test,0
correct_prediction,,False,6679,0,caption,1,1,dt4mid-phobert,1,42,facebook,test,1
error_001,,False,591,0,caption,1,1,dt4mid-phobert,0,42,threads,test,0
correct_prediction,,False,6634,0,caption,1,1,dt4mid-phobert,1,42,facebook,test,0
correct_prediction,,True,1280,1,caption,1,1,dt4mid-phobert,1,42,threads,test,0
correct_prediction,,True,430,1,caption,1,1,dt4mid-phobert,1,42,threads,test,0
false_positive,,False,889,0,caption,0,0,dt4mid-phobert,1,42,threads,test,0
correct_prediction,,False,5371,0,caption,0,0,dt4mid-phobert,0,42,threads,test,0
correct_prediction,,True,715,0,caption,0,0,dt4mid-phobert,0,42,threads,test,0
false_positive,,True,2463,0,caption,0,0,dt4mid-phobert,1,42,facebook,test,0
correct_prediction,,True,4461,0,caption,1,1,dt4mid-phobert,1,42,threads,test,0
correct_prediction,,True,4232,0,caption,0,0,dt4mid-phobert,0,42,threads,test,0
correct_prediction,,True,3372,0,caption,1,1,dt4mid-phobert,1,42,threads,test,0
correct_prediction,,False,4881,0,caption,0,0,dt4mid-phobert,0,42,threads,test,0
correct_prediction,,True,1480,0,caption,0,0,dt4mid-phobert,0,42,threads,test,1
correct_prediction,,True,116,0,caption,1,1,dt4mid-phobert,1,42,threads,test,0
false_positive,,True,6181,0,caption,0,0,dt4mid-phobert,1,42,facebook,test,0
correct_prediction,,False,721,0,caption,0,0,dt4mid-phobert,0,42,threads,test,0
correct_prediction,,False,5590,0,caption,0,0,dt4mid-phobert,0,42,threads,test,0
correct_prediction,,True,5322,0,caption,1,1,dt4mid-phobert,1,42,threads,test,1
false_positive,,False,4504,0,caption,0,0,dt4mid-phobert,1,42,threads,test,0
correct_prediction,,False,1121,0,caption,0,0,dt4mid-phobert,0,42,threads,test,0
correct_prediction,,False,5224,0,caption,0,0,dt4mid-phobert,0,42,threads,test,0
correct_prediction,,True,1623,0,caption,0,0,dt4mid-phobert,0,42,threads,test,0
correct_prediction,,False,4503,0,caption,0,0,dt4mid-phobert,0,42,threads,test,0
correct_prediction,,True,188,0,caption,0,0,dt4mid-phobert,0,42,threads,test,1
error_001,,True,276,0,caption,1,1,dt4mid-phobert,0,42,threads,test,0
correct_prediction,,False,4625,0,caption,0,0,dt4mid-phobert,0,42,threads,test,0
correct_prediction,,True,4164,0,caption,0,0,dt4mid-phobert,0,42,threads,test,0
error_001,,True,6329,0,caption,1,1,dt4mid-phobert,0,42,facebook,test,0
correct_prediction,,True,4964,0,caption,0,0,dt4mid-phobert,0,42,threads,test,0
false_positive,,True,4669,0,caption,0,0,dt4mid-phobert,1,42,threads,test,0
false_positive,,True,4201,0,caption,0,0,dt4mid-phobert,1,42,threads,test,0
correct_prediction,,False,2830,1,caption,1,1,dt4mid-phobert,1,42,facebook,test,1
correct_prediction,,True,1714,0,caption,1,1,dt4mid-phobert,1,42,threads,test,0
correct_prediction,,True,209,0,caption,1,1,dt4mid-phobert,1,42,threads,test,0
error_001,,True,4048,0,caption,1,1,dt4mid-phobert,0,42,threads,test,0
correct_prediction,,True,6968,1,caption,1,1,dt4mid-phobert,1,42,facebook,test,0
correct_prediction,,True,2151,1,caption,1,1,dt4mid-phobert,1,42,facebook,test,0
correct_prediction,,True,5565,0,caption,0,0,dt4mid-phobert,0,42,threads,test,0
correct_prediction,,False,6476,0,caption,1,1,dt4mid-phobert,1,42,facebook,test,0
correct_prediction,,True,5666,0,caption,0,0,dt4mid-phobert,0,42,threads,test,0
correct_prediction,,False,3827,0,caption,0,0,dt4mid-phobert,0,42,threads,test,0
error_001,,False,1207,0,caption,1,1,dt4mid-phobert,0,42,threads,test,0
false_positive,,True,6735,0,caption,0,0,dt4mid-phobert,1,42,facebook,test,0
correct_prediction,,False,2077,0,caption,1,1,dt4mid-phobert,1,42,facebook,test,1
false_positive,,True,932,0,caption,0,0,dt4mid-phobert,1,42,threads,test,0
false_positive,,True,235,0,caption,0,0,dt4mid-phobert,1,42,threads,test,0
correct_prediction,,False,593,0,caption,0,0,dt4mid-phobert,0,42,threads,test,0
false_positive,,True,2166,0,caption,0,0,dt4mid-phobert,1,42,facebook,test,0
correct_prediction,,True,6353,0,caption,0,0,dt4mid-phobert,0,42,facebook,test,0
false_positive,,True,137,0,caption,0,0,dt4mid-phobert,1,42,threads,test,0
correct_prediction,,False,4545,0,caption,0,0,dt4mid-phobert,0,42,threads,test,0
correct_prediction,,False,4901,0,caption,0,0,dt4mid-phobert,0,42,threads,test,0
correct_prediction,,True,333,0,caption,0,0,dt4mid-phobert,0,42,threads,test,0
correct_prediction,,False,4040,0,caption,0,0,dt4mid-phobert,0,42,threads,test,0
false_positive,,True,289,0,caption,0,0,dt4mid-phobert,1,42,threads,test,0
correct_prediction,,True,361,0,caption,0,0,dt4mid-phobert,0,42,threads,test,0
false_positive,,True,2216,0,caption,0,0,dt4mid-phobert,1,42,facebook,test,0
correct_prediction,,True,2356,1,caption,1,1,dt4mid-phobert,1,42,facebook,test,0
correct_prediction,,True,1686,0,caption,0,0,dt4mid-phobert,0,42,threads,test,0
correct_prediction,,False,6644,0,caption,1,1,dt4mid-phobert,1,42,facebook,test,0
false_positive,,True,2715,0,caption,0,0,dt4mid-phobert,1,42,facebook,test,0
correct_prediction,,True,3510,0,caption,0,0,dt4mid-phobert,0,42,threads,test,0
correct_prediction,,True,5575,0,caption,1,1,dt4mid-phobert,1,42,threads,test,0
false_positive,,True,548,0,caption,0,0,dt4mid-phobert,1,42,threads,test,0
false_positive,,True,427,0,caption,0,0,dt4mid-phobert,1,42,threads,test,0
false_positive,,True,5880,0,caption,0,0,dt4mid-phobert,1,42,facebook,test,0
correct_prediction,,False,4651,0,caption,0,0,dt4mid-phobert,0,42,threads,test,0
correct_prediction,,True,3635,0,caption,0,0,dt4mid-phobert,0,42,threads,test,0
correct_prediction,,True,1325,1,caption,1,1,dt4mid-phobert,1,42,threads,test,0
correct_prediction,,False,4510,0,caption,0,0,dt4mid-phobert,0,42,threads,test,0
false_positive,,True,5245,0,caption,0,0,dt4mid-phobert,1,42,threads,test,0
correct_prediction,,False,2629,0,caption,1,1,dt4mid-phobert,1,42,facebook,test,0
correct_prediction,,True,5061,0,caption,0,0,dt4mid-phobert,0,42,threads,test,0
correct_prediction,,True,2280,1,caption,1,1,dt4mid-phobert,1,42,facebook,test,0
correct_prediction,,False,6615,1,caption,1,1,dt4mid-phobert,1,42,facebook,test,1
false_positive,,True,3850,0,caption,0,0,dt4mid-phobert,1,42,threads,test,0
correct_prediction,,False,3533,0,caption,0,0,dt4mid-phobert,0,42,threads,test,0
false_positive,,True,7009,0,caption,0,0,dt4mid-phobert,1,42,facebook,test,0
false_positive,,True,5548,0,caption,0,0,dt4mid-phobert,1,42,threads,test,0
false_positive,,True,2215,0,caption,0,0,dt4mid-phobert,1,42,facebook,test,0
false_positive,,True,2229,0,caption,0,0,dt4mid-phobert,1,42,facebook,test,0
correct_prediction,,True,2947,0,caption,1,1,dt4mid-phobert,1,42,facebook,test,0
correct_prediction,,True,4088,0,caption,0,0,dt4mid-phobert,0,42,threads,test,0
correct_prediction,,False,1574,0,caption,0,0,dt4mid-phobert,0,42,threads,test,0
correct_prediction,,False,2713,0,caption,1,1,dt4mid-phobert,1,42,facebook,test,0
correct_prediction,,True,3881,0,caption,0,0,dt4mid-phobert,0,42,threads,test,0
correct_prediction,,True,1734,0,caption,0,0,dt4mid-phobert,0,42,threads,test,0
false_positive,,True,6961,0,caption,0,0,dt4mid-phobert,1,42,facebook,test,0
correct_prediction,,True,4575,0,caption,0,0,dt4mid-phobert,0,42,threads,test,0
correct_prediction,,True,1417,0,caption,0,0,dt4mid-phobert,0,42,threads,test,0
false_positive,,True,3267,0,caption,0,0,dt4mid-phobert,1,42,threads,test,0
correct_prediction,,False,1298,0,caption,0,0,dt4mid-phobert,0,42,threads,test,0
correct_prediction,,True,7214,0,caption,1,1,dt4mid-phobert,1,42,facebook,test,0
correct_prediction,,False,5140,0,caption,0,0,dt4mid-phobert,0,42,threads,test,0
false_positive,,True,7215,0,caption,0,0,dt4mid-phobert,1,42,facebook,test,0
correct_prediction,,True,619,0,caption,1,1,dt4mid-phobert,1,42,threads,test,0
correct_prediction,,True,2544,1,caption,1,1,dt4mid-phobert,1,42,facebook,test,0
correct_prediction,,True,2894,0,caption,1,1,dt4mid-phobert,1,42,facebook,test,0
correct_prediction,,True,668,0,caption,0,0,dt4mid-phobert,0,42,threads,test,0
correct_prediction,,True,308,0,caption,1,1,dt4mid-phobert,1,42,threads,test,0
correct_prediction,,True,2727,1,caption,1,1,dt4mid-phobert,1,42,facebook,test,0
false_positive,,False,1107,0,caption,0,0,dt4mid-phobert,1,42,threads,test,1
false_positive,,False,834,0,caption,0,0,dt4mid-phobert,1,42,threads,test,0
correct_prediction,,True,30,0,caption,0,0,dt4mid-phobert,0,42,threads,test,0
false_positive,,True,2564,0,caption,0,0,dt4mid-phobert,1,42,facebook,test,0
correct_prediction,,False,3673,0,caption,0,0,dt4mid-phobert,0,42,threads,test,0
false_positive,,True,2048,0,caption,0,0,dt4mid-phobert,1,42,facebook,test,0
false_positive,,True,2303,0,caption,0,0,dt4mid-phobert,1,42,facebook,test,0
correct_prediction,,True,4498,0,caption,0,0,dt4mid-phobert,0,42,threads,test,0
correct_prediction,,False,5995,0,caption,1,1,dt4mid-phobert,1,42,facebook,test,0
correct_prediction,,True,1464,0,caption,0,0,dt4mid-phobert,0,42,threads,test,0
correct_prediction,,False,2831,0,caption,1,1,dt4mid-phobert,1,42,facebook,test,1
correct_prediction,,True,147,0,caption,0,0,dt4mid-phobert,0,42,threads,test,0
correct_prediction,,True,6310,1,caption,1,1,dt4mid-phobert,1,42,facebook,test,0
correct_prediction,,True,7328,0,caption,1,1,dt4mid-phobert,1,42,facebook,test,0
false_positive,,False,2818,0,caption,0,0,dt4mid-phobert,1,42,facebook,test,0
false_positive,,True,5703,0,caption,0,0,dt4mid-phobert,1,42,facebook,test,0
correct_prediction,,True,691,0,caption,1,1,dt4mid-phobert,1,42,threads,test,1
correct_prediction,,False,817,0,caption,0,0,dt4mid-phobert,0,42,threads,test,0
correct_prediction,,False,3622,0,caption,0,0,dt4mid-phobert,0,42,threads,test,0
correct_prediction,,False,5024,0,caption,0,0,dt4mid-phobert,0,42,threads,test,0
correct_prediction,,False,2203,0,caption,1,1,dt4mid-phobert,1,42,facebook,test,0
correct_prediction,,False,6536,0,caption,1,1,dt4mid-phobert,1,42,facebook,test,0
correct_prediction,,False,204,0,caption,0,0,dt4mid-phobert,0,42,threads,test,1
error_001,,True,491,0,caption,1,1,dt4mid-phobert,0,42,threads,test,0
false_positive,,False,1960,0,caption,0,0,dt4mid-phobert,1,42,facebook,test,0
correct_prediction,,False,718,0,caption,0,0,dt4mid-phobert,0,42,threads,test,0
false_positive,,True,6394,0,caption,0,0,dt4mid-phobert,1,42,facebook,test,0
error_001,,False,53,0,caption,1,1,dt4mid-phobert,0,42,threads,test,0
false_positive,,False,2787,0,caption,0,0,dt4mid-phobert,1,42,facebook,test,0
correct_prediction,,True,5089,0,caption,0,0,dt4mid-phobert,0,42,threads,test,0
correct_prediction,,True,2882,0,caption,1,1,dt4mid-phobert,1,42,facebook,test,1
correct_prediction,,True,1789,0,caption,0,0,dt4mid-phobert,0,42,threads,test,1
correct_prediction,,False,6978,0,caption,1,1,dt4mid-phobert,1,42,facebook,test,0
correct_prediction,,True,6577,0,caption,1,1,dt4mid-phobert,1,42,facebook,test,0
correct_prediction,,True,3769,0,caption,0,0,dt4mid-phobert,0,42,threads,test,0
correct_prediction,,False,335,0,caption,0,0,dt4mid-phobert,0,42,threads,test,0
correct_prediction,,True,5219,0,caption,0,0,dt4mid-phobert,0,42,threads,test,0
false_positive,,True,7086,0,caption,0,0,dt4mid-phobert,1,42,facebook,test,0
error_001,,True,3896,0,caption,1,1,dt4mid-phobert,0,42,threads,test,0
correct_prediction,,False,1930,0,caption,1,1,dt4mid-phobert,1,42,facebook,test,1
correct_prediction,,True,2590,0,caption,0,0,dt4mid-phobert,0,42,facebook,test,0
false_positive,,True,7049,0,caption,0,0,dt4mid-phobert,1,42,facebook,test,0
correct_prediction,,False,2805,0,caption,1,1,dt4mid-phobert,1,42,facebook,test,0
correct_prediction,,True,3496,0,caption,0,0,dt4mid-phobert,0,42,threads,test,0
correct_prediction,,True,2367,1,caption,1,1,dt4mid-phobert,1,42,facebook,test,0
error_001,,True,3746,0,caption,1,1,dt4mid-phobert,0,42,threads,test,0
false_positive,,True,6337,0,caption,0,0,dt4mid-phobert,1,42,facebook,test,0
error_001,,True,4887,0,caption,1,1,dt4mid-phobert,0,42,threads,test,0
correct_prediction,,True,2585,1,caption,1,1,dt4mid-phobert,1,42,facebook,test,0
correct_prediction,,True,2288,1,caption,1,1,dt4mid-phobert,1,42,facebook,test,0
false_positive,,True,2134,0,caption,0,0,dt4mid-phobert,1,42,facebook,test,0
correct_prediction,,False,3685,0,caption,0,0,dt4mid-phobert,0,42,threads,test,0
correct_prediction,,False,5736,0,caption,1,1,dt4mid-phobert,1,42,facebook,test,0
false_positive,,True,3225,0,caption,0,0,dt4mid-phobert,1,42,threads,test,0
correct_prediction,,True,5074,0,caption,0,0,dt4mid-phobert,0,42,threads,test,0
correct_prediction,,True,3866,0,caption,0,0,dt4mid-phobert,0,42,threads,test,0
correct_prediction,,True,2695,0,caption,1,1,dt4mid-phobert,1,42,facebook,test,1
false_positive,,True,3968,0,caption,0,0,dt4mid-phobert,1,42,threads,test,0
correct_prediction,,True,6957,1,caption,1,1,dt4mid-phobert,1,42,facebook,test,0
correct_prediction,,False,4720,0,caption,0,0,dt4mid-phobert,0,42,threads,test,0
correct_prediction,,False,3713,0,caption,0,0,dt4mid-phobert,0,42,threads,test,0
false_positive,,False,1809,0,caption,0,0,dt4mid-phobert,1,42,threads,test,0
correct_prediction,,True,3043,0,caption,1,1,dt4mid-phobert,1,42,facebook,test,1
correct_prediction,,False,6942,0,caption,1,1,dt4mid-phobert,1,42,facebook,test,1
correct_prediction,,True,3678,0,caption,0,0,dt4mid-phobert,0,42,threads,test,0
correct_prediction,,True,7289,1,caption,1,1,dt4mid-phobert,1,42,facebook,test,0
false_positive,,False,1974,0,caption,0,0,dt4mid-phobert,1,42,facebook,test,0
correct_prediction,,False,4805,0,caption,0,0,dt4mid-phobert,0,42,threads,test,0
correct_prediction,,True,3940,0,caption,1,1,dt4mid-phobert,1,42,threads,test,1
false_positive,,True,4026,0,caption,0,0,dt4mid-phobert,1,42,threads,test,1
false_positive,,True,557,0,caption,0,0,dt4mid-phobert,1,42,threads,test,0
correct_prediction,,True,7287,0,caption,1,1,dt4mid-phobert,1,42,facebook,test,1
correct_prediction,,True,2187,0,caption,1,1,dt4mid-phobert,1,42,facebook,test,0
error_001,,True,1647,0,caption,1,1,dt4mid-phobert,0,42,threads,test,0
correct_prediction,,True,3485,0,caption,1,1,dt4mid-phobert,1,42,threads,test,1
correct_prediction,,True,6436,0,caption,1,1,dt4mid-phobert,1,42,facebook,test,0
correct_prediction,,True,4220,0,caption,0,0,dt4mid-phobert,0,42,threads,test,0
false_positive,,False,138,0,caption,0,0,dt4mid-phobert,1,42,threads,test,0
correct_prediction,,True,2639,0,caption,1,1,dt4mid-phobert,1,42,facebook,test,0
correct_prediction,,False,4705,0,caption,0,0,dt4mid-phobert,0,42,threads,test,0
false_positive,,True,3475,0,caption,0,0,dt4mid-phobert,1,42,threads,test,0
correct_prediction,,True,1056,0,caption,0,0,dt4mid-phobert,0,42,threads,test,0
correct_prediction,,True,1453,0,caption,1,1,dt4mid-phobert,1,42,threads,test,0
correct_prediction,,True,5220,0,caption,1,1,dt4mid-phobert,1,42,threads,test,0
correct_prediction,,False,6847,0,caption,1,1,dt4mid-phobert,1,42,facebook,test,0
correct_prediction,,False,3219,0,caption,0,0,dt4mid-phobert,0,42,threads,test,0
correct_prediction,,True,1040,0,caption,0,0,dt4mid-phobert,0,42,threads,test,0
correct_prediction,,True,1271,0,caption,0,0,dt4mid-phobert,0,42,threads,test,0
correct_prediction,,True,2870,0,caption,1,1,dt4mid-phobert,1,42,facebook,test,1
false_positive,,True,4764,0,caption,0,0,dt4mid-phobert,1,42,threads,test,0
correct_prediction,,True,5650,0,caption,1,1,dt4mid-phobert,1,42,threads,test,1
correct_prediction,,False,4635,0,caption,0,0,dt4mid-phobert,0,42,threads,test,0
correct_prediction,,True,4713,0,caption,0,0,dt4mid-phobert,0,42,threads,test,0
correct_prediction,,True,4718,0,caption,0,0,dt4mid-phobert,0,42,threads,test,0
correct_prediction,,True,5865,1,caption,1,1,dt4mid-phobert,1,42,facebook,test,0
correct_prediction,,False,5047,0,caption,0,0,dt4mid-phobert,0,42,threads,test,0
correct_prediction,,True,2358,0,caption,1,1,dt4mid-phobert,1,42,facebook,test,0
false_positive,,True,2093,0,caption,0,0,dt4mid-phobert,1,42,facebook,test,0
correct_prediction,,False,5077,0,caption,0,0,dt4mid-phobert,0,42,threads,test,0
error_001,,False,3731,0,caption,1,1,dt4mid-phobert,0,42,threads,test,0
correct_prediction,,False,3788,0,caption,0,0,dt4mid-phobert,0,42,threads,test,0
false_positive,,True,4435,0,caption,0,0,dt4mid-phobert,1,42,threads,test,0
false_positive,,True,3079,0,caption,0,0,dt4mid-phobert,1,42,facebook,test,0
correct_prediction,,True,5515,0,caption,0,0,dt4mid-phobert,0,42,threads,test,0
correct_prediction,,True,5562,0,caption,0,0,dt4mid-phobert,0,42,threads,test,0
correct_prediction,,True,7331,0,caption,0,0,dt4mid-phobert,0,42,facebook,test,0
correct_prediction,,False,6680,0,caption,1,1,dt4mid-phobert,1,42,facebook,test,0
correct_prediction,,False,7141,0,caption,1,1,dt4mid-phobert,1,42,facebook,test,0
false_positive,,True,7295,0,caption,0,0,dt4mid-phobert,1,42,facebook,test,0
correct_prediction,,True,7100,0,caption,0,0,dt4mid-phobert,0,42,facebook,test,0
correct_prediction,,True,902,0,caption,1,1,dt4mid-phobert,1,42,threads,test,1
correct_prediction,,True,4456,0,caption,0,0,dt4mid-phobert,0,42,threads,test,0
correct_prediction,,False,1369,0,caption,0,0,dt4mid-phobert,0,42,threads,test,0
false_positive,,True,3015,0,caption,0,0,dt4mid-phobert,1,42,facebook,test,1
false_positive,,True,5378,0,caption,0,0,dt4mid-phobert,1,42,threads,test,0
correct_prediction,,True,2763,0,caption,0,0,dt4mid-phobert,0,42,facebook,test,0
correct_prediction,,False,6360,0,caption,0,0,dt4mid-phobert,0,42,facebook,test,0
false_positive,,True,3117,0,caption,0,0,dt4mid-phobert,1,42,threads,test,0
error_001,,True,6106,0,caption,1,1,dt4mid-phobert,0,42,facebook,test,0
correct_prediction,,True,2521,0,caption,1,1,dt4mid-phobert,1,42,facebook,test,0
false_positive,,True,990,0,caption,0,0,dt4mid-phobert,1,42,threads,test,0
correct_prediction,,False,1503,0,caption,0,0,dt4mid-phobert,0,42,threads,test,0
correct_prediction,,True,1490,0,caption,0,0,dt4mid-phobert,0,42,threads,test,0
correct_prediction,,False,3623,0,caption,0,0,dt4mid-phobert,0,42,threads,test,0
correct_prediction,,True,987,1,caption,1,1,dt4mid-phobert,1,42,threads,test,1
correct_prediction,,True,4401,0,caption,0,0,dt4mid-phobert,0,42,threads,test,0
correct_prediction,,False,6855,0,caption,1,1,dt4mid-phobert,1,42,facebook,test,0
correct_prediction,,True,6049,0,caption,0,0,dt4mid-phobert,0,42,facebook,test,0
correct_prediction,,False,812,0,caption,0,0,dt4mid-phobert,0,42,threads,test,0
false_positive,,False,4267,0,caption,0,0,dt4mid-phobert,1,42,threads,test,0
correct_prediction,,True,4197,0,caption,0,0,dt4mid-phobert,0,42,threads,test,1
false_positive,,True,2296,0,caption,0,0,dt4mid-phobert,1,42,facebook,test,0
correct_prediction,,True,6594,0,caption,1,1,dt4mid-phobert,1,42,facebook,test,0
correct_prediction,,True,6977,1,caption,1,1,dt4mid-phobert,1,42,facebook,test,0
correct_prediction,,True,5139,0,caption,0,0,dt4mid-phobert,0,42,threads,test,0
correct_prediction,,True,3289,0,caption,0,0,dt4mid-phobert,0,42,threads,test,0
error_001,,True,1624,0,caption,1,1,dt4mid-phobert,0,42,threads,test,0
correct_prediction,,False,3952,0,caption,0,0,dt4mid-phobert,0,42,threads,test,1
false_positive,,True,6060,0,caption,0,0,dt4mid-phobert,1,42,facebook,test,0
error_001,,False,3824,0,caption,1,1,dt4mid-phobert,0,42,threads,test,0
correct_prediction,,True,5482,0,caption,0,0,dt4mid-phobert,0,42,threads,test,0
correct_prediction,,False,5568,0,caption,0,0,dt4mid-phobert,0,42,threads,test,0
false_positive,,True,3913,0,caption,0,0,dt4mid-phobert,1,42,threads,test,0
correct_prediction,,True,7004,0,caption,1,1,dt4mid-phobert,1,42,facebook,test,0
correct_prediction,,False,6664,0,caption,1,1,dt4mid-phobert,1,42,facebook,test,1
correct_prediction,,False,4871,0,caption,0,0,dt4mid-phobert,0,42,threads,test,0
correct_prediction,,True,3960,0,caption,0,0,dt4mid-phobert,0,42,threads,test,0
error_001,,False,4500,0,caption,1,1,dt4mid-phobert,0,42,threads,test,0
correct_prediction,,True,1688,0,caption,0,0,dt4mid-phobert,0,42,threads,test,0
correct_prediction,,False,7092,0,caption,1,1,dt4mid-phobert,1,42,facebook,test,0
correct_prediction,,True,3491,0,caption,0,0,dt4mid-phobert,0,42,threads,test,0
correct_prediction,,False,5564,0,caption,0,0,dt4mid-phobert,0,42,threads,test,0
false_positive,,True,7220,1,caption,0,0,dt4mid-phobert,1,42,facebook,test,0
false_positive,,True,6151,0,caption,0,0,dt4mid-phobert,1,42,facebook,test,0
correct_prediction,,True,2470,1,caption,1,1,dt4mid-phobert,1,42,facebook,test,0
false_positive,,True,1964,0,caption,0,0,dt4mid-phobert,1,42,facebook,test,0
correct_prediction,,True,2382,1,caption,1,1,dt4mid-phobert,1,42,facebook,test,0
correct_prediction,,True,4272,0,caption,0,0,dt4mid-phobert,0,42,threads,test,0
correct_prediction,,False,1867,0,caption,1,1,dt4mid-phobert,1,42,facebook,test,0
correct_prediction,,True,5421,0,caption,0,0,dt4mid-phobert,0,42,threads,test,0
correct_prediction,,True,4755,0,caption,0,0,dt4mid-phobert,0,42,threads,test,0
correct_prediction,,False,6523,0,caption,1,1,dt4mid-phobert,1,42,facebook,test,1
false_positive,,False,826,0,caption,0,0,dt4mid-phobert,1,42,threads,test,1
false_positive,,True,3167,0,caption,0,0,dt4mid-phobert,1,42,threads,test,0
correct_prediction,,False,1463,0,caption,1,1,dt4mid-phobert,1,42,threads,test,0
correct_prediction,,False,6823,0,caption,1,1,dt4mid-phobert,1,42,facebook,test,0
correct_prediction,,True,4355,0,caption,1,1,dt4mid-phobert,1,42,threads,test,0
correct_prediction,,True,1906,0,caption,1,1,dt4mid-phobert,1,42,facebook,test,0
correct_prediction,,True,4344,0,caption,0,0,dt4mid-phobert,0,42,threads,test,0
error_001,,True,5788,0,caption,1,1,dt4mid-phobert,0,42,facebook,test,0
correct_prediction,,True,3159,0,caption,0,0,dt4mid-phobert,0,42,threads,test,0
correct_prediction,,True,4902,0,caption,0,0,dt4mid-phobert,0,42,threads,test,0
correct_prediction,,True,144,0,caption,1,1,dt4mid-phobert,1,42,threads,test,1
false_positive,,True,6761,0,caption,0,0,dt4mid-phobert,1,42,facebook,test,1
false_positive,,True,805,0,caption,0,0,dt4mid-phobert,1,42,threads,test,0
correct_prediction,,True,7186,0,caption,1,1,dt4mid-phobert,1,42,facebook,test,0
correct_prediction,,True,3182,0,caption,0,0,dt4mid-phobert,0,42,threads,test,0
correct_prediction,,True,1303,1,caption,1,1,dt4mid-phobert,1,42,threads,test,0
correct_prediction,,False,4092,0,caption,0,0,dt4mid-phobert,0,42,threads,test,0
correct_prediction,,False,5450,0,caption,0,0,dt4mid-phobert,0,42,threads,test,0
correct_prediction,,False,3378,0,caption,0,0,dt4mid-phobert,0,42,threads,test,0
correct_prediction,,False,6551,0,caption,1,1,dt4mid-phobert,1,42,facebook,test,0
correct_prediction,,True,3487,0,caption,1,1,dt4mid-phobert,1,42,threads,test,0
correct_prediction,,True,2049,0,caption,1,1,dt4mid-phobert,1,42,facebook,test,0
correct_prediction,,True,3667,0,caption,0,0,dt4mid-phobert,0,42,threads,test,0
correct_prediction,,True,5702,0,caption,1,1,dt4mid-phobert,1,42,facebook,test,1
correct_prediction,,True,7250,0,caption,1,1,dt4mid-phobert,1,42,facebook,test,1
false_positive,,True,3969,0,caption,0,0,dt4mid-phobert,1,42,threads,test,0
correct_prediction,,True,478,0,caption,0,0,dt4mid-phobert,0,42,threads,test,1
false_positive,,True,5816,0,caption,0,0,dt4mid-phobert,1,42,facebook,test,0
correct_prediction,,True,1043,0,caption,0,0,dt4mid-phobert,0,42,threads,test,0
correct_prediction,,True,6451,1,caption,1,1,dt4mid-phobert,1,42,facebook,test,0
false_positive,,True,2990,0,caption,0,0,dt4mid-phobert,1,42,facebook,test,0
correct_prediction,,False,5193,0,caption,0,0,dt4mid-phobert,0,42,threads,test,0
correct_prediction,,True,6509,1,caption,1,1,dt4mid-phobert,1,42,facebook,test,0
false_positive,,True,7159,0,caption,0,0,dt4mid-phobert,1,42,facebook,test,0
correct_prediction,,True,6556,0,caption,0,0,dt4mid-phobert,0,42,facebook,test,0
correct_prediction,,False,4752,0,caption,0,0,dt4mid-phobert,0,42,threads,test,0
correct_prediction,,True,7277,1,caption,1,1,dt4mid-phobert,1,42,facebook,test,0
correct_prediction,,False,6546,0,caption,1,1,dt4mid-phobert,1,42,facebook,test,1
correct_prediction,,False,6960,0,caption,1,1,dt4mid-phobert,1,42,facebook,test,0
correct_prediction,,True,3837,0,caption,1,1,dt4mid-phobert,1,42,threads,test,1
correct_prediction,,False,4514,0,caption,0,0,dt4mid-phobert,0,42,threads,test,0
false_positive,,False,5281,0,caption,0,0,dt4mid-phobert,1,42,threads,test,0
correct_prediction,,False,555,0,caption,0,0,dt4mid-phobert,0,42,threads,test,0
correct_prediction,,True,7074,1,caption,1,1,dt4mid-phobert,1,42,facebook,test,0
correct_prediction,,False,4038,0,caption,0,0,dt4mid-phobert,0,42,threads,test,0
error_001,,False,5054,0,caption,1,1,dt4mid-phobert,0,42,threads,test,0
false_positive,,True,6051,0,caption,0,0,dt4mid-phobert,1,42,facebook,test,0
correct_prediction,,True,6443,0,caption,0,0,dt4mid-phobert,0,42,facebook,test,0
correct_prediction,,True,6603,1,caption,1,1,dt4mid-phobert,1,42,facebook,test,0
correct_prediction,,False,5760,0,caption,1,1,dt4mid-phobert,1,42,facebook,test,0
correct_prediction,,True,2538,1,caption,1,1,dt4mid-phobert,1,42,facebook,test,0
false_positive,,True,3665,0,caption,0,0,dt4mid-phobert,1,42,threads,test,0
correct_prediction,,True,2529,1,caption,1,1,dt4mid-phobert,1,42,facebook,test,0
correct_prediction,,False,4427,0,caption,0,0,dt4mid-phobert,0,42,threads,test,0
error_001,,False,1432,0,caption,1,1,dt4mid-phobert,0,42,threads,test,0
correct_prediction,,False,127,0,caption,0,0,dt4mid-phobert,0,42,threads,test,0
correct_prediction,,True,2469,1,caption,1,1,dt4mid-phobert,1,42,facebook,test,0
correct_prediction,,True,101,0,caption,1,1,dt4mid-phobert,1,42,threads,test,1
correct_prediction,,True,4199,0,caption,0,0,dt4mid-phobert,0,42,threads,test,0
correct_prediction,,True,6899,1,caption,1,1,dt4mid-phobert,1,42,facebook,test,0
false_positive,,True,523,0,caption,0,0,dt4mid-phobert,1,42,threads,test,0
correct_prediction,,True,4642,0,caption,0,0,dt4mid-phobert,0,42,threads,test,0
correct_prediction,,True,3187,0,caption,0,0,dt4mid-phobert,0,42,threads,test,0
correct_prediction,,True,1354,0,caption,0,0,dt4mid-phobert,0,42,threads,test,0
correct_prediction,,True,383,1,caption,0,0,dt4mid-phobert,0,42,threads,test,0
false_positive,,True,313,0,caption,0,0,dt4mid-phobert,1,42,threads,test,0
correct_prediction,,False,6790,0,caption,1,1,dt4mid-phobert,1,42,facebook,test,0
false_positive,,True,5964,0,caption,0,0,dt4mid-phobert,1,42,facebook,test,0
correct_prediction,,True,2999,0,caption,1,1,dt4mid-phobert,1,42,facebook,test,0
error_001,,False,4614,0,caption,1,1,dt4mid-phobert,0,42,threads,test,0
correct_prediction,,False,4360,0,caption,0,0,dt4mid-phobert,0,42,threads,test,0
correct_prediction,,False,3994,0,caption,0,0,dt4mid-phobert,0,42,threads,test,0
correct_prediction,,True,7254,0,caption,1,1,dt4mid-phobert,1,42,facebook,test,0
error_001,,False,3513,0,caption,1,1,dt4mid-phobert,0,42,threads,test,0
correct_prediction,,True,1096,0,caption,1,1,dt4mid-phobert,1,42,threads,test,1
error_001,,False,1479,0,caption,1,1,dt4mid-phobert,0,42,threads,test,0
correct_prediction,,False,4739,0,caption,0,0,dt4mid-phobert,0,42,threads,test,0
correct_prediction,,True,5826,1,caption,1,1,dt4mid-phobert,1,42,facebook,test,0
error_001,,True,1802,0,caption,1,1,dt4mid-phobert,0,42,threads,test,0
correct_prediction,,False,796,0,caption,0,0,dt4mid-phobert,0,42,threads,test,0
false_positive,,False,6155,0,caption,0,0,dt4mid-phobert,1,42,facebook,test,0
correct_prediction,,True,1808,0,caption,0,0,dt4mid-phobert,0,42,threads,test,0
false_positive,,True,7291,0,caption,0,0,dt4mid-phobert,1,42,facebook,test,0
false_positive,,True,6086,0,caption,0,0,dt4mid-phobert,1,42,facebook,test,0
error_001,,False,521,0,caption,1,1,dt4mid-phobert,0,42,threads,test,0
correct_prediction,,True,4451,0,caption,0,0,dt4mid-phobert,0,42,threads,test,0
correct_prediction,,True,6044,1,caption,1,1,dt4mid-phobert,1,42,facebook,test,0
correct_prediction,,True,644,0,caption,0,0,dt4mid-phobert,0,42,threads,test,0
false_positive,,True,4463,0,caption,0,0,dt4mid-phobert,1,42,threads,test,0
correct_prediction,,True,3956,0,caption,0,0,dt4mid-phobert,0,42,threads,test,0
false_positive,,True,1778,0,caption,0,0,dt4mid-phobert,1,42,threads,test,0
false_positive,,True,6217,0,caption,0,0,dt4mid-phobert,1,42,facebook,test,0
correct_prediction,,True,2426,1,caption,1,1,dt4mid-phobert,1,42,facebook,test,0
correct_prediction,,True,3497,0,caption,0,0,dt4mid-phobert,0,42,threads,test,1
correct_prediction,,True,2376,1,caption,1,1,dt4mid-phobert,1,42,facebook,test,0
correct_prediction,,False,2057,0,caption,1,1,dt4mid-phobert,1,42,facebook,test,0
correct_prediction,,False,2567,0,caption,1,1,dt4mid-phobert,1,42,facebook,test,0
correct_prediction,,True,6517,0,caption,1,1,dt4mid-phobert,1,42,facebook,test,0
correct_prediction,,True,2622,0,caption,1,1,dt4mid-phobert,1,42,facebook,test,0
false_positive,,False,5824,0,caption,0,0,dt4mid-phobert,1,42,facebook,test,0
error_001,,False,7239,0,caption,1,1,dt4mid-phobert,0,42,facebook,test,0
false_positive,,True,4034,0,caption,0,0,dt4mid-phobert,1,42,threads,test,0
error_001,,False,892,0,caption,1,1,dt4mid-phobert,0,42,threads,test,0
error_001,,True,502,0,caption,1,1,dt4mid-phobert,0,42,threads,test,0
error_001,,True,297,0,caption,1,1,dt4mid-phobert,0,42,threads,test,0
correct_prediction,,True,258,0,caption,1,1,dt4mid-phobert,1,42,threads,test,0
correct_prediction,,False,4889,0,caption,0,0,dt4mid-phobert,0,42,threads,test,0
correct_prediction,,True,1768,0,caption,1,1,dt4mid-phobert,1,42,threads,test,1
false_positive,,True,3930,0,caption,0,0,dt4mid-phobert,1,42,threads,test,0
correct_prediction,,True,5728,0,caption,1,1,dt4mid-phobert,1,42,facebook,test,0
correct_prediction,,True,4595,0,caption,1,1,dt4mid-phobert,1,42,threads,test,1
error_001,,True,4675,0,caption,1,1,dt4mid-phobert,0,42,threads,test,0
false_positive,,True,6359,0,caption,0,0,dt4mid-phobert,1,42,facebook,test,0
correct_prediction,,True,4492,0,caption,0,0,dt4mid-phobert,0,42,threads,test,0
correct_prediction,,False,5272,0,caption,0,0,dt4mid-phobert,0,42,threads,test,0
correct_prediction,,False,6574,0,caption,1,1,dt4mid-phobert,1,42,facebook,test,0
correct_prediction,,False,6427,0,caption,1,1,dt4mid-phobert,1,42,facebook,test,0
false_positive,,True,2327,0,caption,0,0,dt4mid-phobert,1,42,facebook,test,0
correct_prediction,,False,5249,0,caption,0,0,dt4mid-phobert,0,42,threads,test,0
correct_prediction,,False,5361,0,caption,0,0,dt4mid-phobert,0,42,threads,test,0
correct_prediction,,True,2952,0,caption,1,1,dt4mid-phobert,1,42,facebook,test,1
correct_prediction,,False,2053,0,caption,1,1,dt4mid-phobert,1,42,facebook,test,0
false_positive,,False,1020,0,caption,0,0,dt4mid-phobert,1,42,threads,test,0
correct_prediction,,True,1604,0,caption,0,0,dt4mid-phobert,0,42,threads,test,0
correct_prediction,,True,2832,0,caption,0,0,dt4mid-phobert,0,42,facebook,test,1
correct_prediction,,True,5579,0,caption,0,0,dt4mid-phobert,0,42,threads,test,0
false_positive,,False,1977,0,caption,0,0,dt4mid-phobert,1,42,facebook,test,0
correct_prediction,,True,221,0,caption,1,1,dt4mid-phobert,1,42,threads,test,1
correct_prediction,,True,4790,0,caption,0,0,dt4mid-phobert,0,42,threads,test,0
correct_prediction,,True,2839,0,caption,1,1,dt4mid-phobert,1,42,facebook,test,0
correct_prediction,,False,4604,0,caption,0,0,dt4mid-phobert,0,42,threads,test,0
correct_prediction,,True,490,0,caption,0,0,dt4mid-phobert,0,42,threads,test,0
correct_prediction,,False,4900,0,caption,0,0,dt4mid-phobert,0,42,threads,test,0
correct_prediction,,False,1206,0,caption,0,0,dt4mid-phobert,0,42,threads,test,0
correct_prediction,,False,6919,0,caption,1,1,dt4mid-phobert,1,42,facebook,test,0
correct_prediction,,False,5013,0,caption,0,0,dt4mid-phobert,0,42,threads,test,0
correct_prediction,,True,7127,0,caption,0,0,dt4mid-phobert,0,42,facebook,test,0
correct_prediction,,True,5130,0,caption,0,0,dt4mid-phobert,0,42,threads,test,0
correct_prediction,,True,6450,0,caption,0,0,dt4mid-phobert,0,42,facebook,test,0
correct_prediction,,True,3230,0,caption,0,0,dt4mid-phobert,0,42,threads,test,0
correct_prediction,,True,4827,0,caption,0,0,dt4mid-phobert,0,42,threads,test,0
correct_prediction,,True,2434,1,caption,1,1,dt4mid-phobert,1,42,facebook,test,0
correct_prediction,,True,1022,0,caption,0,0,dt4mid-phobert,0,42,threads,test,0
correct_prediction,,False,5302,0,caption,0,0,dt4mid-phobert,0,42,threads,test,0
correct_prediction,,True,3645,0,caption,0,0,dt4mid-phobert,0,42,threads,test,0
correct_prediction,,True,1037,0,caption,0,0,dt4mid-phobert,0,42,threads,test,1
correct_prediction,,True,6000,0,caption,1,1,dt4mid-phobert,1,42,facebook,test,0
correct_prediction,,True,3179,0,caption,0,0,dt4mid-phobert,0,42,threads,test,0
correct_prediction,,True,4101,1,caption,1,1,dt4mid-phobert,1,42,threads,test,0
error_001,,True,618,0,caption,1,1,dt4mid-phobert,0,42,threads,test,0
correct_prediction,,True,1671,0,caption,1,1,dt4mid-phobert,1,42,threads,test,1
false_positive,,True,4369,0,caption,0,0,dt4mid-phobert,1,42,threads,test,0
correct_prediction,,True,2428,0,caption,0,0,dt4mid-phobert,0,42,facebook,test,0
correct_prediction,,True,4304,0,caption,0,0,dt4mid-phobert,0,42,threads,test,0
correct_prediction,,True,2113,0,caption,1,1,dt4mid-phobert,1,42,facebook,test,0
correct_prediction,,False,2724,0,caption,1,1,dt4mid-phobert,1,42,facebook,test,1
correct_prediction,,False,5930,0,caption,1,1,dt4mid-phobert,1,42,facebook,test,0
correct_prediction,,False,5205,0,caption,0,0,dt4mid-phobert,0,42,threads,test,0
correct_prediction,,True,411,0,caption,1,1,dt4mid-phobert,1,42,threads,test,1
correct_prediction,,False,743,0,caption,0,0,dt4mid-phobert,0,42,threads,test,0
correct_prediction,,True,2558,1,caption,1,1,dt4mid-phobert,1,42,facebook,test,0
correct_prediction,,True,113,0,caption,1,1,dt4mid-phobert,1,42,threads,test,1
correct_prediction,,False,426,0,caption,0,0,dt4mid-phobert,0,42,threads,test,0
error_001,,True,7221,0,caption,1,1,dt4mid-phobert,0,42,facebook,test,0
correct_prediction,,True,1653,0,caption,1,1,dt4mid-phobert,1,42,threads,test,1
correct_prediction,,True,4744,0,caption,0,0,dt4mid-phobert,0,42,threads,test,0
correct_prediction,,True,7014,1,caption,1,1,dt4mid-phobert,1,42,facebook,test,0
correct_prediction,,True,6677,0,caption,1,1,dt4mid-phobert,1,42,facebook,test,0
correct_prediction,,False,5282,0,caption,0,0,dt4mid-phobert,0,42,threads,test,0
correct_prediction,,True,6037,1,caption,1,1,dt4mid-phobert,1,42,facebook,test,0
correct_prediction,,True,4241,0,caption,0,0,dt4mid-phobert,0,42,threads,test,0
correct_prediction,,False,16,0,caption,0,0,dt4mid-phobert,0,42,threads,test,0
correct_prediction,,True,26,0,caption,1,1,dt4mid-phobert,1,42,threads,test,1
false_positive,,True,256,0,caption,0,0,dt4mid-phobert,1,42,threads,test,1
correct_prediction,,True,6856,1,caption,0,0,dt4mid-phobert,0,42,facebook,test,0
false_positive,,True,4132,0,caption,0,0,dt4mid-phobert,1,42,threads,test,0
false_positive,,True,3518,0,caption,0,0,dt4mid-phobert,1,42,threads,test,0
correct_prediction,,False,1348,0,caption,0,0,dt4mid-phobert,0,42,threads,test,0
correct_prediction,,True,4057,0,caption,0,0,dt4mid-phobert,0,42,threads,test,0
correct_prediction,,False,2729,0,caption,1,1,dt4mid-phobert,1,42,facebook,test,0
correct_prediction,,True,3110,0,caption,0,0,dt4mid-phobert,0,42,threads,test,0
correct_prediction,,False,1217,0,caption,0,0,dt4mid-phobert,0,42,threads,test,0
correct_prediction,,False,5119,0,caption,0,0,dt4mid-phobert,0,42,threads,test,0
false_positive,,True,4123,0,caption,0,0,dt4mid-phobert,1,42,threads,test,0
correct_prediction,,True,3371,0,caption,0,0,dt4mid-phobert,0,42,threads,test,0
correct_prediction,,False,4607,0,caption,0,0,dt4mid-phobert,0,42,threads,test,0
correct_prediction,,True,6410,0,caption,1,1,dt4mid-phobert,1,42,facebook,test,0
false_positive,,True,2435,1,caption,0,0,dt4mid-phobert,1,42,facebook,test,0
false_positive,,True,5547,0,caption,0,0,dt4mid-phobert,1,42,threads,test,0
correct_prediction,,True,1901,0,caption,1,1,dt4mid-phobert,1,42,facebook,test,1
error_001,,True,4258,0,caption,1,1,dt4mid-phobert,0,42,threads,test,0
correct_prediction,,True,6271,0,caption,1,1,dt4mid-phobert,1,42,facebook,test,1
correct_prediction,,True,6067,0,caption,0,0,dt4mid-phobert,0,42,facebook,test,0
correct_prediction,,True,406,0,caption,0,0,dt4mid-phobert,0,42,threads,test,0
error_001,,True,3143,0,caption,1,1,dt4mid-phobert,0,42,threads,test,0
correct_prediction,,True,2992,0,caption,0,0,dt4mid-phobert,0,42,facebook,test,1
correct_prediction,,False,2792,0,caption,1,1,dt4mid-phobert,1,42,facebook,test,0
correct_prediction,,True,4507,0,caption,0,0,dt4mid-phobert,0,42,threads,test,0
error_001,,True,2308,0,caption,1,1,dt4mid-phobert,0,42,facebook,test,0
correct_prediction,,True,1248,0,caption,0,0,dt4mid-phobert,0,42,threads,test,0
correct_prediction,,True,6011,0,caption,1,1,dt4mid-phobert,1,42,facebook,test,1
correct_prediction,,True,5925,0,caption,1,1,dt4mid-phobert,1,42,facebook,test,0
correct_prediction,,True,1397,0,caption,0,0,dt4mid-phobert,0,42,threads,test,0
correct_prediction,,False,4052,0,caption,0,0,dt4mid-phobert,0,42,threads,test,0
false_positive,,False,665,0,caption,0,0,dt4mid-phobert,1,42,threads,test,0
correct_prediction,,True,462,0,caption,0,0,dt4mid-phobert,0,42,threads,test,0
correct_prediction,,True,2337,1,caption,1,1,dt4mid-phobert,1,42,facebook,test,0
correct_prediction,,True,3260,0,caption,1,1,dt4mid-phobert,1,42,threads,test,0
correct_prediction,,False,5255,0,caption,0,0,dt4mid-phobert,0,42,threads,test,0
false_positive,,False,3503,0,caption,0,0,dt4mid-phobert,1,42,threads,test,0
correct_prediction,,False,2054,0,caption,1,1,dt4mid-phobert,1,42,facebook,test,1
error_001,,False,3209,0,caption,1,1,dt4mid-phobert,0,42,threads,test,0
correct_prediction,,False,3099,0,caption,0,0,dt4mid-phobert,0,42,facebook,test,1
false_positive,,True,7058,0,caption,0,0,dt4mid-phobert,1,42,facebook,test,0
correct_prediction,,True,6116,1,caption,1,1,dt4mid-phobert,1,42,facebook,test,0
correct_prediction,,False,4698,0,caption,0,0,dt4mid-phobert,0,42,threads,test,0
correct_prediction,,True,1079,0,caption,0,0,dt4mid-phobert,0,42,threads,test,0
correct_prediction,,True,4362,1,caption,1,1,dt4mid-phobert,1,42,threads,test,0
false_positive,,True,2338,1,caption,0,0,dt4mid-phobert,1,42,facebook,test,0
correct_prediction,,True,7314,0,caption,1,1,dt4mid-phobert,1,42,facebook,test,1
correct_prediction,,False,629,0,caption,0,0,dt4mid-phobert,0,42,threads,test,0
error_001,,True,3883,0,caption,1,1,dt4mid-phobert,0,42,threads,test,0
false_positive,,True,5786,0,caption,0,0,dt4mid-phobert,1,42,facebook,test,0
false_positive,,False,3119,0,caption,0,0,dt4mid-phobert,1,42,threads,test,0
correct_prediction,,False,5894,0,caption,1,1,dt4mid-phobert,1,42,facebook,test,0
correct_prediction,,True,5084,0,caption,0,0,dt4mid-phobert,0,42,threads,test,0
correct_prediction,,False,5343,0,caption,0,0,dt4mid-phobert,0,42,threads,test,0
correct_prediction,,False,4324,0,caption,0,0,dt4mid-phobert,0,42,threads,test,0
correct_prediction,,True,1216,1,caption,1,1,dt4mid-phobert,1,42,threads,test,0
false_positive,,False,2006,0,caption,0,0,dt4mid-phobert,1,42,facebook,test,0
correct_prediction,,True,5661,0,caption,0,0,dt4mid-phobert,0,42,threads,test,0
false_positive,,True,5640,0,caption,0,0,dt4mid-phobert,1,42,threads,test,0
correct_prediction,,True,5765,0,caption,1,1,dt4mid-phobert,1,42,facebook,test,0
false_positive,,True,5803,0,caption_ocr,0,0,dt4mid-phobert,1,123,facebook,test,0
false_positive,,True,5990,0,caption_ocr,0,0,dt4mid-phobert,1,123,facebook,test,0
false_positive,,True,1024,0,caption_ocr,0,0,dt4mid-phobert,1,123,threads,test,0
correct_prediction,,True,1075,0,caption_ocr,0,0,dt4mid-phobert,0,123,threads,test,0
correct_prediction,,True,4170,0,caption_ocr,0,0,dt4mid-phobert,0,123,threads,test,0
correct_prediction,,True,599,0,caption_ocr,0,0,dt4mid-phobert,0,123,threads,test,0
correct_prediction,,False,371,0,caption_ocr,0,0,dt4mid-phobert,0,123,threads,test,0
false_positive,,False,5811,0,caption_ocr,0,0,dt4mid-phobert,1,123,facebook,test,0
false_positive,,True,5986,0,caption_ocr,0,0,dt4mid-phobert,1,123,facebook,test,0
correct_prediction,,True,6456,1,caption_ocr,1,1,dt4mid-phobert,1,123,facebook,test,1
correct_prediction,,True,6826,0,caption_ocr,1,1,dt4mid-phobert,1,123,facebook,test,0
correct_prediction,,False,859,0,caption_ocr,0,0,dt4mid-phobert,0,123,threads,test,0
correct_prediction,,False,6562,0,caption_ocr,1,1,dt4mid-phobert,1,123,facebook,test,0
correct_prediction,,True,2399,1,caption_ocr,1,1,dt4mid-phobert,1,123,facebook,test,0
correct_prediction,,False,6505,0,caption_ocr,1,1,dt4mid-phobert,1,123,facebook,test,0
correct_prediction,,True,7292,0,caption_ocr,1,1,dt4mid-phobert,1,123,facebook,test,0
correct_prediction,,True,6818,1,caption_ocr,1,1,dt4mid-phobert,1,123,facebook,test,0
correct_prediction,,False,4909,0,caption_ocr,0,0,dt4mid-phobert,0,123,threads,test,0
correct_prediction,,False,4190,0,caption_ocr,0,0,dt4mid-phobert,0,123,threads,test,0
false_positive,,True,6100,0,caption_ocr,0,0,dt4mid-phobert,1,123,facebook,test,0
correct_prediction,,True,5033,0,caption_ocr,0,0,dt4mid-phobert,0,123,threads,test,0
correct_prediction,,True,5608,0,caption_ocr,1,1,dt4mid-phobert,1,123,threads,test,0
correct_prediction,,False,4177,0,caption_ocr,0,0,dt4mid-phobert,0,123,threads,test,0
false_positive,,True,3845,0,caption_ocr,0,0,dt4mid-phobert,1,123,threads,test,0
error_001,,False,2129,0,caption_ocr,1,1,dt4mid-phobert,0,123,facebook,test,0
correct_prediction,,False,540,0,caption_ocr,1,1,dt4mid-phobert,1,123,threads,test,1
correct_prediction,,True,3054,0,caption_ocr,0,0,dt4mid-phobert,0,123,facebook,test,0
correct_prediction,,True,3867,0,caption_ocr,0,0,dt4mid-phobert,0,123,threads,test,0
correct_prediction,,False,4031,0,caption_ocr,0,0,dt4mid-phobert,0,123,threads,test,0
false_positive,,True,1767,1,caption_ocr,0,0,dt4mid-phobert,1,123,threads,test,0
correct_prediction,,True,1598,0,caption_ocr,1,1,dt4mid-phobert,1,123,threads,test,0
correct_prediction,,False,850,0,caption_ocr,0,0,dt4mid-phobert,0,123,threads,test,0
error_001,,True,5978,0,caption_ocr,1,1,dt4mid-phobert,0,123,facebook,test,0
false_positive,,True,3709,0,caption_ocr,0,0,dt4mid-phobert,1,123,threads,test,0
correct_prediction,,True,5963,1,caption_ocr,1,1,dt4mid-phobert,1,123,facebook,test,0
correct_prediction,,True,5782,1,caption_ocr,1,1,dt4mid-phobert,1,123,facebook,test,0
correct_prediction,,True,4722,0,caption_ocr,0,0,dt4mid-phobert,0,123,threads,test,0
correct_prediction,,True,1801,0,caption_ocr,1,1,dt4mid-phobert,1,123,threads,test,0
correct_prediction,,False,2768,0,caption_ocr,1,1,dt4mid-phobert,1,123,facebook,test,0
correct_prediction,,False,5737,0,caption_ocr,1,1,dt4mid-phobert,1,123,facebook,test,0
error_001,,False,1824,0,caption_ocr,1,1,dt4mid-phobert,0,123,threads,test,0
error_001,,True,2321,0,caption_ocr,1,1,dt4mid-phobert,0,123,facebook,test,0
correct_prediction,,True,6447,1,caption_ocr,1,1,dt4mid-phobert,1,123,facebook,test,0
correct_prediction,,False,2851,0,caption_ocr,1,1,dt4mid-phobert,1,123,facebook,test,1
correct_prediction,,True,255,0,caption_ocr,0,0,dt4mid-phobert,0,123,threads,test,0
correct_prediction,,True,1103,0,caption_ocr,0,0,dt4mid-phobert,0,123,threads,test,0
error_001,,True,4004,0,caption_ocr,1,1,dt4mid-phobert,0,123,threads,test,0
correct_prediction,,False,1591,0,caption_ocr,0,0,dt4mid-phobert,0,123,threads,test,0
false_positive,,False,2861,0,caption_ocr,0,0,dt4mid-phobert,1,123,facebook,test,0
correct_prediction,,True,797,0,caption_ocr,1,1,dt4mid-phobert,1,123,threads,test,0
correct_prediction,,True,2913,0,caption_ocr,1,1,dt4mid-phobert,1,123,facebook,test,1
correct_prediction,,True,6159,1,caption_ocr,1,1,dt4mid-phobert,1,123,facebook,test,0
correct_prediction,,False,7007,0,caption_ocr,1,1,dt4mid-phobert,1,123,facebook,test,0
false_positive,,True,1448,0,caption_ocr,0,0,dt4mid-phobert,1,123,threads,test,1
correct_prediction,,True,993,0,caption_ocr,0,0,dt4mid-phobert,0,123,threads,test,0
error_001,,False,1978,0,caption_ocr,1,1,dt4mid-phobert,0,123,facebook,test,0
correct_prediction,,False,5035,0,caption_ocr,0,0,dt4mid-phobert,0,123,threads,test,0
correct_prediction,,False,4647,0,caption_ocr,0,0,dt4mid-phobert,0,123,threads,test,0
correct_prediction,,False,4922,0,caption_ocr,0,0,dt4mid-phobert,0,123,threads,test,0
correct_prediction,,False,525,0,caption_ocr,0,0,dt4mid-phobert,0,123,threads,test,0
correct_prediction,,True,3878,0,caption_ocr,0,0,dt4mid-phobert,0,123,threads,test,0
correct_prediction,,False,1254,0,caption_ocr,1,1,dt4mid-phobert,1,123,threads,test,1
correct_prediction,,True,2139,0,caption_ocr,0,0,dt4mid-phobert,0,123,facebook,test,0
correct_prediction,,True,314,0,caption_ocr,0,0,dt4mid-phobert,0,123,threads,test,0
false_positive,,True,2482,1,caption_ocr,0,0,dt4mid-phobert,1,123,facebook,test,0
correct_prediction,,False,5580,0,caption_ocr,0,0,dt4mid-phobert,0,123,threads,test,0
false_positive,,True,196,0,caption_ocr,0,0,dt4mid-phobert,1,123,threads,test,0
correct_prediction,,True,6755,1,caption_ocr,1,1,dt4mid-phobert,1,123,facebook,test,0
correct_prediction,,False,6488,0,caption_ocr,1,1,dt4mid-phobert,1,123,facebook,test,1
correct_prediction,,True,5335,0,caption_ocr,0,0,dt4mid-phobert,0,123,threads,test,0
false_positive,,True,592,0,caption_ocr,0,0,dt4mid-phobert,1,123,threads,test,0
correct_prediction,,True,6168,0,caption_ocr,0,0,dt4mid-phobert,0,123,facebook,test,0
correct_prediction,,False,5293,0,caption_ocr,0,0,dt4mid-phobert,0,123,threads,test,0
correct_prediction,,True,423,0,caption_ocr,0,0,dt4mid-phobert,0,123,threads,test,0
correct_prediction,,True,6189,0,caption_ocr,0,0,dt4mid-phobert,0,123,facebook,test,0
correct_prediction,,True,1155,0,caption_ocr,0,0,dt4mid-phobert,0,123,threads,test,0
correct_prediction,,False,5197,0,caption_ocr,0,0,dt4mid-phobert,0,123,threads,test,0
false_positive,,True,464,0,caption_ocr,0,0,dt4mid-phobert,1,123,threads,test,0
correct_prediction,,True,6645,1,caption_ocr,1,1,dt4mid-phobert,1,123,facebook,test,0
false_positive,,False,3992,0,caption_ocr,0,0,dt4mid-phobert,1,123,threads,test,0
correct_prediction,,True,2916,0,caption_ocr,1,1,dt4mid-phobert,1,123,facebook,test,0
correct_prediction,,True,1234,0,caption_ocr,1,1,dt4mid-phobert,1,123,threads,test,1
correct_prediction,,True,6098,0,caption_ocr,1,1,dt4mid-phobert,1,123,facebook,test,0
correct_prediction,,False,735,0,caption_ocr,0,0,dt4mid-phobert,0,123,threads,test,0
false_positive,,True,134,1,caption_ocr,0,0,dt4mid-phobert,1,123,threads,test,0
correct_prediction,,False,6907,0,caption_ocr,1,1,dt4mid-phobert,1,123,facebook,test,1
false_positive,,True,793,0,caption_ocr,0,0,dt4mid-phobert,1,123,threads,test,0
error_001,,False,4475,0,caption_ocr,1,1,dt4mid-phobert,0,123,threads,test,0
correct_prediction,,True,4403,0,caption_ocr,0,0,dt4mid-phobert,0,123,threads,test,0
correct_prediction,,True,1657,0,caption_ocr,1,1,dt4mid-phobert,1,123,threads,test,1
false_positive,,True,533,0,caption_ocr,0,0,dt4mid-phobert,1,123,threads,test,1
correct_prediction,,False,6861,0,caption_ocr,1,1,dt4mid-phobert,1,123,facebook,test,0
correct_prediction,,True,4136,0,caption_ocr,0,0,dt4mid-phobert,0,123,threads,test,0
correct_prediction,,True,6962,0,caption_ocr,1,1,dt4mid-phobert,1,123,facebook,test,0
correct_prediction,,True,1716,0,caption_ocr,1,1,dt4mid-phobert,1,123,threads,test,0
correct_prediction,,True,6983,0,caption_ocr,1,1,dt4mid-phobert,1,123,facebook,test,0
correct_prediction,,True,3705,0,caption_ocr,0,0,dt4mid-phobert,0,123,threads,test,0
correct_prediction,,True,3887,0,caption_ocr,0,0,dt4mid-phobert,0,123,threads,test,0
correct_prediction,,True,4269,0,caption_ocr,0,0,dt4mid-phobert,0,123,threads,test,0
correct_prediction,,True,860,0,caption_ocr,0,0,dt4mid-phobert,0,123,threads,test,0
correct_prediction,,True,2042,0,caption_ocr,1,1,dt4mid-phobert,1,123,facebook,test,0
correct_prediction,,True,5835,0,caption_ocr,1,1,dt4mid-phobert,1,123,facebook,test,0
false_positive,,False,1953,0,caption_ocr,0,0,dt4mid-phobert,1,123,facebook,test,0
correct_prediction,,False,6414,0,caption_ocr,1,1,dt4mid-phobert,1,123,facebook,test,0
correct_prediction,,False,6537,0,caption_ocr,1,1,dt4mid-phobert,1,123,facebook,test,0
false_positive,,False,5825,0,caption_ocr,0,0,dt4mid-phobert,1,123,facebook,test,0
correct_prediction,,True,2096,0,caption_ocr,0,0,dt4mid-phobert,0,123,facebook,test,1
false_positive,,True,2627,0,caption_ocr,0,0,dt4mid-phobert,1,123,facebook,test,0
false_positive,,False,2757,0,caption_ocr,0,0,dt4mid-phobert,1,123,facebook,test,0
correct_prediction,,True,1684,0,caption_ocr,0,0,dt4mid-phobert,0,123,threads,test,0
error_001,,True,2005,0,caption_ocr,1,1,dt4mid-phobert,0,123,facebook,test,0
correct_prediction,,True,5927,0,caption_ocr,1,1,dt4mid-phobert,1,123,facebook,test,1
correct_prediction,,True,5014,0,caption_ocr,0,0,dt4mid-phobert,0,123,threads,test,0
correct_prediction,,True,4892,0,caption_ocr,0,0,dt4mid-phobert,0,123,threads,test,0
correct_prediction,,False,5589,0,caption_ocr,0,0,dt4mid-phobert,0,123,threads,test,0
correct_prediction,,True,2206,0,caption_ocr,0,0,dt4mid-phobert,0,123,facebook,test,1
correct_prediction,,False,5202,0,caption_ocr,0,0,dt4mid-phobert,0,123,threads,test,0
correct_prediction,,False,2656,1,caption_ocr,1,1,dt4mid-phobert,1,123,facebook,test,1
false_positive,,True,1329,0,caption_ocr,0,0,dt4mid-phobert,1,123,threads,test,1
error_001,,True,47,0,caption_ocr,1,1,dt4mid-phobert,0,123,threads,test,0
correct_prediction,,True,6746,1,caption_ocr,1,1,dt4mid-phobert,1,123,facebook,test,0
correct_prediction,,False,3398,0,caption_ocr,1,1,dt4mid-phobert,1,123,threads,test,0
correct_prediction,,False,3695,0,caption_ocr,0,0,dt4mid-phobert,0,123,threads,test,0
correct_prediction,,True,3365,0,caption_ocr,0,0,dt4mid-phobert,0,123,threads,test,1
false_positive,,True,513,0,caption_ocr,0,0,dt4mid-phobert,1,123,threads,test,0
false_positive,,False,7022,0,caption_ocr,0,0,dt4mid-phobert,1,123,facebook,test,0
false_positive,,True,2459,0,caption_ocr,0,0,dt4mid-phobert,1,123,facebook,test,0
correct_prediction,,True,1813,0,caption_ocr,1,1,dt4mid-phobert,1,123,threads,test,0
correct_prediction,,True,4433,0,caption_ocr,1,1,dt4mid-phobert,1,123,threads,test,1
correct_prediction,,True,1761,0,caption_ocr,0,0,dt4mid-phobert,0,123,threads,test,0
correct_prediction,,False,800,0,caption_ocr,0,0,dt4mid-phobert,0,123,threads,test,0
false_positive,,True,107,0,caption_ocr,0,0,dt4mid-phobert,1,123,threads,test,1
false_positive,,True,980,0,caption_ocr,0,0,dt4mid-phobert,1,123,threads,test,0
false_positive,,False,4819,0,caption_ocr,0,0,dt4mid-phobert,1,123,threads,test,0
correct_prediction,,True,4321,0,caption_ocr,0,0,dt4mid-phobert,0,123,threads,test,0
correct_prediction,,True,2506,1,caption_ocr,1,1,dt4mid-phobert,1,123,facebook,test,0
error_001,,True,1126,0,caption_ocr,1,1,dt4mid-phobert,0,123,threads,test,0
correct_prediction,,True,1570,0,caption_ocr,0,0,dt4mid-phobert,0,123,threads,test,0
correct_prediction,,True,2368,1,caption_ocr,0,0,dt4mid-phobert,0,123,facebook,test,0
correct_prediction,,True,4037,0,caption_ocr,0,0,dt4mid-phobert,0,123,threads,test,0
correct_prediction,,True,1863,1,caption_ocr,1,1,dt4mid-phobert,1,123,facebook,test,0
correct_prediction,,True,1635,0,caption_ocr,0,0,dt4mid-phobert,0,123,threads,test,0
correct_prediction,,False,6894,0,caption_ocr,1,1,dt4mid-phobert,1,123,facebook,test,0
correct_prediction,,False,5474,0,caption_ocr,0,0,dt4mid-phobert,0,123,threads,test,0
false_positive,,True,1791,0,caption_ocr,0,0,dt4mid-phobert,1,123,threads,test,1
correct_prediction,,False,6547,0,caption_ocr,1,1,dt4mid-phobert,1,123,facebook,test,1
correct_prediction,,True,7209,0,caption_ocr,1,1,dt4mid-phobert,1,123,facebook,test,0
correct_prediction,,True,5072,0,caption_ocr,0,0,dt4mid-phobert,0,123,threads,test,0
correct_prediction,,True,7123,0,caption_ocr,0,0,dt4mid-phobert,0,123,facebook,test,0
false_positive,,True,2233,1,caption_ocr,0,0,dt4mid-phobert,1,123,facebook,test,0
correct_prediction,,True,1452,1,caption_ocr,1,1,dt4mid-phobert,1,123,threads,test,0
correct_prediction,,False,2015,0,caption_ocr,1,1,dt4mid-phobert,1,123,facebook,test,0
error_001,,False,6784,0,caption_ocr,1,1,dt4mid-phobert,0,123,facebook,test,0
correct_prediction,,True,403,0,caption_ocr,0,0,dt4mid-phobert,0,123,threads,test,0
correct_prediction,,True,6090,0,caption_ocr,0,0,dt4mid-phobert,0,123,facebook,test,0
correct_prediction,,False,677,0,caption_ocr,0,0,dt4mid-phobert,0,123,threads,test,0
error_001,,True,6493,0,caption_ocr,1,1,dt4mid-phobert,0,123,facebook,test,0
correct_prediction,,False,5495,0,caption_ocr,0,0,dt4mid-phobert,0,123,threads,test,0
correct_prediction,,True,5802,0,caption_ocr,1,1,dt4mid-phobert,1,123,facebook,test,0
correct_prediction,,True,6800,0,caption_ocr,1,1,dt4mid-phobert,1,123,facebook,test,0
correct_prediction,,False,3949,0,caption_ocr,0,0,dt4mid-phobert,0,123,threads,test,0
error_001,,True,2320,0,caption_ocr,1,1,dt4mid-phobert,0,123,facebook,test,0
correct_prediction,,False,3805,0,caption_ocr,0,0,dt4mid-phobert,0,123,threads,test,0
correct_prediction,,True,6404,0,caption_ocr,0,0,dt4mid-phobert,0,123,facebook,test,0
correct_prediction,,False,4036,0,caption_ocr,0,0,dt4mid-phobert,0,123,threads,test,0
correct_prediction,,True,2397,1,caption_ocr,1,1,dt4mid-phobert,1,123,facebook,test,0
correct_prediction,,True,3609,0,caption_ocr,0,0,dt4mid-phobert,0,123,threads,test,0
correct_prediction,,False,4950,0,caption_ocr,0,0,dt4mid-phobert,0,123,threads,test,0
correct_prediction,,False,6884,0,caption_ocr,1,1,dt4mid-phobert,1,123,facebook,test,1
correct_prediction,,False,7228,0,caption_ocr,1,1,dt4mid-phobert,1,123,facebook,test,0
correct_prediction,,False,4770,0,caption_ocr,0,0,dt4mid-phobert,0,123,threads,test,0
correct_prediction,,True,2744,0,caption_ocr,1,1,dt4mid-phobert,1,123,facebook,test,0
correct_prediction,,True,4924,0,caption_ocr,0,0,dt4mid-phobert,0,123,threads,test,0
correct_prediction,,True,3104,0,caption_ocr,1,1,dt4mid-phobert,1,123,threads,test,1
correct_prediction,,True,5906,0,caption_ocr,0,0,dt4mid-phobert,0,123,facebook,test,0
false_positive,,True,6375,0,caption_ocr,0,0,dt4mid-phobert,1,123,facebook,test,0
correct_prediction,,True,2438,0,caption_ocr,1,1,dt4mid-phobert,1,123,facebook,test,0
error_001,,False,4611,0,caption_ocr,1,1,dt4mid-phobert,0,123,threads,test,0
correct_prediction,,True,3164,0,caption_ocr,1,1,dt4mid-phobert,1,123,threads,test,0
correct_prediction,,True,2929,0,caption_ocr,1,1,dt4mid-phobert,1,123,facebook,test,0
error_001,,False,6564,0,caption_ocr,1,1,dt4mid-phobert,0,123,facebook,test,0
false_positive,,True,3857,0,caption_ocr,0,0,dt4mid-phobert,1,123,threads,test,0
false_positive,,True,1054,0,caption_ocr,0,0,dt4mid-phobert,1,123,threads,test,0
correct_prediction,,False,6734,0,caption_ocr,1,1,dt4mid-phobert,1,123,facebook,test,0
correct_prediction,,True,7011,1,caption_ocr,1,1,dt4mid-phobert,1,123,facebook,test,0
false_positive,,False,5961,0,caption_ocr,0,0,dt4mid-phobert,1,123,facebook,test,0
correct_prediction,,True,4574,0,caption_ocr,1,1,dt4mid-phobert,1,123,threads,test,1
correct_prediction,,True,2064,0,caption_ocr,0,0,dt4mid-phobert,0,123,facebook,test,0
correct_prediction,,False,3666,0,caption_ocr,0,0,dt4mid-phobert,0,123,threads,test,0
correct_prediction,,True,3040,0,caption_ocr,1,1,dt4mid-phobert,1,123,facebook,test,1
error_001,,False,1392,0,caption_ocr,1,1,dt4mid-phobert,0,123,threads,test,0
false_positive,,True,3125,0,caption_ocr,0,0,dt4mid-phobert,1,123,threads,test,0
correct_prediction,,True,5288,0,caption_ocr,0,0,dt4mid-phobert,0,123,threads,test,0
correct_prediction,,False,6679,0,caption_ocr,1,1,dt4mid-phobert,1,123,facebook,test,1
error_001,,False,591,0,caption_ocr,1,1,dt4mid-phobert,0,123,threads,test,0
correct_prediction,,False,6634,0,caption_ocr,1,1,dt4mid-phobert,1,123,facebook,test,0
correct_prediction,,True,1280,1,caption_ocr,1,1,dt4mid-phobert,1,123,threads,test,0
correct_prediction,,True,430,1,caption_ocr,1,1,dt4mid-phobert,1,123,threads,test,0
correct_prediction,,False,889,0,caption_ocr,0,0,dt4mid-phobert,0,123,threads,test,0
correct_prediction,,False,5371,0,caption_ocr,0,0,dt4mid-phobert,0,123,threads,test,0
correct_prediction,,True,715,0,caption_ocr,0,0,dt4mid-phobert,0,123,threads,test,0
false_positive,,True,2463,0,caption_ocr,0,0,dt4mid-phobert,1,123,facebook,test,0
correct_prediction,,True,4461,0,caption_ocr,1,1,dt4mid-phobert,1,123,threads,test,0
correct_prediction,,True,4232,0,caption_ocr,0,0,dt4mid-phobert,0,123,threads,test,0
correct_prediction,,True,3091,0,caption_ocr,1,1,dt4mid-phobert,1,123,facebook,test,1
error_001,,True,3372,0,caption_ocr,1,1,dt4mid-phobert,0,123,threads,test,0
correct_prediction,,True,6297,1,caption_ocr,1,1,dt4mid-phobert,1,123,facebook,test,0
correct_prediction,,False,4881,0,caption_ocr,0,0,dt4mid-phobert,0,123,threads,test,0
false_positive,,True,1480,0,caption_ocr,0,0,dt4mid-phobert,1,123,threads,test,1
correct_prediction,,True,116,0,caption_ocr,1,1,dt4mid-phobert,1,123,threads,test,0
false_positive,,True,6181,0,caption_ocr,0,0,dt4mid-phobert,1,123,facebook,test,0
false_positive,,False,721,0,caption_ocr,0,0,dt4mid-phobert,1,123,threads,test,0
correct_prediction,,False,5590,0,caption_ocr,0,0,dt4mid-phobert,0,123,threads,test,0
false_positive,,False,4504,0,caption_ocr,0,0,dt4mid-phobert,1,123,threads,test,0
correct_prediction,,False,1121,0,caption_ocr,0,0,dt4mid-phobert,0,123,threads,test,0
correct_prediction,,False,5224,0,caption_ocr,0,0,dt4mid-phobert,0,123,threads,test,0
correct_prediction,,True,1623,0,caption_ocr,0,0,dt4mid-phobert,0,123,threads,test,0
false_positive,,False,4503,0,caption_ocr,0,0,dt4mid-phobert,1,123,threads,test,0
correct_prediction,,True,188,0,caption_ocr,0,0,dt4mid-phobert,0,123,threads,test,1
error_001,,True,276,0,caption_ocr,1,1,dt4mid-phobert,0,123,threads,test,0
correct_prediction,,False,4625,0,caption_ocr,0,0,dt4mid-phobert,0,123,threads,test,0
correct_prediction,,True,4164,0,caption_ocr,0,0,dt4mid-phobert,0,123,threads,test,0
error_001,,True,6329,0,caption_ocr,1,1,dt4mid-phobert,0,123,facebook,test,0
correct_prediction,,True,4964,0,caption_ocr,0,0,dt4mid-phobert,0,123,threads,test,0
correct_prediction,,True,4669,0,caption_ocr,0,0,dt4mid-phobert,0,123,threads,test,0
false_positive,,True,4201,0,caption_ocr,0,0,dt4mid-phobert,1,123,threads,test,0
correct_prediction,,False,2830,1,caption_ocr,1,1,dt4mid-phobert,1,123,facebook,test,1
correct_prediction,,True,1714,0,caption_ocr,1,1,dt4mid-phobert,1,123,threads,test,0
error_001,,True,209,0,caption_ocr,1,1,dt4mid-phobert,0,123,threads,test,0
error_001,,True,4048,0,caption_ocr,1,1,dt4mid-phobert,0,123,threads,test,0
correct_prediction,,True,6968,1,caption_ocr,1,1,dt4mid-phobert,1,123,facebook,test,0
correct_prediction,,True,2151,1,caption_ocr,1,1,dt4mid-phobert,1,123,facebook,test,0
correct_prediction,,True,5565,0,caption_ocr,0,0,dt4mid-phobert,0,123,threads,test,0
correct_prediction,,False,6476,0,caption_ocr,1,1,dt4mid-phobert,1,123,facebook,test,0
correct_prediction,,True,5666,0,caption_ocr,0,0,dt4mid-phobert,0,123,threads,test,0
correct_prediction,,False,3827,0,caption_ocr,0,0,dt4mid-phobert,0,123,threads,test,0
error_001,,False,1207,0,caption_ocr,1,1,dt4mid-phobert,0,123,threads,test,0
false_positive,,True,6735,0,caption_ocr,0,0,dt4mid-phobert,1,123,facebook,test,0
correct_prediction,,False,2077,0,caption_ocr,1,1,dt4mid-phobert,1,123,facebook,test,1
correct_prediction,,True,932,0,caption_ocr,0,0,dt4mid-phobert,0,123,threads,test,0
false_positive,,True,235,0,caption_ocr,0,0,dt4mid-phobert,1,123,threads,test,0
correct_prediction,,False,593,0,caption_ocr,0,0,dt4mid-phobert,0,123,threads,test,0
false_positive,,True,2166,0,caption_ocr,0,0,dt4mid-phobert,1,123,facebook,test,0
correct_prediction,,True,6353,0,caption_ocr,0,0,dt4mid-phobert,0,123,facebook,test,0
correct_prediction,,True,137,0,caption_ocr,0,0,dt4mid-phobert,0,123,threads,test,0
correct_prediction,,False,4545,0,caption_ocr,0,0,dt4mid-phobert,0,123,threads,test,0
correct_prediction,,False,4901,0,caption_ocr,0,0,dt4mid-phobert,0,123,threads,test,0
correct_prediction,,True,333,0,caption_ocr,0,0,dt4mid-phobert,0,123,threads,test,0
correct_prediction,,False,4040,0,caption_ocr,0,0,dt4mid-phobert,0,123,threads,test,0
correct_prediction,,True,289,0,caption_ocr,0,0,dt4mid-phobert,0,123,threads,test,0
correct_prediction,,True,361,0,caption_ocr,0,0,dt4mid-phobert,0,123,threads,test,0
false_positive,,True,2216,0,caption_ocr,0,0,dt4mid-phobert,1,123,facebook,test,0
correct_prediction,,True,2356,1,caption_ocr,1,1,dt4mid-phobert,1,123,facebook,test,0
correct_prediction,,True,1686,0,caption_ocr,0,0,dt4mid-phobert,0,123,threads,test,0
correct_prediction,,False,6644,0,caption_ocr,1,1,dt4mid-phobert,1,123,facebook,test,0
false_positive,,True,2715,0,caption_ocr,0,0,dt4mid-phobert,1,123,facebook,test,0
correct_prediction,,True,3510,0,caption_ocr,0,0,dt4mid-phobert,0,123,threads,test,0
error_001,,True,5575,0,caption_ocr,1,1,dt4mid-phobert,0,123,threads,test,0
correct_prediction,,True,548,0,caption_ocr,0,0,dt4mid-phobert,0,123,threads,test,0
correct_prediction,,True,427,0,caption_ocr,0,0,dt4mid-phobert,0,123,threads,test,0
correct_prediction,,True,5880,0,caption_ocr,0,0,dt4mid-phobert,0,123,facebook,test,0
correct_prediction,,False,4651,0,caption_ocr,0,0,dt4mid-phobert,0,123,threads,test,0
correct_prediction,,True,3635,0,caption_ocr,0,0,dt4mid-phobert,0,123,threads,test,0
correct_prediction,,True,1325,1,caption_ocr,1,1,dt4mid-phobert,1,123,threads,test,0
correct_prediction,,False,4510,0,caption_ocr,0,0,dt4mid-phobert,0,123,threads,test,0
correct_prediction,,True,5245,0,caption_ocr,0,0,dt4mid-phobert,0,123,threads,test,0
correct_prediction,,False,2629,0,caption_ocr,1,1,dt4mid-phobert,1,123,facebook,test,0
correct_prediction,,True,5061,0,caption_ocr,0,0,dt4mid-phobert,0,123,threads,test,0
correct_prediction,,True,2280,1,caption_ocr,1,1,dt4mid-phobert,1,123,facebook,test,0
correct_prediction,,False,6615,1,caption_ocr,1,1,dt4mid-phobert,1,123,facebook,test,1
false_positive,,True,3850,0,caption_ocr,0,0,dt4mid-phobert,1,123,threads,test,0
correct_prediction,,False,3533,0,caption_ocr,0,0,dt4mid-phobert,0,123,threads,test,0
false_positive,,True,7009,0,caption_ocr,0,0,dt4mid-phobert,1,123,facebook,test,0
false_positive,,True,5548,0,caption_ocr,0,0,dt4mid-phobert,1,123,threads,test,0
false_positive,,True,2215,0,caption_ocr,0,0,dt4mid-phobert,1,123,facebook,test,0
correct_prediction,,True,2229,0,caption_ocr,0,0,dt4mid-phobert,0,123,facebook,test,0
correct_prediction,,True,2947,0,caption_ocr,1,1,dt4mid-phobert,1,123,facebook,test,0
correct_prediction,,True,4088,0,caption_ocr,0,0,dt4mid-phobert,0,123,threads,test,0
correct_prediction,,False,1574,0,caption_ocr,0,0,dt4mid-phobert,0,123,threads,test,0
correct_prediction,,False,2713,0,caption_ocr,1,1,dt4mid-phobert,1,123,facebook,test,0
false_positive,,True,3881,0,caption_ocr,0,0,dt4mid-phobert,1,123,threads,test,0
correct_prediction,,True,1734,0,caption_ocr,0,0,dt4mid-phobert,0,123,threads,test,0
correct_prediction,,True,6961,0,caption_ocr,0,0,dt4mid-phobert,0,123,facebook,test,0
correct_prediction,,True,4575,0,caption_ocr,0,0,dt4mid-phobert,0,123,threads,test,0
correct_prediction,,True,1417,0,caption_ocr,0,0,dt4mid-phobert,0,123,threads,test,0
correct_prediction,,True,3267,0,caption_ocr,0,0,dt4mid-phobert,0,123,threads,test,0
correct_prediction,,False,1298,0,caption_ocr,0,0,dt4mid-phobert,0,123,threads,test,0
correct_prediction,,True,7214,0,caption_ocr,1,1,dt4mid-phobert,1,123,facebook,test,0
correct_prediction,,False,5140,0,caption_ocr,0,0,dt4mid-phobert,0,123,threads,test,0
false_positive,,True,7215,0,caption_ocr,0,0,dt4mid-phobert,1,123,facebook,test,0
correct_prediction,,True,619,0,caption_ocr,1,1,dt4mid-phobert,1,123,threads,test,0
correct_prediction,,True,2894,0,caption_ocr,1,1,dt4mid-phobert,1,123,facebook,test,0
correct_prediction,,True,668,0,caption_ocr,0,0,dt4mid-phobert,0,123,threads,test,0
correct_prediction,,True,308,0,caption_ocr,1,1,dt4mid-phobert,1,123,threads,test,0
correct_prediction,,True,2727,1,caption_ocr,1,1,dt4mid-phobert,1,123,facebook,test,0
false_positive,,False,1107,0,caption_ocr,0,0,dt4mid-phobert,1,123,threads,test,1
correct_prediction,,False,834,0,caption_ocr,0,0,dt4mid-phobert,0,123,threads,test,0
correct_prediction,,True,30,0,caption_ocr,0,0,dt4mid-phobert,0,123,threads,test,0
false_positive,,True,2564,0,caption_ocr,0,0,dt4mid-phobert,1,123,facebook,test,0
correct_prediction,,False,3673,0,caption_ocr,0,0,dt4mid-phobert,0,123,threads,test,0
false_positive,,True,2048,0,caption_ocr,0,0,dt4mid-phobert,1,123,facebook,test,0
correct_prediction,,True,2303,0,caption_ocr,0,0,dt4mid-phobert,0,123,facebook,test,0
correct_prediction,,True,4498,0,caption_ocr,0,0,dt4mid-phobert,0,123,threads,test,0
correct_prediction,,False,5995,0,caption_ocr,1,1,dt4mid-phobert,1,123,facebook,test,0
correct_prediction,,True,1464,0,caption_ocr,0,0,dt4mid-phobert,0,123,threads,test,0
correct_prediction,,False,2831,0,caption_ocr,1,1,dt4mid-phobert,1,123,facebook,test,1
correct_prediction,,True,147,0,caption_ocr,0,0,dt4mid-phobert,0,123,threads,test,0
correct_prediction,,True,6310,1,caption_ocr,1,1,dt4mid-phobert,1,123,facebook,test,0
error_001,,True,7328,0,caption_ocr,1,1,dt4mid-phobert,0,123,facebook,test,0
false_positive,,False,2818,0,caption_ocr,0,0,dt4mid-phobert,1,123,facebook,test,0
correct_prediction,,True,5703,0,caption_ocr,0,0,dt4mid-phobert,0,123,facebook,test,0
correct_prediction,,True,691,0,caption_ocr,1,1,dt4mid-phobert,1,123,threads,test,1
correct_prediction,,False,817,0,caption_ocr,0,0,dt4mid-phobert,0,123,threads,test,0
correct_prediction,,False,3622,0,caption_ocr,0,0,dt4mid-phobert,0,123,threads,test,0
correct_prediction,,False,5024,0,caption_ocr,0,0,dt4mid-phobert,0,123,threads,test,0
correct_prediction,,False,2203,0,caption_ocr,1,1,dt4mid-phobert,1,123,facebook,test,0
correct_prediction,,False,6536,0,caption_ocr,1,1,dt4mid-phobert,1,123,facebook,test,0
correct_prediction,,False,204,0,caption_ocr,0,0,dt4mid-phobert,0,123,threads,test,1
error_001,,True,491,0,caption_ocr,1,1,dt4mid-phobert,0,123,threads,test,0
correct_prediction,,False,1960,0,caption_ocr,0,0,dt4mid-phobert,0,123,facebook,test,0
correct_prediction,,False,718,0,caption_ocr,0,0,dt4mid-phobert,0,123,threads,test,0
false_positive,,True,6394,0,caption_ocr,0,0,dt4mid-phobert,1,123,facebook,test,0
correct_prediction,,False,53,0,caption_ocr,1,1,dt4mid-phobert,1,123,threads,test,0
false_positive,,False,2787,0,caption_ocr,0,0,dt4mid-phobert,1,123,facebook,test,0
correct_prediction,,True,5089,0,caption_ocr,0,0,dt4mid-phobert,0,123,threads,test,0
correct_prediction,,True,2882,0,caption_ocr,1,1,dt4mid-phobert,1,123,facebook,test,1
false_positive,,True,1789,0,caption_ocr,0,0,dt4mid-phobert,1,123,threads,test,1
error_001,,False,6978,0,caption_ocr,1,1,dt4mid-phobert,0,123,facebook,test,0
correct_prediction,,True,6577,0,caption_ocr,1,1,dt4mid-phobert,1,123,facebook,test,0
correct_prediction,,True,3769,0,caption_ocr,0,0,dt4mid-phobert,0,123,threads,test,0
correct_prediction,,False,335,0,caption_ocr,0,0,dt4mid-phobert,0,123,threads,test,0
correct_prediction,,True,5219,0,caption_ocr,0,0,dt4mid-phobert,0,123,threads,test,0
correct_prediction,,True,7086,0,caption_ocr,0,0,dt4mid-phobert,0,123,facebook,test,0
error_001,,True,3896,0,caption_ocr,1,1,dt4mid-phobert,0,123,threads,test,0
correct_prediction,,False,1930,0,caption_ocr,1,1,dt4mid-phobert,1,123,facebook,test,1
correct_prediction,,True,2590,0,caption_ocr,0,0,dt4mid-phobert,0,123,facebook,test,0
false_positive,,True,7049,0,caption_ocr,0,0,dt4mid-phobert,1,123,facebook,test,0
correct_prediction,,False,2805,0,caption_ocr,1,1,dt4mid-phobert,1,123,facebook,test,0
correct_prediction,,True,3496,0,caption_ocr,0,0,dt4mid-phobert,0,123,threads,test,0
correct_prediction,,True,2367,1,caption_ocr,1,1,dt4mid-phobert,1,123,facebook,test,0
correct_prediction,,True,3746,0,caption_ocr,1,1,dt4mid-phobert,1,123,threads,test,0
false_positive,,True,6337,0,caption_ocr,0,0,dt4mid-phobert,1,123,facebook,test,0
error_001,,True,4887,0,caption_ocr,1,1,dt4mid-phobert,0,123,threads,test,0
correct_prediction,,True,2585,1,caption_ocr,1,1,dt4mid-phobert,1,123,facebook,test,0
correct_prediction,,True,2134,0,caption_ocr,0,0,dt4mid-phobert,0,123,facebook,test,0
correct_prediction,,False,3685,0,caption_ocr,0,0,dt4mid-phobert,0,123,threads,test,0
error_001,,False,5736,0,caption_ocr,1,1,dt4mid-phobert,0,123,facebook,test,0
false_positive,,True,3225,0,caption_ocr,0,0,dt4mid-phobert,1,123,threads,test,0
correct_prediction,,True,5074,0,caption_ocr,0,0,dt4mid-phobert,0,123,threads,test,0
correct_prediction,,True,3866,0,caption_ocr,0,0,dt4mid-phobert,0,123,threads,test,0
correct_prediction,,True,2695,0,caption_ocr,1,1,dt4mid-phobert,1,123,facebook,test,1
false_positive,,True,3968,0,caption_ocr,0,0,dt4mid-phobert,1,123,threads,test,0
correct_prediction,,True,6957,1,caption_ocr,1,1,dt4mid-phobert,1,123,facebook,test,0
correct_prediction,,False,4720,0,caption_ocr,0,0,dt4mid-phobert,0,123,threads,test,0
correct_prediction,,False,3713,0,caption_ocr,0,0,dt4mid-phobert,0,123,threads,test,0
correct_prediction,,False,1809,0,caption_ocr,0,0,dt4mid-phobert,0,123,threads,test,0
correct_prediction,,False,6942,0,caption_ocr,1,1,dt4mid-phobert,1,123,facebook,test,1
correct_prediction,,True,3678,0,caption_ocr,0,0,dt4mid-phobert,0,123,threads,test,0
correct_prediction,,True,7289,1,caption_ocr,1,1,dt4mid-phobert,1,123,facebook,test,0
correct_prediction,,False,1974,0,caption_ocr,0,0,dt4mid-phobert,0,123,facebook,test,0
correct_prediction,,False,4805,0,caption_ocr,0,0,dt4mid-phobert,0,123,threads,test,0
correct_prediction,,True,3940,0,caption_ocr,1,1,dt4mid-phobert,1,123,threads,test,1
correct_prediction,,True,4026,0,caption_ocr,0,0,dt4mid-phobert,0,123,threads,test,1
false_positive,,True,557,0,caption_ocr,0,0,dt4mid-phobert,1,123,threads,test,0
error_001,,True,2187,0,caption_ocr,1,1,dt4mid-phobert,0,123,facebook,test,0
error_001,,True,1647,0,caption_ocr,1,1,dt4mid-phobert,0,123,threads,test,0
correct_prediction,,True,3485,0,caption_ocr,1,1,dt4mid-phobert,1,123,threads,test,1
correct_prediction,,True,6436,0,caption_ocr,1,1,dt4mid-phobert,1,123,facebook,test,0
correct_prediction,,True,4220,0,caption_ocr,0,0,dt4mid-phobert,0,123,threads,test,0
correct_prediction,,False,138,0,caption_ocr,0,0,dt4mid-phobert,0,123,threads,test,0
error_001,,True,2639,0,caption_ocr,1,1,dt4mid-phobert,0,123,facebook,test,0
correct_prediction,,False,4705,0,caption_ocr,0,0,dt4mid-phobert,0,123,threads,test,0
correct_prediction,,True,3475,0,caption_ocr,0,0,dt4mid-phobert,0,123,threads,test,0
correct_prediction,,True,1056,0,caption_ocr,0,0,dt4mid-phobert,0,123,threads,test,0
error_001,,True,1453,0,caption_ocr,1,1,dt4mid-phobert,0,123,threads,test,0
correct_prediction,,True,1702,0,caption_ocr,1,1,dt4mid-phobert,1,123,threads,test,1
error_001,,True,5220,0,caption_ocr,1,1,dt4mid-phobert,0,123,threads,test,0
correct_prediction,,False,6847,0,caption_ocr,1,1,dt4mid-phobert,1,123,facebook,test,0
correct_prediction,,False,3219,0,caption_ocr,0,0,dt4mid-phobert,0,123,threads,test,0
correct_prediction,,True,1040,0,caption_ocr,0,0,dt4mid-phobert,0,123,threads,test,0
correct_prediction,,True,1703,1,caption_ocr,1,1,dt4mid-phobert,1,123,threads,test,1
correct_prediction,,True,1271,0,caption_ocr,0,0,dt4mid-phobert,0,123,threads,test,0
correct_prediction,,True,2870,0,caption_ocr,1,1,dt4mid-phobert,1,123,facebook,test,1
correct_prediction,,True,4764,0,caption_ocr,0,0,dt4mid-phobert,0,123,threads,test,0
false_positive,,False,4635,0,caption_ocr,0,0,dt4mid-phobert,1,123,threads,test,0
correct_prediction,,True,4713,0,caption_ocr,0,0,dt4mid-phobert,0,123,threads,test,0
correct_prediction,,True,4718,0,caption_ocr,0,0,dt4mid-phobert,0,123,threads,test,0
correct_prediction,,True,5865,1,caption_ocr,1,1,dt4mid-phobert,1,123,facebook,test,0
correct_prediction,,False,5047,0,caption_ocr,0,0,dt4mid-phobert,0,123,threads,test,0
correct_prediction,,True,2358,0,caption_ocr,1,1,dt4mid-phobert,1,123,facebook,test,0
correct_prediction,,True,2093,0,caption_ocr,0,0,dt4mid-phobert,0,123,facebook,test,0
correct_prediction,,False,5077,0,caption_ocr,0,0,dt4mid-phobert,0,123,threads,test,0
error_001,,False,3731,0,caption_ocr,1,1,dt4mid-phobert,0,123,threads,test,0
correct_prediction,,True,1660,0,caption_ocr,1,1,dt4mid-phobert,1,123,threads,test,1
correct_prediction,,False,3788,0,caption_ocr,0,0,dt4mid-phobert,0,123,threads,test,0
correct_prediction,,True,4435,0,caption_ocr,0,0,dt4mid-phobert,0,123,threads,test,0
false_positive,,True,3079,0,caption_ocr,0,0,dt4mid-phobert,1,123,facebook,test,0
correct_prediction,,True,5515,0,caption_ocr,0,0,dt4mid-phobert,0,123,threads,test,0
correct_prediction,,True,5562,0,caption_ocr,0,0,dt4mid-phobert,0,123,threads,test,0
correct_prediction,,True,7331,0,caption_ocr,0,0,dt4mid-phobert,0,123,facebook,test,0
correct_prediction,,False,6680,0,caption_ocr,1,1,dt4mid-phobert,1,123,facebook,test,0
correct_prediction,,False,7141,0,caption_ocr,1,1,dt4mid-phobert,1,123,facebook,test,0
correct_prediction,,True,7295,0,caption_ocr,0,0,dt4mid-phobert,0,123,facebook,test,0
false_positive,,True,7100,0,caption_ocr,0,0,dt4mid-phobert,1,123,facebook,test,0
correct_prediction,,True,902,0,caption_ocr,1,1,dt4mid-phobert,1,123,threads,test,1
correct_prediction,,True,4456,0,caption_ocr,0,0,dt4mid-phobert,0,123,threads,test,0
correct_prediction,,False,1369,0,caption_ocr,0,0,dt4mid-phobert,0,123,threads,test,0
false_positive,,True,3015,0,caption_ocr,0,0,dt4mid-phobert,1,123,facebook,test,1
false_positive,,True,5378,0,caption_ocr,0,0,dt4mid-phobert,1,123,threads,test,0
correct_prediction,,True,2763,0,caption_ocr,0,0,dt4mid-phobert,0,123,facebook,test,0
correct_prediction,,False,6360,0,caption_ocr,0,0,dt4mid-phobert,0,123,facebook,test,0
false_positive,,True,3117,0,caption_ocr,0,0,dt4mid-phobert,1,123,threads,test,0
error_001,,True,6106,0,caption_ocr,1,1,dt4mid-phobert,0,123,facebook,test,0
correct_prediction,,True,2521,0,caption_ocr,1,1,dt4mid-phobert,1,123,facebook,test,0
correct_prediction,,True,990,0,caption_ocr,0,0,dt4mid-phobert,0,123,threads,test,0
correct_prediction,,False,1503,0,caption_ocr,0,0,dt4mid-phobert,0,123,threads,test,0
correct_prediction,,True,1490,0,caption_ocr,0,0,dt4mid-phobert,0,123,threads,test,0
correct_prediction,,False,3623,0,caption_ocr,0,0,dt4mid-phobert,0,123,threads,test,0
correct_prediction,,True,987,1,caption_ocr,1,1,dt4mid-phobert,1,123,threads,test,1
correct_prediction,,True,4401,0,caption_ocr,0,0,dt4mid-phobert,0,123,threads,test,0
error_001,,False,6855,0,caption_ocr,1,1,dt4mid-phobert,0,123,facebook,test,0
correct_prediction,,True,6049,0,caption_ocr,0,0,dt4mid-phobert,0,123,facebook,test,0
correct_prediction,,False,812,0,caption_ocr,0,0,dt4mid-phobert,0,123,threads,test,0
false_positive,,False,4267,0,caption_ocr,0,0,dt4mid-phobert,1,123,threads,test,0
correct_prediction,,True,4197,0,caption_ocr,0,0,dt4mid-phobert,0,123,threads,test,1
false_positive,,True,2296,0,caption_ocr,0,0,dt4mid-phobert,1,123,facebook,test,0
correct_prediction,,True,6594,0,caption_ocr,1,1,dt4mid-phobert,1,123,facebook,test,0
correct_prediction,,True,6977,1,caption_ocr,1,1,dt4mid-phobert,1,123,facebook,test,0
correct_prediction,,True,5139,0,caption_ocr,0,0,dt4mid-phobert,0,123,threads,test,0
correct_prediction,,True,3289,0,caption_ocr,0,0,dt4mid-phobert,0,123,threads,test,0
error_001,,True,1624,0,caption_ocr,1,1,dt4mid-phobert,0,123,threads,test,0
correct_prediction,,False,3952,0,caption_ocr,0,0,dt4mid-phobert,0,123,threads,test,1
correct_prediction,,True,6060,0,caption_ocr,0,0,dt4mid-phobert,0,123,facebook,test,0
correct_prediction,,False,3824,0,caption_ocr,1,1,dt4mid-phobert,1,123,threads,test,0
correct_prediction,,True,5482,0,caption_ocr,0,0,dt4mid-phobert,0,123,threads,test,0
correct_prediction,,False,5568,0,caption_ocr,0,0,dt4mid-phobert,0,123,threads,test,0
false_positive,,True,3913,0,caption_ocr,0,0,dt4mid-phobert,1,123,threads,test,0
correct_prediction,,True,7004,0,caption_ocr,1,1,dt4mid-phobert,1,123,facebook,test,0
correct_prediction,,False,6664,0,caption_ocr,1,1,dt4mid-phobert,1,123,facebook,test,1
correct_prediction,,False,4871,0,caption_ocr,0,0,dt4mid-phobert,0,123,threads,test,0
correct_prediction,,True,3960,0,caption_ocr,0,0,dt4mid-phobert,0,123,threads,test,0
correct_prediction,,False,4500,0,caption_ocr,1,1,dt4mid-phobert,1,123,threads,test,0
correct_prediction,,True,1688,0,caption_ocr,0,0,dt4mid-phobert,0,123,threads,test,0
correct_prediction,,False,7092,0,caption_ocr,1,1,dt4mid-phobert,1,123,facebook,test,0
correct_prediction,,True,3491,0,caption_ocr,0,0,dt4mid-phobert,0,123,threads,test,0
correct_prediction,,False,5564,0,caption_ocr,0,0,dt4mid-phobert,0,123,threads,test,0
correct_prediction,,True,7220,1,caption_ocr,0,0,dt4mid-phobert,0,123,facebook,test,0
false_positive,,True,6151,0,caption_ocr,0,0,dt4mid-phobert,1,123,facebook,test,0
correct_prediction,,True,2470,1,caption_ocr,1,1,dt4mid-phobert,1,123,facebook,test,0
false_positive,,True,1964,0,caption_ocr,0,0,dt4mid-phobert,1,123,facebook,test,0
correct_prediction,,True,2382,1,caption_ocr,1,1,dt4mid-phobert,1,123,facebook,test,0
correct_prediction,,True,4272,0,caption_ocr,0,0,dt4mid-phobert,0,123,threads,test,0
correct_prediction,,False,1867,0,caption_ocr,1,1,dt4mid-phobert,1,123,facebook,test,0
correct_prediction,,True,5421,0,caption_ocr,0,0,dt4mid-phobert,0,123,threads,test,0
correct_prediction,,True,4755,0,caption_ocr,0,0,dt4mid-phobert,0,123,threads,test,0
correct_prediction,,False,6523,0,caption_ocr,1,1,dt4mid-phobert,1,123,facebook,test,1
false_positive,,False,826,0,caption_ocr,0,0,dt4mid-phobert,1,123,threads,test,1
false_positive,,True,3167,0,caption_ocr,0,0,dt4mid-phobert,1,123,threads,test,0
error_001,,False,1463,0,caption_ocr,1,1,dt4mid-phobert,0,123,threads,test,0
correct_prediction,,False,6823,0,caption_ocr,1,1,dt4mid-phobert,1,123,facebook,test,0
error_001,,True,4355,0,caption_ocr,1,1,dt4mid-phobert,0,123,threads,test,0
correct_prediction,,True,1906,0,caption_ocr,1,1,dt4mid-phobert,1,123,facebook,test,0
correct_prediction,,True,4344,0,caption_ocr,0,0,dt4mid-phobert,0,123,threads,test,0
correct_prediction,,True,5788,0,caption_ocr,1,1,dt4mid-phobert,1,123,facebook,test,0
correct_prediction,,True,3159,0,caption_ocr,0,0,dt4mid-phobert,0,123,threads,test,0
correct_prediction,,True,4902,0,caption_ocr,0,0,dt4mid-phobert,0,123,threads,test,0
correct_prediction,,True,144,0,caption_ocr,1,1,dt4mid-phobert,1,123,threads,test,1
false_positive,,True,6761,0,caption_ocr,0,0,dt4mid-phobert,1,123,facebook,test,1
correct_prediction,,True,805,0,caption_ocr,0,0,dt4mid-phobert,0,123,threads,test,0
error_001,,True,7186,0,caption_ocr,1,1,dt4mid-phobert,0,123,facebook,test,0
correct_prediction,,True,3182,0,caption_ocr,0,0,dt4mid-phobert,0,123,threads,test,0
correct_prediction,,False,4092,0,caption_ocr,0,0,dt4mid-phobert,0,123,threads,test,0
correct_prediction,,False,5450,0,caption_ocr,0,0,dt4mid-phobert,0,123,threads,test,0
false_positive,,False,3378,0,caption_ocr,0,0,dt4mid-phobert,1,123,threads,test,0
correct_prediction,,False,6551,0,caption_ocr,1,1,dt4mid-phobert,1,123,facebook,test,0
correct_prediction,,True,3487,0,caption_ocr,1,1,dt4mid-phobert,1,123,threads,test,0
correct_prediction,,True,2049,0,caption_ocr,1,1,dt4mid-phobert,1,123,facebook,test,0
false_positive,,True,3667,0,caption_ocr,0,0,dt4mid-phobert,1,123,threads,test,0
correct_prediction,,True,5702,0,caption_ocr,1,1,dt4mid-phobert,1,123,facebook,test,1
correct_prediction,,True,7250,0,caption_ocr,1,1,dt4mid-phobert,1,123,facebook,test,1
correct_prediction,,True,3969,0,caption_ocr,0,0,dt4mid-phobert,0,123,threads,test,0
false_positive,,True,478,0,caption_ocr,0,0,dt4mid-phobert,1,123,threads,test,1
false_positive,,True,5816,0,caption_ocr,0,0,dt4mid-phobert,1,123,facebook,test,0
false_positive,,True,1043,0,caption_ocr,0,0,dt4mid-phobert,1,123,threads,test,0
correct_prediction,,True,6451,1,caption_ocr,1,1,dt4mid-phobert,1,123,facebook,test,0
correct_prediction,,True,2990,0,caption_ocr,0,0,dt4mid-phobert,0,123,facebook,test,0
correct_prediction,,False,5193,0,caption_ocr,0,0,dt4mid-phobert,0,123,threads,test,0
correct_prediction,,True,6509,1,caption_ocr,1,1,dt4mid-phobert,1,123,facebook,test,0
correct_prediction,,True,7159,0,caption_ocr,0,0,dt4mid-phobert,0,123,facebook,test,0
correct_prediction,,True,6556,0,caption_ocr,0,0,dt4mid-phobert,0,123,facebook,test,0
correct_prediction,,False,4752,0,caption_ocr,0,0,dt4mid-phobert,0,123,threads,test,0
correct_prediction,,True,7277,1,caption_ocr,1,1,dt4mid-phobert,1,123,facebook,test,0
correct_prediction,,False,6546,0,caption_ocr,1,1,dt4mid-phobert,1,123,facebook,test,1
correct_prediction,,False,6960,0,caption_ocr,1,1,dt4mid-phobert,1,123,facebook,test,0
correct_prediction,,True,3837,0,caption_ocr,1,1,dt4mid-phobert,1,123,threads,test,1
correct_prediction,,False,4514,0,caption_ocr,0,0,dt4mid-phobert,0,123,threads,test,0
correct_prediction,,False,2739,0,caption_ocr,1,1,dt4mid-phobert,1,123,facebook,test,1
false_positive,,False,5281,0,caption_ocr,0,0,dt4mid-phobert,1,123,threads,test,0
correct_prediction,,False,555,0,caption_ocr,0,0,dt4mid-phobert,0,123,threads,test,0
correct_prediction,,False,4038,0,caption_ocr,0,0,dt4mid-phobert,0,123,threads,test,0
error_001,,False,5054,0,caption_ocr,1,1,dt4mid-phobert,0,123,threads,test,0
correct_prediction,,True,6051,0,caption_ocr,0,0,dt4mid-phobert,0,123,facebook,test,0
correct_prediction,,True,6443,0,caption_ocr,0,0,dt4mid-phobert,0,123,facebook,test,0
correct_prediction,,True,6603,1,caption_ocr,1,1,dt4mid-phobert,1,123,facebook,test,0
error_001,,False,5760,0,caption_ocr,1,1,dt4mid-phobert,0,123,facebook,test,0
correct_prediction,,True,2538,1,caption_ocr,1,1,dt4mid-phobert,1,123,facebook,test,0
correct_prediction,,True,3665,0,caption_ocr,0,0,dt4mid-phobert,0,123,threads,test,0
correct_prediction,,True,2529,1,caption_ocr,1,1,dt4mid-phobert,1,123,facebook,test,0
correct_prediction,,False,4427,0,caption_ocr,0,0,dt4mid-phobert,0,123,threads,test,0
correct_prediction,,False,1432,0,caption_ocr,1,1,dt4mid-phobert,1,123,threads,test,0
correct_prediction,,False,127,0,caption_ocr,0,0,dt4mid-phobert,0,123,threads,test,0
correct_prediction,,True,2469,1,caption_ocr,1,1,dt4mid-phobert,1,123,facebook,test,0
correct_prediction,,True,4199,0,caption_ocr,0,0,dt4mid-phobert,0,123,threads,test,0
correct_prediction,,True,6899,1,caption_ocr,1,1,dt4mid-phobert,1,123,facebook,test,0
correct_prediction,,True,523,0,caption_ocr,0,0,dt4mid-phobert,0,123,threads,test,0
correct_prediction,,True,4642,0,caption_ocr,0,0,dt4mid-phobert,0,123,threads,test,0
correct_prediction,,True,3187,0,caption_ocr,0,0,dt4mid-phobert,0,123,threads,test,0
correct_prediction,,True,1354,0,caption_ocr,0,0,dt4mid-phobert,0,123,threads,test,0
correct_prediction,,True,383,1,caption_ocr,0,0,dt4mid-phobert,0,123,threads,test,0
false_positive,,True,313,0,caption_ocr,0,0,dt4mid-phobert,1,123,threads,test,0
error_001,,False,6790,0,caption_ocr,1,1,dt4mid-phobert,0,123,facebook,test,0
false_positive,,True,5964,0,caption_ocr,0,0,dt4mid-phobert,1,123,facebook,test,0
error_001,,True,2999,0,caption_ocr,1,1,dt4mid-phobert,0,123,facebook,test,0
correct_prediction,,False,4614,0,caption_ocr,1,1,dt4mid-phobert,1,123,threads,test,0
correct_prediction,,False,4360,0,caption_ocr,0,0,dt4mid-phobert,0,123,threads,test,0
correct_prediction,,False,3994,0,caption_ocr,0,0,dt4mid-phobert,0,123,threads,test,0
error_001,,True,7254,0,caption_ocr,1,1,dt4mid-phobert,0,123,facebook,test,0
error_001,,False,3513,0,caption_ocr,1,1,dt4mid-phobert,0,123,threads,test,0
correct_prediction,,True,1096,0,caption_ocr,1,1,dt4mid-phobert,1,123,threads,test,1
correct_prediction,,False,1479,0,caption_ocr,1,1,dt4mid-phobert,1,123,threads,test,0
correct_prediction,,False,4739,0,caption_ocr,0,0,dt4mid-phobert,0,123,threads,test,0
correct_prediction,,True,5826,1,caption_ocr,1,1,dt4mid-phobert,1,123,facebook,test,0
correct_prediction,,True,1802,0,caption_ocr,1,1,dt4mid-phobert,1,123,threads,test,0
correct_prediction,,False,796,0,caption_ocr,0,0,dt4mid-phobert,0,123,threads,test,0
false_positive,,False,6155,0,caption_ocr,0,0,dt4mid-phobert,1,123,facebook,test,0
correct_prediction,,True,1808,0,caption_ocr,0,0,dt4mid-phobert,0,123,threads,test,0
false_positive,,True,7291,0,caption_ocr,0,0,dt4mid-phobert,1,123,facebook,test,0
false_positive,,True,6086,0,caption_ocr,0,0,dt4mid-phobert,1,123,facebook,test,0
error_001,,False,521,0,caption_ocr,1,1,dt4mid-phobert,0,123,threads,test,0
correct_prediction,,True,4451,0,caption_ocr,0,0,dt4mid-phobert,0,123,threads,test,0
correct_prediction,,True,6044,1,caption_ocr,1,1,dt4mid-phobert,1,123,facebook,test,0
correct_prediction,,True,644,0,caption_ocr,0,0,dt4mid-phobert,0,123,threads,test,0
false_positive,,True,4463,0,caption_ocr,0,0,dt4mid-phobert,1,123,threads,test,0
correct_prediction,,True,3956,0,caption_ocr,0,0,dt4mid-phobert,0,123,threads,test,0
false_positive,,True,1778,0,caption_ocr,0,0,dt4mid-phobert,1,123,threads,test,0
false_positive,,True,6217,0,caption_ocr,0,0,dt4mid-phobert,1,123,facebook,test,0
correct_prediction,,True,2426,1,caption_ocr,1,1,dt4mid-phobert,1,123,facebook,test,0
correct_prediction,,True,3497,0,caption_ocr,0,0,dt4mid-phobert,0,123,threads,test,1
correct_prediction,,False,2057,0,caption_ocr,1,1,dt4mid-phobert,1,123,facebook,test,0
correct_prediction,,False,2567,0,caption_ocr,1,1,dt4mid-phobert,1,123,facebook,test,0
correct_prediction,,True,6517,0,caption_ocr,1,1,dt4mid-phobert,1,123,facebook,test,0
correct_prediction,,False,4432,0,caption_ocr,1,1,dt4mid-phobert,1,123,threads,test,1
correct_prediction,,True,2622,0,caption_ocr,1,1,dt4mid-phobert,1,123,facebook,test,0
false_positive,,False,5824,0,caption_ocr,0,0,dt4mid-phobert,1,123,facebook,test,0
error_001,,False,7239,0,caption_ocr,1,1,dt4mid-phobert,0,123,facebook,test,0
false_positive,,True,4034,0,caption_ocr,0,0,dt4mid-phobert,1,123,threads,test,0
correct_prediction,,False,892,0,caption_ocr,1,1,dt4mid-phobert,1,123,threads,test,0
error_001,,True,502,0,caption_ocr,1,1,dt4mid-phobert,0,123,threads,test,0
correct_prediction,,True,297,0,caption_ocr,1,1,dt4mid-phobert,1,123,threads,test,0
error_001,,True,258,0,caption_ocr,1,1,dt4mid-phobert,0,123,threads,test,0
correct_prediction,,False,4889,0,caption_ocr,0,0,dt4mid-phobert,0,123,threads,test,0
correct_prediction,,True,3930,0,caption_ocr,0,0,dt4mid-phobert,0,123,threads,test,0
correct_prediction,,True,5728,0,caption_ocr,1,1,dt4mid-phobert,1,123,facebook,test,0
error_001,,True,4675,0,caption_ocr,1,1,dt4mid-phobert,0,123,threads,test,0
false_positive,,True,6359,0,caption_ocr,0,0,dt4mid-phobert,1,123,facebook,test,0
correct_prediction,,True,4492,0,caption_ocr,0,0,dt4mid-phobert,0,123,threads,test,0
correct_prediction,,False,5272,0,caption_ocr,0,0,dt4mid-phobert,0,123,threads,test,0
correct_prediction,,False,6574,0,caption_ocr,1,1,dt4mid-phobert,1,123,facebook,test,0
correct_prediction,,False,6427,0,caption_ocr,1,1,dt4mid-phobert,1,123,facebook,test,0
correct_prediction,,True,884,1,caption_ocr,1,1,dt4mid-phobert,1,123,threads,test,1
correct_prediction,,True,2327,0,caption_ocr,0,0,dt4mid-phobert,0,123,facebook,test,0
correct_prediction,,False,5249,0,caption_ocr,0,0,dt4mid-phobert,0,123,threads,test,0
correct_prediction,,False,5361,0,caption_ocr,0,0,dt4mid-phobert,0,123,threads,test,0
correct_prediction,,True,2952,0,caption_ocr,1,1,dt4mid-phobert,1,123,facebook,test,1
correct_prediction,,False,2053,0,caption_ocr,1,1,dt4mid-phobert,1,123,facebook,test,0
false_positive,,False,1020,0,caption_ocr,0,0,dt4mid-phobert,1,123,threads,test,0
false_positive,,True,1604,0,caption_ocr,0,0,dt4mid-phobert,1,123,threads,test,0
correct_prediction,,True,2832,0,caption_ocr,0,0,dt4mid-phobert,0,123,facebook,test,1
correct_prediction,,True,5579,0,caption_ocr,0,0,dt4mid-phobert,0,123,threads,test,0
false_positive,,False,1977,0,caption_ocr,0,0,dt4mid-phobert,1,123,facebook,test,0
correct_prediction,,True,221,0,caption_ocr,1,1,dt4mid-phobert,1,123,threads,test,1
correct_prediction,,True,4790,0,caption_ocr,0,0,dt4mid-phobert,0,123,threads,test,0
correct_prediction,,True,2839,0,caption_ocr,1,1,dt4mid-phobert,1,123,facebook,test,0
correct_prediction,,False,4604,0,caption_ocr,0,0,dt4mid-phobert,0,123,threads,test,0
false_positive,,True,490,0,caption_ocr,0,0,dt4mid-phobert,1,123,threads,test,0
correct_prediction,,False,4900,0,caption_ocr,0,0,dt4mid-phobert,0,123,threads,test,0
correct_prediction,,False,1206,0,caption_ocr,0,0,dt4mid-phobert,0,123,threads,test,0
correct_prediction,,False,6919,0,caption_ocr,1,1,dt4mid-phobert,1,123,facebook,test,0
correct_prediction,,False,5013,0,caption_ocr,0,0,dt4mid-phobert,0,123,threads,test,0
correct_prediction,,True,7127,0,caption_ocr,0,0,dt4mid-phobert,0,123,facebook,test,0
false_positive,,True,5130,0,caption_ocr,0,0,dt4mid-phobert,1,123,threads,test,0
false_positive,,True,6450,0,caption_ocr,0,0,dt4mid-phobert,1,123,facebook,test,0
correct_prediction,,False,3798,0,caption_ocr,1,1,dt4mid-phobert,1,123,threads,test,1
correct_prediction,,True,3230,0,caption_ocr,0,0,dt4mid-phobert,0,123,threads,test,0
correct_prediction,,True,4827,0,caption_ocr,0,0,dt4mid-phobert,0,123,threads,test,0
correct_prediction,,True,2434,1,caption_ocr,1,1,dt4mid-phobert,1,123,facebook,test,0
correct_prediction,,True,1022,0,caption_ocr,0,0,dt4mid-phobert,0,123,threads,test,0
correct_prediction,,False,5302,0,caption_ocr,0,0,dt4mid-phobert,0,123,threads,test,0
correct_prediction,,True,3645,0,caption_ocr,0,0,dt4mid-phobert,0,123,threads,test,0
correct_prediction,,True,1037,0,caption_ocr,0,0,dt4mid-phobert,0,123,threads,test,1
correct_prediction,,True,6000,0,caption_ocr,1,1,dt4mid-phobert,1,123,facebook,test,0
correct_prediction,,True,3179,0,caption_ocr,0,0,dt4mid-phobert,0,123,threads,test,0
correct_prediction,,True,4101,1,caption_ocr,1,1,dt4mid-phobert,1,123,threads,test,0
error_001,,True,618,0,caption_ocr,1,1,dt4mid-phobert,0,123,threads,test,0
correct_prediction,,True,1671,0,caption_ocr,1,1,dt4mid-phobert,1,123,threads,test,1
correct_prediction,,True,4369,0,caption_ocr,0,0,dt4mid-phobert,0,123,threads,test,0
correct_prediction,,True,2428,0,caption_ocr,0,0,dt4mid-phobert,0,123,facebook,test,0
correct_prediction,,True,4304,0,caption_ocr,0,0,dt4mid-phobert,0,123,threads,test,0
error_001,,True,2113,0,caption_ocr,1,1,dt4mid-phobert,0,123,facebook,test,0
correct_prediction,,False,2724,0,caption_ocr,1,1,dt4mid-phobert,1,123,facebook,test,1
error_001,,False,5930,0,caption_ocr,1,1,dt4mid-phobert,0,123,facebook,test,0
correct_prediction,,False,5205,0,caption_ocr,0,0,dt4mid-phobert,0,123,threads,test,0
correct_prediction,,True,411,0,caption_ocr,1,1,dt4mid-phobert,1,123,threads,test,1
correct_prediction,,False,743,0,caption_ocr,0,0,dt4mid-phobert,0,123,threads,test,0
correct_prediction,,True,2558,1,caption_ocr,1,1,dt4mid-phobert,1,123,facebook,test,0
correct_prediction,,False,426,0,caption_ocr,0,0,dt4mid-phobert,0,123,threads,test,0
error_001,,True,7221,0,caption_ocr,1,1,dt4mid-phobert,0,123,facebook,test,0
correct_prediction,,True,1653,0,caption_ocr,1,1,dt4mid-phobert,1,123,threads,test,1
correct_prediction,,True,4744,0,caption_ocr,0,0,dt4mid-phobert,0,123,threads,test,0
correct_prediction,,True,7014,1,caption_ocr,1,1,dt4mid-phobert,1,123,facebook,test,0
error_001,,True,6677,0,caption_ocr,1,1,dt4mid-phobert,0,123,facebook,test,0
correct_prediction,,False,5282,0,caption_ocr,0,0,dt4mid-phobert,0,123,threads,test,0
correct_prediction,,True,6037,1,caption_ocr,1,1,dt4mid-phobert,1,123,facebook,test,0
correct_prediction,,True,4241,0,caption_ocr,0,0,dt4mid-phobert,0,123,threads,test,0
false_positive,,False,16,0,caption_ocr,0,0,dt4mid-phobert,1,123,threads,test,0
correct_prediction,,True,26,0,caption_ocr,1,1,dt4mid-phobert,1,123,threads,test,1
correct_prediction,,True,256,0,caption_ocr,0,0,dt4mid-phobert,0,123,threads,test,1
correct_prediction,,True,6856,1,caption_ocr,0,0,dt4mid-phobert,0,123,facebook,test,0
correct_prediction,,True,4132,0,caption_ocr,0,0,dt4mid-phobert,0,123,threads,test,0
correct_prediction,,True,3518,0,caption_ocr,0,0,dt4mid-phobert,0,123,threads,test,0
correct_prediction,,False,1348,0,caption_ocr,0,0,dt4mid-phobert,0,123,threads,test,0
correct_prediction,,True,4057,0,caption_ocr,0,0,dt4mid-phobert,0,123,threads,test,0
correct_prediction,,False,2729,0,caption_ocr,1,1,dt4mid-phobert,1,123,facebook,test,0
correct_prediction,,True,3110,0,caption_ocr,0,0,dt4mid-phobert,0,123,threads,test,0
correct_prediction,,False,1217,0,caption_ocr,0,0,dt4mid-phobert,0,123,threads,test,0
correct_prediction,,False,5119,0,caption_ocr,0,0,dt4mid-phobert,0,123,threads,test,0
false_positive,,True,4123,0,caption_ocr,0,0,dt4mid-phobert,1,123,threads,test,0
correct_prediction,,True,3371,0,caption_ocr,0,0,dt4mid-phobert,0,123,threads,test,0
correct_prediction,,False,4607,0,caption_ocr,0,0,dt4mid-phobert,0,123,threads,test,0
error_001,,True,6410,0,caption_ocr,1,1,dt4mid-phobert,0,123,facebook,test,0
false_positive,,True,2435,1,caption_ocr,0,0,dt4mid-phobert,1,123,facebook,test,0
false_positive,,True,5547,0,caption_ocr,0,0,dt4mid-phobert,1,123,threads,test,0
correct_prediction,,True,4258,0,caption_ocr,1,1,dt4mid-phobert,1,123,threads,test,0
correct_prediction,,True,6271,0,caption_ocr,1,1,dt4mid-phobert,1,123,facebook,test,1
correct_prediction,,True,6067,0,caption_ocr,0,0,dt4mid-phobert,0,123,facebook,test,0
correct_prediction,,True,406,0,caption_ocr,0,0,dt4mid-phobert,0,123,threads,test,0
correct_prediction,,True,3143,0,caption_ocr,1,1,dt4mid-phobert,1,123,threads,test,0
correct_prediction,,True,2992,0,caption_ocr,0,0,dt4mid-phobert,0,123,facebook,test,1
correct_prediction,,False,2792,0,caption_ocr,1,1,dt4mid-phobert,1,123,facebook,test,0
correct_prediction,,True,4507,0,caption_ocr,0,0,dt4mid-phobert,0,123,threads,test,0
correct_prediction,,True,2966,0,caption_ocr,1,1,dt4mid-phobert,1,123,facebook,test,1
error_001,,True,2308,0,caption_ocr,1,1,dt4mid-phobert,0,123,facebook,test,0
correct_prediction,,True,1248,0,caption_ocr,0,0,dt4mid-phobert,0,123,threads,test,0
correct_prediction,,True,5925,0,caption_ocr,1,1,dt4mid-phobert,1,123,facebook,test,0
correct_prediction,,True,1397,0,caption_ocr,0,0,dt4mid-phobert,0,123,threads,test,0
correct_prediction,,False,4052,0,caption_ocr,0,0,dt4mid-phobert,0,123,threads,test,0
false_positive,,False,665,0,caption_ocr,0,0,dt4mid-phobert,1,123,threads,test,0
correct_prediction,,True,462,0,caption_ocr,0,0,dt4mid-phobert,0,123,threads,test,0
correct_prediction,,True,2337,1,caption_ocr,1,1,dt4mid-phobert,1,123,facebook,test,0
error_001,,True,3260,0,caption_ocr,1,1,dt4mid-phobert,0,123,threads,test,0
correct_prediction,,False,5255,0,caption_ocr,0,0,dt4mid-phobert,0,123,threads,test,0
false_positive,,False,3503,0,caption_ocr,0,0,dt4mid-phobert,1,123,threads,test,0
error_001,,False,3209,0,caption_ocr,1,1,dt4mid-phobert,0,123,threads,test,0
false_positive,,False,3099,0,caption_ocr,0,0,dt4mid-phobert,1,123,facebook,test,1
false_positive,,True,7058,0,caption_ocr,0,0,dt4mid-phobert,1,123,facebook,test,0
correct_prediction,,True,6116,1,caption_ocr,1,1,dt4mid-phobert,1,123,facebook,test,0
correct_prediction,,False,4698,0,caption_ocr,0,0,dt4mid-phobert,0,123,threads,test,0
false_positive,,True,1079,0,caption_ocr,0,0,dt4mid-phobert,1,123,threads,test,0
correct_prediction,,True,4362,1,caption_ocr,1,1,dt4mid-phobert,1,123,threads,test,0
correct_prediction,,True,2338,1,caption_ocr,0,0,dt4mid-phobert,0,123,facebook,test,0
correct_prediction,,True,7314,0,caption_ocr,1,1,dt4mid-phobert,1,123,facebook,test,1
correct_prediction,,False,629,0,caption_ocr,0,0,dt4mid-phobert,0,123,threads,test,0
error_001,,True,3883,0,caption_ocr,1,1,dt4mid-phobert,0,123,threads,test,0
false_positive,,True,5786,0,caption_ocr,0,0,dt4mid-phobert,1,123,facebook,test,0
false_positive,,False,3119,0,caption_ocr,0,0,dt4mid-phobert,1,123,threads,test,0
correct_prediction,,False,5894,0,caption_ocr,1,1,dt4mid-phobert,1,123,facebook,test,0
correct_prediction,,True,5084,0,caption_ocr,0,0,dt4mid-phobert,0,123,threads,test,0
correct_prediction,,False,5343,0,caption_ocr,0,0,dt4mid-phobert,0,123,threads,test,0
correct_prediction,,False,4324,0,caption_ocr,0,0,dt4mid-phobert,0,123,threads,test,0
false_positive,,False,2006,0,caption_ocr,0,0,dt4mid-phobert,1,123,facebook,test,0
correct_prediction,,False,228,0,caption_ocr,1,1,dt4mid-phobert,1,123,threads,test,1
correct_prediction,,True,5661,0,caption_ocr,0,0,dt4mid-phobert,0,123,threads,test,0
correct_prediction,,True,5640,0,caption_ocr,0,0,dt4mid-phobert,0,123,threads,test,0
correct_prediction,,True,5765,0,caption_ocr,1,1,dt4mid-phobert,1,123,facebook,test,0
false_positive,,True,5803,0,caption_ocr,0,0,dt4mid-phobert,1,2026,facebook,test,0
correct_prediction,,True,6388,1,caption_ocr,1,1,dt4mid-phobert,1,2026,facebook,test,0
false_positive,,True,5990,0,caption_ocr,0,0,dt4mid-phobert,1,2026,facebook,test,0
false_positive,,True,1024,0,caption_ocr,0,0,dt4mid-phobert,1,2026,threads,test,0
false_positive,,True,1075,0,caption_ocr,0,0,dt4mid-phobert,1,2026,threads,test,0
false_positive,,True,4170,0,caption_ocr,0,0,dt4mid-phobert,1,2026,threads,test,0
false_positive,,True,599,0,caption_ocr,0,0,dt4mid-phobert,1,2026,threads,test,0
correct_prediction,,False,371,0,caption_ocr,0,0,dt4mid-phobert,0,2026,threads,test,0
false_positive,,False,5811,0,caption_ocr,0,0,dt4mid-phobert,1,2026,facebook,test,0
false_positive,,True,5986,0,caption_ocr,0,0,dt4mid-phobert,1,2026,facebook,test,0
correct_prediction,,True,6826,0,caption_ocr,1,1,dt4mid-phobert,1,2026,facebook,test,0
correct_prediction,,False,859,0,caption_ocr,0,0,dt4mid-phobert,0,2026,threads,test,0
correct_prediction,,False,6562,0,caption_ocr,1,1,dt4mid-phobert,1,2026,facebook,test,0
correct_prediction,,True,2399,1,caption_ocr,1,1,dt4mid-phobert,1,2026,facebook,test,0
correct_prediction,,False,6505,0,caption_ocr,1,1,dt4mid-phobert,1,2026,facebook,test,0
correct_prediction,,True,7292,0,caption_ocr,1,1,dt4mid-phobert,1,2026,facebook,test,0
correct_prediction,,True,6818,1,caption_ocr,1,1,dt4mid-phobert,1,2026,facebook,test,0
correct_prediction,,False,4909,0,caption_ocr,0,0,dt4mid-phobert,0,2026,threads,test,0
correct_prediction,,False,4190,0,caption_ocr,0,0,dt4mid-phobert,0,2026,threads,test,0
false_positive,,True,6100,0,caption_ocr,0,0,dt4mid-phobert,1,2026,facebook,test,0
correct_prediction,,True,5033,0,caption_ocr,0,0,dt4mid-phobert,0,2026,threads,test,0
error_001,,True,5608,0,caption_ocr,1,1,dt4mid-phobert,0,2026,threads,test,0
correct_prediction,,False,4177,0,caption_ocr,0,0,dt4mid-phobert,0,2026,threads,test,0
false_positive,,True,3845,0,caption_ocr,0,0,dt4mid-phobert,1,2026,threads,test,0
correct_prediction,,False,2129,0,caption_ocr,1,1,dt4mid-phobert,1,2026,facebook,test,0
correct_prediction,,False,540,0,caption_ocr,1,1,dt4mid-phobert,1,2026,threads,test,1
correct_prediction,,True,3054,0,caption_ocr,0,0,dt4mid-phobert,0,2026,facebook,test,0
correct_prediction,,True,3867,0,caption_ocr,0,0,dt4mid-phobert,0,2026,threads,test,0
correct_prediction,,False,4031,0,caption_ocr,0,0,dt4mid-phobert,0,2026,threads,test,0
false_positive,,True,1767,1,caption_ocr,0,0,dt4mid-phobert,1,2026,threads,test,0
correct_prediction,,True,1598,0,caption_ocr,1,1,dt4mid-phobert,1,2026,threads,test,0
correct_prediction,,False,850,0,caption_ocr,0,0,dt4mid-phobert,0,2026,threads,test,0
error_001,,True,5978,0,caption_ocr,1,1,dt4mid-phobert,0,2026,facebook,test,0
false_positive,,True,3709,0,caption_ocr,0,0,dt4mid-phobert,1,2026,threads,test,0
correct_prediction,,True,5963,1,caption_ocr,1,1,dt4mid-phobert,1,2026,facebook,test,0
correct_prediction,,True,5782,1,caption_ocr,1,1,dt4mid-phobert,1,2026,facebook,test,0
correct_prediction,,True,4722,0,caption_ocr,0,0,dt4mid-phobert,0,2026,threads,test,0
correct_prediction,,True,1801,0,caption_ocr,1,1,dt4mid-phobert,1,2026,threads,test,0
correct_prediction,,False,2768,0,caption_ocr,1,1,dt4mid-phobert,1,2026,facebook,test,0
correct_prediction,,False,5737,0,caption_ocr,1,1,dt4mid-phobert,1,2026,facebook,test,0
error_001,,False,1824,0,caption_ocr,1,1,dt4mid-phobert,0,2026,threads,test,0
error_001,,True,2321,0,caption_ocr,1,1,dt4mid-phobert,0,2026,facebook,test,0
correct_prediction,,True,6447,1,caption_ocr,1,1,dt4mid-phobert,1,2026,facebook,test,0
correct_prediction,,False,2851,0,caption_ocr,1,1,dt4mid-phobert,1,2026,facebook,test,1
correct_prediction,,True,255,0,caption_ocr,0,0,dt4mid-phobert,0,2026,threads,test,0
correct_prediction,,True,1103,0,caption_ocr,0,0,dt4mid-phobert,0,2026,threads,test,0
correct_prediction,,True,4004,0,caption_ocr,1,1,dt4mid-phobert,1,2026,threads,test,0
correct_prediction,,False,1591,0,caption_ocr,0,0,dt4mid-phobert,0,2026,threads,test,0
false_positive,,False,2861,0,caption_ocr,0,0,dt4mid-phobert,1,2026,facebook,test,0
correct_prediction,,True,797,0,caption_ocr,1,1,dt4mid-phobert,1,2026,threads,test,0
correct_prediction,,True,2913,0,caption_ocr,1,1,dt4mid-phobert,1,2026,facebook,test,1
correct_prediction,,True,6159,1,caption_ocr,1,1,dt4mid-phobert,1,2026,facebook,test,0
correct_prediction,,False,7007,0,caption_ocr,1,1,dt4mid-phobert,1,2026,facebook,test,0
correct_prediction,,True,2333,1,caption_ocr,1,1,dt4mid-phobert,1,2026,facebook,test,0
false_positive,,True,1448,0,caption_ocr,0,0,dt4mid-phobert,1,2026,threads,test,1
correct_prediction,,True,993,0,caption_ocr,0,0,dt4mid-phobert,0,2026,threads,test,0
correct_prediction,,False,1978,0,caption_ocr,1,1,dt4mid-phobert,1,2026,facebook,test,0
correct_prediction,,False,5035,0,caption_ocr,0,0,dt4mid-phobert,0,2026,threads,test,0
correct_prediction,,False,4647,0,caption_ocr,0,0,dt4mid-phobert,0,2026,threads,test,0
correct_prediction,,False,4922,0,caption_ocr,0,0,dt4mid-phobert,0,2026,threads,test,0
correct_prediction,,False,525,0,caption_ocr,0,0,dt4mid-phobert,0,2026,threads,test,0
correct_prediction,,True,3878,0,caption_ocr,0,0,dt4mid-phobert,0,2026,threads,test,0
correct_prediction,,False,1254,0,caption_ocr,1,1,dt4mid-phobert,1,2026,threads,test,1
false_positive,,True,2139,0,caption_ocr,0,0,dt4mid-phobert,1,2026,facebook,test,0
correct_prediction,,True,314,0,caption_ocr,0,0,dt4mid-phobert,0,2026,threads,test,0
false_positive,,True,2482,1,caption_ocr,0,0,dt4mid-phobert,1,2026,facebook,test,0
correct_prediction,,False,5580,0,caption_ocr,0,0,dt4mid-phobert,0,2026,threads,test,0
false_positive,,True,196,0,caption_ocr,0,0,dt4mid-phobert,1,2026,threads,test,0
correct_prediction,,True,6755,1,caption_ocr,1,1,dt4mid-phobert,1,2026,facebook,test,0
correct_prediction,,False,6488,0,caption_ocr,1,1,dt4mid-phobert,1,2026,facebook,test,1
correct_prediction,,True,5335,0,caption_ocr,0,0,dt4mid-phobert,0,2026,threads,test,0
false_positive,,True,592,0,caption_ocr,0,0,dt4mid-phobert,1,2026,threads,test,0
correct_prediction,,True,6168,0,caption_ocr,0,0,dt4mid-phobert,0,2026,facebook,test,0
correct_prediction,,False,5293,0,caption_ocr,0,0,dt4mid-phobert,0,2026,threads,test,0
correct_prediction,,True,423,0,caption_ocr,0,0,dt4mid-phobert,0,2026,threads,test,0
false_positive,,True,6189,0,caption_ocr,0,0,dt4mid-phobert,1,2026,facebook,test,0
correct_prediction,,True,1155,0,caption_ocr,0,0,dt4mid-phobert,0,2026,threads,test,0
correct_prediction,,False,5197,0,caption_ocr,0,0,dt4mid-phobert,0,2026,threads,test,0
false_positive,,True,464,0,caption_ocr,0,0,dt4mid-phobert,1,2026,threads,test,0
correct_prediction,,True,6645,1,caption_ocr,1,1,dt4mid-phobert,1,2026,facebook,test,0
false_positive,,False,3992,0,caption_ocr,0,0,dt4mid-phobert,1,2026,threads,test,0
correct_prediction,,True,2916,0,caption_ocr,1,1,dt4mid-phobert,1,2026,facebook,test,0
correct_prediction,,True,1234,0,caption_ocr,1,1,dt4mid-phobert,1,2026,threads,test,1
correct_prediction,,True,6098,0,caption_ocr,1,1,dt4mid-phobert,1,2026,facebook,test,0
correct_prediction,,False,735,0,caption_ocr,0,0,dt4mid-phobert,0,2026,threads,test,0
false_positive,,True,134,1,caption_ocr,0,0,dt4mid-phobert,1,2026,threads,test,0
correct_prediction,,False,6907,0,caption_ocr,1,1,dt4mid-phobert,1,2026,facebook,test,1
correct_prediction,,True,793,0,caption_ocr,0,0,dt4mid-phobert,0,2026,threads,test,0
error_001,,False,4475,0,caption_ocr,1,1,dt4mid-phobert,0,2026,threads,test,0
correct_prediction,,True,4403,0,caption_ocr,0,0,dt4mid-phobert,0,2026,threads,test,0
correct_prediction,,True,1657,0,caption_ocr,1,1,dt4mid-phobert,1,2026,threads,test,1
false_positive,,True,533,0,caption_ocr,0,0,dt4mid-phobert,1,2026,threads,test,1
correct_prediction,,False,6861,0,caption_ocr,1,1,dt4mid-phobert,1,2026,facebook,test,0
correct_prediction,,True,4136,0,caption_ocr,0,0,dt4mid-phobert,0,2026,threads,test,0
correct_prediction,,True,6962,0,caption_ocr,1,1,dt4mid-phobert,1,2026,facebook,test,0
correct_prediction,,True,1716,0,caption_ocr,1,1,dt4mid-phobert,1,2026,threads,test,0
correct_prediction,,True,6983,0,caption_ocr,1,1,dt4mid-phobert,1,2026,facebook,test,0
false_positive,,True,3705,0,caption_ocr,0,0,dt4mid-phobert,1,2026,threads,test,0
correct_prediction,,True,3887,0,caption_ocr,0,0,dt4mid-phobert,0,2026,threads,test,0
correct_prediction,,True,4269,0,caption_ocr,0,0,dt4mid-phobert,0,2026,threads,test,0
correct_prediction,,True,860,0,caption_ocr,0,0,dt4mid-phobert,0,2026,threads,test,0
correct_prediction,,True,2042,0,caption_ocr,1,1,dt4mid-phobert,1,2026,facebook,test,0
error_001,,True,5835,0,caption_ocr,1,1,dt4mid-phobert,0,2026,facebook,test,0
false_positive,,False,1953,0,caption_ocr,0,0,dt4mid-phobert,1,2026,facebook,test,0
correct_prediction,,False,6414,0,caption_ocr,1,1,dt4mid-phobert,1,2026,facebook,test,0
correct_prediction,,False,6537,0,caption_ocr,1,1,dt4mid-phobert,1,2026,facebook,test,0
false_positive,,False,5825,0,caption_ocr,0,0,dt4mid-phobert,1,2026,facebook,test,0
false_positive,,True,2096,0,caption_ocr,0,0,dt4mid-phobert,1,2026,facebook,test,1
false_positive,,True,2627,0,caption_ocr,0,0,dt4mid-phobert,1,2026,facebook,test,0
false_positive,,False,2757,0,caption_ocr,0,0,dt4mid-phobert,1,2026,facebook,test,0
correct_prediction,,True,1684,0,caption_ocr,0,0,dt4mid-phobert,0,2026,threads,test,0
error_001,,True,2005,0,caption_ocr,1,1,dt4mid-phobert,0,2026,facebook,test,0
correct_prediction,,True,5927,0,caption_ocr,1,1,dt4mid-phobert,1,2026,facebook,test,1
correct_prediction,,True,5014,0,caption_ocr,0,0,dt4mid-phobert,0,2026,threads,test,0
false_positive,,True,4892,0,caption_ocr,0,0,dt4mid-phobert,1,2026,threads,test,0
correct_prediction,,False,5589,0,caption_ocr,0,0,dt4mid-phobert,0,2026,threads,test,0
correct_prediction,,True,2206,0,caption_ocr,0,0,dt4mid-phobert,0,2026,facebook,test,1
correct_prediction,,False,5202,0,caption_ocr,0,0,dt4mid-phobert,0,2026,threads,test,0
correct_prediction,,False,2656,1,caption_ocr,1,1,dt4mid-phobert,1,2026,facebook,test,1
correct_prediction,,True,1329,0,caption_ocr,0,0,dt4mid-phobert,0,2026,threads,test,1
correct_prediction,,True,47,0,caption_ocr,1,1,dt4mid-phobert,1,2026,threads,test,0
correct_prediction,,True,6746,1,caption_ocr,1,1,dt4mid-phobert,1,2026,facebook,test,0
correct_prediction,,False,3398,0,caption_ocr,1,1,dt4mid-phobert,1,2026,threads,test,0
correct_prediction,,False,3695,0,caption_ocr,0,0,dt4mid-phobert,0,2026,threads,test,0
correct_prediction,,True,3365,0,caption_ocr,0,0,dt4mid-phobert,0,2026,threads,test,1
correct_prediction,,True,513,0,caption_ocr,0,0,dt4mid-phobert,0,2026,threads,test,0
false_positive,,False,7022,0,caption_ocr,0,0,dt4mid-phobert,1,2026,facebook,test,0
false_positive,,True,2459,0,caption_ocr,0,0,dt4mid-phobert,1,2026,facebook,test,0
correct_prediction,,True,1813,0,caption_ocr,1,1,dt4mid-phobert,1,2026,threads,test,0
false_positive,,True,1761,0,caption_ocr,0,0,dt4mid-phobert,1,2026,threads,test,0
correct_prediction,,False,800,0,caption_ocr,0,0,dt4mid-phobert,0,2026,threads,test,0
false_positive,,True,107,0,caption_ocr,0,0,dt4mid-phobert,1,2026,threads,test,1
correct_prediction,,True,980,0,caption_ocr,0,0,dt4mid-phobert,0,2026,threads,test,0
correct_prediction,,False,4819,0,caption_ocr,0,0,dt4mid-phobert,0,2026,threads,test,0
correct_prediction,,True,4321,0,caption_ocr,0,0,dt4mid-phobert,0,2026,threads,test,0
correct_prediction,,True,2506,1,caption_ocr,1,1,dt4mid-phobert,1,2026,facebook,test,0
error_001,,True,1126,0,caption_ocr,1,1,dt4mid-phobert,0,2026,threads,test,0
correct_prediction,,True,1570,0,caption_ocr,0,0,dt4mid-phobert,0,2026,threads,test,0
false_positive,,True,2368,1,caption_ocr,0,0,dt4mid-phobert,1,2026,facebook,test,0
false_positive,,True,4037,0,caption_ocr,0,0,dt4mid-phobert,1,2026,threads,test,0
correct_prediction,,True,1863,1,caption_ocr,1,1,dt4mid-phobert,1,2026,facebook,test,0
correct_prediction,,True,1635,0,caption_ocr,0,0,dt4mid-phobert,0,2026,threads,test,0
correct_prediction,,False,6894,0,caption_ocr,1,1,dt4mid-phobert,1,2026,facebook,test,0
correct_prediction,,False,5474,0,caption_ocr,0,0,dt4mid-phobert,0,2026,threads,test,0
false_positive,,True,1791,0,caption_ocr,0,0,dt4mid-phobert,1,2026,threads,test,1
correct_prediction,,False,6547,0,caption_ocr,1,1,dt4mid-phobert,1,2026,facebook,test,1
correct_prediction,,True,7209,0,caption_ocr,1,1,dt4mid-phobert,1,2026,facebook,test,0
correct_prediction,,True,5072,0,caption_ocr,0,0,dt4mid-phobert,0,2026,threads,test,0
correct_prediction,,True,7123,0,caption_ocr,0,0,dt4mid-phobert,0,2026,facebook,test,0
false_positive,,True,2233,1,caption_ocr,0,0,dt4mid-phobert,1,2026,facebook,test,0
correct_prediction,,False,2015,0,caption_ocr,1,1,dt4mid-phobert,1,2026,facebook,test,0
error_001,,False,6784,0,caption_ocr,1,1,dt4mid-phobert,0,2026,facebook,test,0
correct_prediction,,True,403,0,caption_ocr,0,0,dt4mid-phobert,0,2026,threads,test,0
correct_prediction,,True,6090,0,caption_ocr,0,0,dt4mid-phobert,0,2026,facebook,test,0
correct_prediction,,False,677,0,caption_ocr,0,0,dt4mid-phobert,0,2026,threads,test,0
error_001,,True,6493,0,caption_ocr,1,1,dt4mid-phobert,0,2026,facebook,test,0
correct_prediction,,False,5495,0,caption_ocr,0,0,dt4mid-phobert,0,2026,threads,test,0
correct_prediction,,True,5802,0,caption_ocr,1,1,dt4mid-phobert,1,2026,facebook,test,0
correct_prediction,,True,6800,0,caption_ocr,1,1,dt4mid-phobert,1,2026,facebook,test,0
correct_prediction,,False,3949,0,caption_ocr,0,0,dt4mid-phobert,0,2026,threads,test,0
correct_prediction,,True,2320,0,caption_ocr,1,1,dt4mid-phobert,1,2026,facebook,test,0
correct_prediction,,False,3805,0,caption_ocr,0,0,dt4mid-phobert,0,2026,threads,test,0
correct_prediction,,True,6404,0,caption_ocr,0,0,dt4mid-phobert,0,2026,facebook,test,0
correct_prediction,,False,4036,0,caption_ocr,0,0,dt4mid-phobert,0,2026,threads,test,0
correct_prediction,,True,2397,1,caption_ocr,1,1,dt4mid-phobert,1,2026,facebook,test,0
correct_prediction,,True,3609,0,caption_ocr,0,0,dt4mid-phobert,0,2026,threads,test,0
correct_prediction,,False,4950,0,caption_ocr,0,0,dt4mid-phobert,0,2026,threads,test,0
correct_prediction,,False,6884,0,caption_ocr,1,1,dt4mid-phobert,1,2026,facebook,test,1
correct_prediction,,False,7228,0,caption_ocr,1,1,dt4mid-phobert,1,2026,facebook,test,0
correct_prediction,,False,4770,0,caption_ocr,0,0,dt4mid-phobert,0,2026,threads,test,0
correct_prediction,,True,2744,0,caption_ocr,1,1,dt4mid-phobert,1,2026,facebook,test,0
correct_prediction,,True,4924,0,caption_ocr,0,0,dt4mid-phobert,0,2026,threads,test,0
correct_prediction,,True,3104,0,caption_ocr,1,1,dt4mid-phobert,1,2026,threads,test,1
correct_prediction,,True,5906,0,caption_ocr,0,0,dt4mid-phobert,0,2026,facebook,test,0
false_positive,,True,6375,0,caption_ocr,0,0,dt4mid-phobert,1,2026,facebook,test,0
correct_prediction,,True,2438,0,caption_ocr,1,1,dt4mid-phobert,1,2026,facebook,test,0
correct_prediction,,True,7181,0,caption_ocr,1,1,dt4mid-phobert,1,2026,facebook,test,1
error_001,,False,4611,0,caption_ocr,1,1,dt4mid-phobert,0,2026,threads,test,0
error_001,,True,3164,0,caption_ocr,1,1,dt4mid-phobert,0,2026,threads,test,0
correct_prediction,,True,2929,0,caption_ocr,1,1,dt4mid-phobert,1,2026,facebook,test,0
error_001,,False,6564,0,caption_ocr,1,1,dt4mid-phobert,0,2026,facebook,test,0
false_positive,,True,3857,0,caption_ocr,0,0,dt4mid-phobert,1,2026,threads,test,0
false_positive,,True,1054,0,caption_ocr,0,0,dt4mid-phobert,1,2026,threads,test,0
correct_prediction,,False,6734,0,caption_ocr,1,1,dt4mid-phobert,1,2026,facebook,test,0
correct_prediction,,True,7011,1,caption_ocr,1,1,dt4mid-phobert,1,2026,facebook,test,0
false_positive,,False,5961,0,caption_ocr,0,0,dt4mid-phobert,1,2026,facebook,test,0
correct_prediction,,True,4574,0,caption_ocr,1,1,dt4mid-phobert,1,2026,threads,test,1
false_positive,,True,2064,0,caption_ocr,0,0,dt4mid-phobert,1,2026,facebook,test,0
correct_prediction,,False,3666,0,caption_ocr,0,0,dt4mid-phobert,0,2026,threads,test,0
correct_prediction,,True,3040,0,caption_ocr,1,1,dt4mid-phobert,1,2026,facebook,test,1
error_001,,False,1392,0,caption_ocr,1,1,dt4mid-phobert,0,2026,threads,test,0
false_positive,,True,3125,0,caption_ocr,0,0,dt4mid-phobert,1,2026,threads,test,0
correct_prediction,,True,5288,0,caption_ocr,0,0,dt4mid-phobert,0,2026,threads,test,0
correct_prediction,,False,6679,0,caption_ocr,1,1,dt4mid-phobert,1,2026,facebook,test,1
error_001,,False,591,0,caption_ocr,1,1,dt4mid-phobert,0,2026,threads,test,0
correct_prediction,,False,6634,0,caption_ocr,1,1,dt4mid-phobert,1,2026,facebook,test,0
correct_prediction,,True,1280,1,caption_ocr,1,1,dt4mid-phobert,1,2026,threads,test,0
correct_prediction,,True,430,1,caption_ocr,1,1,dt4mid-phobert,1,2026,threads,test,0
correct_prediction,,False,889,0,caption_ocr,0,0,dt4mid-phobert,0,2026,threads,test,0
correct_prediction,,False,5371,0,caption_ocr,0,0,dt4mid-phobert,0,2026,threads,test,0
correct_prediction,,True,715,0,caption_ocr,0,0,dt4mid-phobert,0,2026,threads,test,0
false_positive,,True,2463,0,caption_ocr,0,0,dt4mid-phobert,1,2026,facebook,test,0
correct_prediction,,True,4461,0,caption_ocr,1,1,dt4mid-phobert,1,2026,threads,test,0
false_positive,,True,4232,0,caption_ocr,0,0,dt4mid-phobert,1,2026,threads,test,0
error_001,,True,3372,0,caption_ocr,1,1,dt4mid-phobert,0,2026,threads,test,0
correct_prediction,,False,4881,0,caption_ocr,0,0,dt4mid-phobert,0,2026,threads,test,0
correct_prediction,,True,1480,0,caption_ocr,0,0,dt4mid-phobert,0,2026,threads,test,1
correct_prediction,,True,116,0,caption_ocr,1,1,dt4mid-phobert,1,2026,threads,test,0
false_positive,,True,6181,0,caption_ocr,0,0,dt4mid-phobert,1,2026,facebook,test,0
correct_prediction,,False,721,0,caption_ocr,0,0,dt4mid-phobert,0,2026,threads,test,0
correct_prediction,,False,5590,0,caption_ocr,0,0,dt4mid-phobert,0,2026,threads,test,0
correct_prediction,,True,5322,0,caption_ocr,1,1,dt4mid-phobert,1,2026,threads,test,1
correct_prediction,,False,4504,0,caption_ocr,0,0,dt4mid-phobert,0,2026,threads,test,0
correct_prediction,,False,1121,0,caption_ocr,0,0,dt4mid-phobert,0,2026,threads,test,0
correct_prediction,,False,5224,0,caption_ocr,0,0,dt4mid-phobert,0,2026,threads,test,0
correct_prediction,,True,1623,0,caption_ocr,0,0,dt4mid-phobert,0,2026,threads,test,0
correct_prediction,,False,4503,0,caption_ocr,0,0,dt4mid-phobert,0,2026,threads,test,0
correct_prediction,,True,188,0,caption_ocr,0,0,dt4mid-phobert,0,2026,threads,test,1
error_001,,True,276,0,caption_ocr,1,1,dt4mid-phobert,0,2026,threads,test,0
correct_prediction,,False,4625,0,caption_ocr,0,0,dt4mid-phobert,0,2026,threads,test,0
correct_prediction,,True,4164,0,caption_ocr,0,0,dt4mid-phobert,0,2026,threads,test,0
error_001,,True,6329,0,caption_ocr,1,1,dt4mid-phobert,0,2026,facebook,test,0
false_positive,,True,4964,0,caption_ocr,0,0,dt4mid-phobert,1,2026,threads,test,0
correct_prediction,,True,4669,0,caption_ocr,0,0,dt4mid-phobert,0,2026,threads,test,0
correct_prediction,,True,4201,0,caption_ocr,0,0,dt4mid-phobert,0,2026,threads,test,0
correct_prediction,,False,2830,1,caption_ocr,1,1,dt4mid-phobert,1,2026,facebook,test,1
correct_prediction,,True,1714,0,caption_ocr,1,1,dt4mid-phobert,1,2026,threads,test,0
correct_prediction,,True,209,0,caption_ocr,1,1,dt4mid-phobert,1,2026,threads,test,0
error_001,,True,4048,0,caption_ocr,1,1,dt4mid-phobert,0,2026,threads,test,0
correct_prediction,,True,6968,1,caption_ocr,1,1,dt4mid-phobert,1,2026,facebook,test,0
correct_prediction,,True,2151,1,caption_ocr,1,1,dt4mid-phobert,1,2026,facebook,test,0
correct_prediction,,True,5565,0,caption_ocr,0,0,dt4mid-phobert,0,2026,threads,test,0
correct_prediction,,False,6476,0,caption_ocr,1,1,dt4mid-phobert,1,2026,facebook,test,0
false_positive,,True,5666,0,caption_ocr,0,0,dt4mid-phobert,1,2026,threads,test,0
correct_prediction,,False,3827,0,caption_ocr,0,0,dt4mid-phobert,0,2026,threads,test,0
error_001,,False,1207,0,caption_ocr,1,1,dt4mid-phobert,0,2026,threads,test,0
false_positive,,True,6735,0,caption_ocr,0,0,dt4mid-phobert,1,2026,facebook,test,0
correct_prediction,,False,2077,0,caption_ocr,1,1,dt4mid-phobert,1,2026,facebook,test,1
false_positive,,True,932,0,caption_ocr,0,0,dt4mid-phobert,1,2026,threads,test,0
false_positive,,True,235,0,caption_ocr,0,0,dt4mid-phobert,1,2026,threads,test,0
correct_prediction,,False,593,0,caption_ocr,0,0,dt4mid-phobert,0,2026,threads,test,0
false_positive,,True,2166,0,caption_ocr,0,0,dt4mid-phobert,1,2026,facebook,test,0
correct_prediction,,True,6353,0,caption_ocr,0,0,dt4mid-phobert,0,2026,facebook,test,0
correct_prediction,,True,137,0,caption_ocr,0,0,dt4mid-phobert,0,2026,threads,test,0
correct_prediction,,False,4545,0,caption_ocr,0,0,dt4mid-phobert,0,2026,threads,test,0
correct_prediction,,False,4901,0,caption_ocr,0,0,dt4mid-phobert,0,2026,threads,test,0
false_positive,,True,333,0,caption_ocr,0,0,dt4mid-phobert,1,2026,threads,test,0
correct_prediction,,False,4040,0,caption_ocr,0,0,dt4mid-phobert,0,2026,threads,test,0
false_positive,,True,289,0,caption_ocr,0,0,dt4mid-phobert,1,2026,threads,test,0
correct_prediction,,True,361,0,caption_ocr,0,0,dt4mid-phobert,0,2026,threads,test,0
false_positive,,True,2216,0,caption_ocr,0,0,dt4mid-phobert,1,2026,facebook,test,0
correct_prediction,,True,2356,1,caption_ocr,1,1,dt4mid-phobert,1,2026,facebook,test,0
false_positive,,True,1686,0,caption_ocr,0,0,dt4mid-phobert,1,2026,threads,test,0
correct_prediction,,False,6644,0,caption_ocr,1,1,dt4mid-phobert,1,2026,facebook,test,0
false_positive,,True,2715,0,caption_ocr,0,0,dt4mid-phobert,1,2026,facebook,test,0
false_positive,,True,3510,0,caption_ocr,0,0,dt4mid-phobert,1,2026,threads,test,0
error_001,,True,5575,0,caption_ocr,1,1,dt4mid-phobert,0,2026,threads,test,0
correct_prediction,,True,548,0,caption_ocr,0,0,dt4mid-phobert,0,2026,threads,test,0
correct_prediction,,True,427,0,caption_ocr,0,0,dt4mid-phobert,0,2026,threads,test,0
false_positive,,True,5880,0,caption_ocr,0,0,dt4mid-phobert,1,2026,facebook,test,0
correct_prediction,,False,4651,0,caption_ocr,0,0,dt4mid-phobert,0,2026,threads,test,0
correct_prediction,,True,3635,0,caption_ocr,0,0,dt4mid-phobert,0,2026,threads,test,0
correct_prediction,,True,1325,1,caption_ocr,1,1,dt4mid-phobert,1,2026,threads,test,0
correct_prediction,,False,4510,0,caption_ocr,0,0,dt4mid-phobert,0,2026,threads,test,0
correct_prediction,,True,5245,0,caption_ocr,0,0,dt4mid-phobert,0,2026,threads,test,0
correct_prediction,,False,2629,0,caption_ocr,1,1,dt4mid-phobert,1,2026,facebook,test,0
correct_prediction,,True,5061,0,caption_ocr,0,0,dt4mid-phobert,0,2026,threads,test,0
correct_prediction,,True,2280,1,caption_ocr,1,1,dt4mid-phobert,1,2026,facebook,test,0
correct_prediction,,False,6615,1,caption_ocr,1,1,dt4mid-phobert,1,2026,facebook,test,1
false_positive,,True,3850,0,caption_ocr,0,0,dt4mid-phobert,1,2026,threads,test,0
correct_prediction,,False,3533,0,caption_ocr,0,0,dt4mid-phobert,0,2026,threads,test,0
false_positive,,True,7009,0,caption_ocr,0,0,dt4mid-phobert,1,2026,facebook,test,0
false_positive,,True,5548,0,caption_ocr,0,0,dt4mid-phobert,1,2026,threads,test,0
false_positive,,True,2215,0,caption_ocr,0,0,dt4mid-phobert,1,2026,facebook,test,0
false_positive,,True,2229,0,caption_ocr,0,0,dt4mid-phobert,1,2026,facebook,test,0
correct_prediction,,True,2947,0,caption_ocr,1,1,dt4mid-phobert,1,2026,facebook,test,0
correct_prediction,,True,4088,0,caption_ocr,0,0,dt4mid-phobert,0,2026,threads,test,0
correct_prediction,,False,1574,0,caption_ocr,0,0,dt4mid-phobert,0,2026,threads,test,0
correct_prediction,,False,2713,0,caption_ocr,1,1,dt4mid-phobert,1,2026,facebook,test,0
false_positive,,True,3881,0,caption_ocr,0,0,dt4mid-phobert,1,2026,threads,test,0
correct_prediction,,True,1734,0,caption_ocr,0,0,dt4mid-phobert,0,2026,threads,test,0
correct_prediction,,True,6961,0,caption_ocr,0,0,dt4mid-phobert,0,2026,facebook,test,0
correct_prediction,,True,4575,0,caption_ocr,0,0,dt4mid-phobert,0,2026,threads,test,0
correct_prediction,,True,1417,0,caption_ocr,0,0,dt4mid-phobert,0,2026,threads,test,0
false_positive,,True,3267,0,caption_ocr,0,0,dt4mid-phobert,1,2026,threads,test,0
correct_prediction,,False,1298,0,caption_ocr,0,0,dt4mid-phobert,0,2026,threads,test,0
correct_prediction,,True,7214,0,caption_ocr,1,1,dt4mid-phobert,1,2026,facebook,test,0
correct_prediction,,False,5140,0,caption_ocr,0,0,dt4mid-phobert,0,2026,threads,test,0
false_positive,,True,7215,0,caption_ocr,0,0,dt4mid-phobert,1,2026,facebook,test,0
correct_prediction,,True,619,0,caption_ocr,1,1,dt4mid-phobert,1,2026,threads,test,0
correct_prediction,,True,2544,1,caption_ocr,1,1,dt4mid-phobert,1,2026,facebook,test,0
correct_prediction,,True,2894,0,caption_ocr,1,1,dt4mid-phobert,1,2026,facebook,test,0
correct_prediction,,True,668,0,caption_ocr,0,0,dt4mid-phobert,0,2026,threads,test,0
correct_prediction,,True,308,0,caption_ocr,1,1,dt4mid-phobert,1,2026,threads,test,0
correct_prediction,,True,2727,1,caption_ocr,1,1,dt4mid-phobert,1,2026,facebook,test,0
false_positive,,False,1107,0,caption_ocr,0,0,dt4mid-phobert,1,2026,threads,test,1
correct_prediction,,False,834,0,caption_ocr,0,0,dt4mid-phobert,0,2026,threads,test,0
correct_prediction,,True,30,0,caption_ocr,0,0,dt4mid-phobert,0,2026,threads,test,0
false_positive,,True,2564,0,caption_ocr,0,0,dt4mid-phobert,1,2026,facebook,test,0
correct_prediction,,False,3673,0,caption_ocr,0,0,dt4mid-phobert,0,2026,threads,test,0
false_positive,,True,2048,0,caption_ocr,0,0,dt4mid-phobert,1,2026,facebook,test,0
false_positive,,True,2303,0,caption_ocr,0,0,dt4mid-phobert,1,2026,facebook,test,0
correct_prediction,,True,4498,0,caption_ocr,0,0,dt4mid-phobert,0,2026,threads,test,0
correct_prediction,,False,5995,0,caption_ocr,1,1,dt4mid-phobert,1,2026,facebook,test,0
false_positive,,True,1464,0,caption_ocr,0,0,dt4mid-phobert,1,2026,threads,test,0
correct_prediction,,False,2831,0,caption_ocr,1,1,dt4mid-phobert,1,2026,facebook,test,1
correct_prediction,,True,147,0,caption_ocr,0,0,dt4mid-phobert,0,2026,threads,test,0
correct_prediction,,True,6310,1,caption_ocr,1,1,dt4mid-phobert,1,2026,facebook,test,0
correct_prediction,,True,7328,0,caption_ocr,1,1,dt4mid-phobert,1,2026,facebook,test,0
false_positive,,False,2818,0,caption_ocr,0,0,dt4mid-phobert,1,2026,facebook,test,0
false_positive,,True,5703,0,caption_ocr,0,0,dt4mid-phobert,1,2026,facebook,test,0
correct_prediction,,True,691,0,caption_ocr,1,1,dt4mid-phobert,1,2026,threads,test,1
correct_prediction,,False,817,0,caption_ocr,0,0,dt4mid-phobert,0,2026,threads,test,0
correct_prediction,,False,3622,0,caption_ocr,0,0,dt4mid-phobert,0,2026,threads,test,0
correct_prediction,,False,5024,0,caption_ocr,0,0,dt4mid-phobert,0,2026,threads,test,0
correct_prediction,,False,2203,0,caption_ocr,1,1,dt4mid-phobert,1,2026,facebook,test,0
correct_prediction,,False,6536,0,caption_ocr,1,1,dt4mid-phobert,1,2026,facebook,test,0
correct_prediction,,False,204,0,caption_ocr,0,0,dt4mid-phobert,0,2026,threads,test,1
error_001,,True,491,0,caption_ocr,1,1,dt4mid-phobert,0,2026,threads,test,0
correct_prediction,,False,1960,0,caption_ocr,0,0,dt4mid-phobert,0,2026,facebook,test,0
correct_prediction,,False,718,0,caption_ocr,0,0,dt4mid-phobert,0,2026,threads,test,0
false_positive,,True,6394,0,caption_ocr,0,0,dt4mid-phobert,1,2026,facebook,test,0
error_001,,False,53,0,caption_ocr,1,1,dt4mid-phobert,0,2026,threads,test,0
false_positive,,False,2787,0,caption_ocr,0,0,dt4mid-phobert,1,2026,facebook,test,0
correct_prediction,,True,5089,0,caption_ocr,0,0,dt4mid-phobert,0,2026,threads,test,0
correct_prediction,,True,2882,0,caption_ocr,1,1,dt4mid-phobert,1,2026,facebook,test,1
false_positive,,True,1789,0,caption_ocr,0,0,dt4mid-phobert,1,2026,threads,test,1
correct_prediction,,False,6978,0,caption_ocr,1,1,dt4mid-phobert,1,2026,facebook,test,0
correct_prediction,,True,6577,0,caption_ocr,1,1,dt4mid-phobert,1,2026,facebook,test,0
correct_prediction,,True,3769,0,caption_ocr,0,0,dt4mid-phobert,0,2026,threads,test,0
correct_prediction,,False,335,0,caption_ocr,0,0,dt4mid-phobert,0,2026,threads,test,0
correct_prediction,,True,5219,0,caption_ocr,0,0,dt4mid-phobert,0,2026,threads,test,0
false_positive,,True,7086,0,caption_ocr,0,0,dt4mid-phobert,1,2026,facebook,test,0
error_001,,True,3896,0,caption_ocr,1,1,dt4mid-phobert,0,2026,threads,test,0
correct_prediction,,False,1930,0,caption_ocr,1,1,dt4mid-phobert,1,2026,facebook,test,1
false_positive,,True,2590,0,caption_ocr,0,0,dt4mid-phobert,1,2026,facebook,test,0
false_positive,,True,7049,0,caption_ocr,0,0,dt4mid-phobert,1,2026,facebook,test,0
correct_prediction,,False,2805,0,caption_ocr,1,1,dt4mid-phobert,1,2026,facebook,test,0
correct_prediction,,True,3496,0,caption_ocr,0,0,dt4mid-phobert,0,2026,threads,test,0
correct_prediction,,True,2367,1,caption_ocr,1,1,dt4mid-phobert,1,2026,facebook,test,0
correct_prediction,,True,3746,0,caption_ocr,1,1,dt4mid-phobert,1,2026,threads,test,0
false_positive,,True,6337,0,caption_ocr,0,0,dt4mid-phobert,1,2026,facebook,test,0
error_001,,True,4887,0,caption_ocr,1,1,dt4mid-phobert,0,2026,threads,test,0
correct_prediction,,True,2585,1,caption_ocr,1,1,dt4mid-phobert,1,2026,facebook,test,0
correct_prediction,,True,2288,1,caption_ocr,1,1,dt4mid-phobert,1,2026,facebook,test,0
false_positive,,True,2134,0,caption_ocr,0,0,dt4mid-phobert,1,2026,facebook,test,0
correct_prediction,,False,3685,0,caption_ocr,0,0,dt4mid-phobert,0,2026,threads,test,0
correct_prediction,,False,5736,0,caption_ocr,1,1,dt4mid-phobert,1,2026,facebook,test,0
correct_prediction,,True,3225,0,caption_ocr,0,0,dt4mid-phobert,0,2026,threads,test,0
correct_prediction,,True,5074,0,caption_ocr,0,0,dt4mid-phobert,0,2026,threads,test,0
correct_prediction,,True,3866,0,caption_ocr,0,0,dt4mid-phobert,0,2026,threads,test,0
correct_prediction,,True,2695,0,caption_ocr,1,1,dt4mid-phobert,1,2026,facebook,test,1
correct_prediction,,True,3968,0,caption_ocr,0,0,dt4mid-phobert,0,2026,threads,test,0
correct_prediction,,True,6957,1,caption_ocr,1,1,dt4mid-phobert,1,2026,facebook,test,0
correct_prediction,,False,4720,0,caption_ocr,0,0,dt4mid-phobert,0,2026,threads,test,0
correct_prediction,,False,3713,0,caption_ocr,0,0,dt4mid-phobert,0,2026,threads,test,0
false_positive,,False,1809,0,caption_ocr,0,0,dt4mid-phobert,1,2026,threads,test,0
correct_prediction,,True,3043,0,caption_ocr,1,1,dt4mid-phobert,1,2026,facebook,test,1
correct_prediction,,False,6942,0,caption_ocr,1,1,dt4mid-phobert,1,2026,facebook,test,1
correct_prediction,,True,3678,0,caption_ocr,0,0,dt4mid-phobert,0,2026,threads,test,0
correct_prediction,,True,7289,1,caption_ocr,1,1,dt4mid-phobert,1,2026,facebook,test,0
false_positive,,False,1974,0,caption_ocr,0,0,dt4mid-phobert,1,2026,facebook,test,0
correct_prediction,,False,4805,0,caption_ocr,0,0,dt4mid-phobert,0,2026,threads,test,0
correct_prediction,,True,3940,0,caption_ocr,1,1,dt4mid-phobert,1,2026,threads,test,1
correct_prediction,,True,4026,0,caption_ocr,0,0,dt4mid-phobert,0,2026,threads,test,1
false_positive,,True,557,0,caption_ocr,0,0,dt4mid-phobert,1,2026,threads,test,0
correct_prediction,,True,7287,0,caption_ocr,1,1,dt4mid-phobert,1,2026,facebook,test,1
error_001,,True,2187,0,caption_ocr,1,1,dt4mid-phobert,0,2026,facebook,test,0
error_001,,True,1647,0,caption_ocr,1,1,dt4mid-phobert,0,2026,threads,test,0
correct_prediction,,True,6436,0,caption_ocr,1,1,dt4mid-phobert,1,2026,facebook,test,0
correct_prediction,,True,4220,0,caption_ocr,0,0,dt4mid-phobert,0,2026,threads,test,0
correct_prediction,,False,138,0,caption_ocr,0,0,dt4mid-phobert,0,2026,threads,test,0
correct_prediction,,True,2639,0,caption_ocr,1,1,dt4mid-phobert,1,2026,facebook,test,0
correct_prediction,,False,4705,0,caption_ocr,0,0,dt4mid-phobert,0,2026,threads,test,0
false_positive,,True,3475,0,caption_ocr,0,0,dt4mid-phobert,1,2026,threads,test,0
correct_prediction,,True,1056,0,caption_ocr,0,0,dt4mid-phobert,0,2026,threads,test,0
error_001,,True,1453,0,caption_ocr,1,1,dt4mid-phobert,0,2026,threads,test,0
correct_prediction,,True,1702,0,caption_ocr,1,1,dt4mid-phobert,1,2026,threads,test,1
correct_prediction,,True,5220,0,caption_ocr,1,1,dt4mid-phobert,1,2026,threads,test,0
correct_prediction,,False,6847,0,caption_ocr,1,1,dt4mid-phobert,1,2026,facebook,test,0
correct_prediction,,False,3219,0,caption_ocr,0,0,dt4mid-phobert,0,2026,threads,test,0
false_positive,,True,1040,0,caption_ocr,0,0,dt4mid-phobert,1,2026,threads,test,0
correct_prediction,,True,1703,1,caption_ocr,1,1,dt4mid-phobert,1,2026,threads,test,1
correct_prediction,,True,1271,0,caption_ocr,0,0,dt4mid-phobert,0,2026,threads,test,0
correct_prediction,,True,2870,0,caption_ocr,1,1,dt4mid-phobert,1,2026,facebook,test,1
correct_prediction,,True,4764,0,caption_ocr,0,0,dt4mid-phobert,0,2026,threads,test,0
false_positive,,False,4635,0,caption_ocr,0,0,dt4mid-phobert,1,2026,threads,test,0
correct_prediction,,True,4713,0,caption_ocr,0,0,dt4mid-phobert,0,2026,threads,test,0
correct_prediction,,True,4718,0,caption_ocr,0,0,dt4mid-phobert,0,2026,threads,test,0
correct_prediction,,True,5865,1,caption_ocr,1,1,dt4mid-phobert,1,2026,facebook,test,0
correct_prediction,,False,5047,0,caption_ocr,0,0,dt4mid-phobert,0,2026,threads,test,0
correct_prediction,,True,2358,0,caption_ocr,1,1,dt4mid-phobert,1,2026,facebook,test,0
false_positive,,True,2093,0,caption_ocr,0,0,dt4mid-phobert,1,2026,facebook,test,0
correct_prediction,,False,5077,0,caption_ocr,0,0,dt4mid-phobert,0,2026,threads,test,0
error_001,,False,3731,0,caption_ocr,1,1,dt4mid-phobert,0,2026,threads,test,0
correct_prediction,,True,1660,0,caption_ocr,1,1,dt4mid-phobert,1,2026,threads,test,1
correct_prediction,,False,3788,0,caption_ocr,0,0,dt4mid-phobert,0,2026,threads,test,0
correct_prediction,,True,4435,0,caption_ocr,0,0,dt4mid-phobert,0,2026,threads,test,0
false_positive,,True,3079,0,caption_ocr,0,0,dt4mid-phobert,1,2026,facebook,test,0
correct_prediction,,True,5515,0,caption_ocr,0,0,dt4mid-phobert,0,2026,threads,test,0
correct_prediction,,True,5562,0,caption_ocr,0,0,dt4mid-phobert,0,2026,threads,test,0
correct_prediction,,True,7331,0,caption_ocr,0,0,dt4mid-phobert,0,2026,facebook,test,0
correct_prediction,,False,6680,0,caption_ocr,1,1,dt4mid-phobert,1,2026,facebook,test,0
correct_prediction,,False,7141,0,caption_ocr,1,1,dt4mid-phobert,1,2026,facebook,test,0
false_positive,,True,7295,0,caption_ocr,0,0,dt4mid-phobert,1,2026,facebook,test,0
false_positive,,True,7100,0,caption_ocr,0,0,dt4mid-phobert,1,2026,facebook,test,0
correct_prediction,,True,902,0,caption_ocr,1,1,dt4mid-phobert,1,2026,threads,test,1
correct_prediction,,True,4456,0,caption_ocr,0,0,dt4mid-phobert,0,2026,threads,test,0
correct_prediction,,False,1369,0,caption_ocr,0,0,dt4mid-phobert,0,2026,threads,test,0
false_positive,,True,3015,0,caption_ocr,0,0,dt4mid-phobert,1,2026,facebook,test,1
false_positive,,True,5378,0,caption_ocr,0,0,dt4mid-phobert,1,2026,threads,test,0
false_positive,,True,2763,0,caption_ocr,0,0,dt4mid-phobert,1,2026,facebook,test,0
correct_prediction,,False,6360,0,caption_ocr,0,0,dt4mid-phobert,0,2026,facebook,test,0
false_positive,,True,3117,0,caption_ocr,0,0,dt4mid-phobert,1,2026,threads,test,0
error_001,,True,6106,0,caption_ocr,1,1,dt4mid-phobert,0,2026,facebook,test,0
correct_prediction,,True,2521,0,caption_ocr,1,1,dt4mid-phobert,1,2026,facebook,test,0
correct_prediction,,True,990,0,caption_ocr,0,0,dt4mid-phobert,0,2026,threads,test,0
correct_prediction,,False,1503,0,caption_ocr,0,0,dt4mid-phobert,0,2026,threads,test,0
correct_prediction,,True,1490,0,caption_ocr,0,0,dt4mid-phobert,0,2026,threads,test,0
correct_prediction,,False,3623,0,caption_ocr,0,0,dt4mid-phobert,0,2026,threads,test,0
correct_prediction,,True,987,1,caption_ocr,1,1,dt4mid-phobert,1,2026,threads,test,1
correct_prediction,,True,4401,0,caption_ocr,0,0,dt4mid-phobert,0,2026,threads,test,0
correct_prediction,,False,6855,0,caption_ocr,1,1,dt4mid-phobert,1,2026,facebook,test,0
false_positive,,True,6049,0,caption_ocr,0,0,dt4mid-phobert,1,2026,facebook,test,0
correct_prediction,,False,812,0,caption_ocr,0,0,dt4mid-phobert,0,2026,threads,test,0
false_positive,,False,4267,0,caption_ocr,0,0,dt4mid-phobert,1,2026,threads,test,0
correct_prediction,,True,4197,0,caption_ocr,0,0,dt4mid-phobert,0,2026,threads,test,1
correct_prediction,,True,2296,0,caption_ocr,0,0,dt4mid-phobert,0,2026,facebook,test,0
correct_prediction,,True,6594,0,caption_ocr,1,1,dt4mid-phobert,1,2026,facebook,test,0
correct_prediction,,True,6977,1,caption_ocr,1,1,dt4mid-phobert,1,2026,facebook,test,0
correct_prediction,,True,5139,0,caption_ocr,0,0,dt4mid-phobert,0,2026,threads,test,0
false_positive,,True,3289,0,caption_ocr,0,0,dt4mid-phobert,1,2026,threads,test,0
error_001,,True,1624,0,caption_ocr,1,1,dt4mid-phobert,0,2026,threads,test,0
correct_prediction,,False,3952,0,caption_ocr,0,0,dt4mid-phobert,0,2026,threads,test,1
correct_prediction,,True,6060,0,caption_ocr,0,0,dt4mid-phobert,0,2026,facebook,test,0
error_001,,False,3824,0,caption_ocr,1,1,dt4mid-phobert,0,2026,threads,test,0
correct_prediction,,True,5482,0,caption_ocr,0,0,dt4mid-phobert,0,2026,threads,test,0
correct_prediction,,False,5568,0,caption_ocr,0,0,dt4mid-phobert,0,2026,threads,test,0
false_positive,,True,3913,0,caption_ocr,0,0,dt4mid-phobert,1,2026,threads,test,0
correct_prediction,,True,7004,0,caption_ocr,1,1,dt4mid-phobert,1,2026,facebook,test,0
correct_prediction,,False,6664,0,caption_ocr,1,1,dt4mid-phobert,1,2026,facebook,test,1
correct_prediction,,False,4871,0,caption_ocr,0,0,dt4mid-phobert,0,2026,threads,test,0
correct_prediction,,True,3960,0,caption_ocr,0,0,dt4mid-phobert,0,2026,threads,test,0
correct_prediction,,False,4500,0,caption_ocr,1,1,dt4mid-phobert,1,2026,threads,test,0
correct_prediction,,True,1688,0,caption_ocr,0,0,dt4mid-phobert,0,2026,threads,test,0
correct_prediction,,False,7092,0,caption_ocr,1,1,dt4mid-phobert,1,2026,facebook,test,0
correct_prediction,,True,3491,0,caption_ocr,0,0,dt4mid-phobert,0,2026,threads,test,0
correct_prediction,,False,5564,0,caption_ocr,0,0,dt4mid-phobert,0,2026,threads,test,0
false_positive,,True,7220,1,caption_ocr,0,0,dt4mid-phobert,1,2026,facebook,test,0
false_positive,,True,6151,0,caption_ocr,0,0,dt4mid-phobert,1,2026,facebook,test,0
correct_prediction,,True,2470,1,caption_ocr,1,1,dt4mid-phobert,1,2026,facebook,test,0
false_positive,,True,1964,0,caption_ocr,0,0,dt4mid-phobert,1,2026,facebook,test,0
correct_prediction,,True,2382,1,caption_ocr,1,1,dt4mid-phobert,1,2026,facebook,test,0
correct_prediction,,True,4272,0,caption_ocr,0,0,dt4mid-phobert,0,2026,threads,test,0
correct_prediction,,False,1867,0,caption_ocr,1,1,dt4mid-phobert,1,2026,facebook,test,0
correct_prediction,,True,5421,0,caption_ocr,0,0,dt4mid-phobert,0,2026,threads,test,0
correct_prediction,,False,1268,0,caption_ocr,1,1,dt4mid-phobert,1,2026,threads,test,1
correct_prediction,,True,4755,0,caption_ocr,0,0,dt4mid-phobert,0,2026,threads,test,0
correct_prediction,,False,826,0,caption_ocr,0,0,dt4mid-phobert,0,2026,threads,test,1
false_positive,,True,3167,0,caption_ocr,0,0,dt4mid-phobert,1,2026,threads,test,0
error_001,,False,1463,0,caption_ocr,1,1,dt4mid-phobert,0,2026,threads,test,0
correct_prediction,,False,6823,0,caption_ocr,1,1,dt4mid-phobert,1,2026,facebook,test,0
correct_prediction,,True,4355,0,caption_ocr,1,1,dt4mid-phobert,1,2026,threads,test,0
correct_prediction,,True,1906,0,caption_ocr,1,1,dt4mid-phobert,1,2026,facebook,test,0
correct_prediction,,True,4344,0,caption_ocr,0,0,dt4mid-phobert,0,2026,threads,test,0
error_001,,True,5788,0,caption_ocr,1,1,dt4mid-phobert,0,2026,facebook,test,0
correct_prediction,,True,3159,0,caption_ocr,0,0,dt4mid-phobert,0,2026,threads,test,0
correct_prediction,,True,4902,0,caption_ocr,0,0,dt4mid-phobert,0,2026,threads,test,0
correct_prediction,,True,144,0,caption_ocr,1,1,dt4mid-phobert,1,2026,threads,test,1
false_positive,,True,6761,0,caption_ocr,0,0,dt4mid-phobert,1,2026,facebook,test,1
false_positive,,True,805,0,caption_ocr,0,0,dt4mid-phobert,1,2026,threads,test,0
error_001,,True,7186,0,caption_ocr,1,1,dt4mid-phobert,0,2026,facebook,test,0
correct_prediction,,True,3182,0,caption_ocr,0,0,dt4mid-phobert,0,2026,threads,test,0
correct_prediction,,True,1303,1,caption_ocr,1,1,dt4mid-phobert,1,2026,threads,test,0
correct_prediction,,False,4092,0,caption_ocr,0,0,dt4mid-phobert,0,2026,threads,test,0
correct_prediction,,False,5450,0,caption_ocr,0,0,dt4mid-phobert,0,2026,threads,test,0
correct_prediction,,False,3378,0,caption_ocr,0,0,dt4mid-phobert,0,2026,threads,test,0
correct_prediction,,False,6551,0,caption_ocr,1,1,dt4mid-phobert,1,2026,facebook,test,0
error_001,,True,3487,0,caption_ocr,1,1,dt4mid-phobert,0,2026,threads,test,0
correct_prediction,,True,2049,0,caption_ocr,1,1,dt4mid-phobert,1,2026,facebook,test,0
correct_prediction,,True,3667,0,caption_ocr,0,0,dt4mid-phobert,0,2026,threads,test,0
correct_prediction,,True,5702,0,caption_ocr,1,1,dt4mid-phobert,1,2026,facebook,test,1
false_positive,,True,3969,0,caption_ocr,0,0,dt4mid-phobert,1,2026,threads,test,0
false_positive,,True,478,0,caption_ocr,0,0,dt4mid-phobert,1,2026,threads,test,1
false_positive,,True,5816,0,caption_ocr,0,0,dt4mid-phobert,1,2026,facebook,test,0
correct_prediction,,True,1043,0,caption_ocr,0,0,dt4mid-phobert,0,2026,threads,test,0
correct_prediction,,True,6451,1,caption_ocr,1,1,dt4mid-phobert,1,2026,facebook,test,0
correct_prediction,,True,2990,0,caption_ocr,0,0,dt4mid-phobert,0,2026,facebook,test,0
correct_prediction,,False,5193,0,caption_ocr,0,0,dt4mid-phobert,0,2026,threads,test,0
correct_prediction,,True,6509,1,caption_ocr,1,1,dt4mid-phobert,1,2026,facebook,test,0
correct_prediction,,True,7159,0,caption_ocr,0,0,dt4mid-phobert,0,2026,facebook,test,0
correct_prediction,,True,6556,0,caption_ocr,0,0,dt4mid-phobert,0,2026,facebook,test,0
correct_prediction,,False,4752,0,caption_ocr,0,0,dt4mid-phobert,0,2026,threads,test,0
correct_prediction,,False,6960,0,caption_ocr,1,1,dt4mid-phobert,1,2026,facebook,test,0
correct_prediction,,True,3837,0,caption_ocr,1,1,dt4mid-phobert,1,2026,threads,test,1
correct_prediction,,False,4514,0,caption_ocr,0,0,dt4mid-phobert,0,2026,threads,test,0
false_positive,,False,5281,0,caption_ocr,0,0,dt4mid-phobert,1,2026,threads,test,0
correct_prediction,,False,555,0,caption_ocr,0,0,dt4mid-phobert,0,2026,threads,test,0
correct_prediction,,True,7074,1,caption_ocr,1,1,dt4mid-phobert,1,2026,facebook,test,0
correct_prediction,,False,4038,0,caption_ocr,0,0,dt4mid-phobert,0,2026,threads,test,0
error_001,,False,5054,0,caption_ocr,1,1,dt4mid-phobert,0,2026,threads,test,0
false_positive,,True,6051,0,caption_ocr,0,0,dt4mid-phobert,1,2026,facebook,test,0
correct_prediction,,True,6443,0,caption_ocr,0,0,dt4mid-phobert,0,2026,facebook,test,0
correct_prediction,,True,6603,1,caption_ocr,1,1,dt4mid-phobert,1,2026,facebook,test,0
correct_prediction,,False,5760,0,caption_ocr,1,1,dt4mid-phobert,1,2026,facebook,test,0
correct_prediction,,True,2538,1,caption_ocr,1,1,dt4mid-phobert,1,2026,facebook,test,0
false_positive,,True,3665,0,caption_ocr,0,0,dt4mid-phobert,1,2026,threads,test,0
correct_prediction,,True,2529,1,caption_ocr,1,1,dt4mid-phobert,1,2026,facebook,test,0
correct_prediction,,False,4427,0,caption_ocr,0,0,dt4mid-phobert,0,2026,threads,test,0
error_001,,False,1432,0,caption_ocr,1,1,dt4mid-phobert,0,2026,threads,test,0
correct_prediction,,False,127,0,caption_ocr,0,0,dt4mid-phobert,0,2026,threads,test,0
correct_prediction,,True,2469,1,caption_ocr,1,1,dt4mid-phobert,1,2026,facebook,test,0
correct_prediction,,True,4199,0,caption_ocr,0,0,dt4mid-phobert,0,2026,threads,test,0
correct_prediction,,True,6899,1,caption_ocr,1,1,dt4mid-phobert,1,2026,facebook,test,0
false_positive,,True,523,0,caption_ocr,0,0,dt4mid-phobert,1,2026,threads,test,0
false_positive,,True,4642,0,caption_ocr,0,0,dt4mid-phobert,1,2026,threads,test,0
correct_prediction,,True,3187,0,caption_ocr,0,0,dt4mid-phobert,0,2026,threads,test,0
correct_prediction,,True,1354,0,caption_ocr,0,0,dt4mid-phobert,0,2026,threads,test,0
correct_prediction,,True,383,1,caption_ocr,0,0,dt4mid-phobert,0,2026,threads,test,0
false_positive,,True,313,0,caption_ocr,0,0,dt4mid-phobert,1,2026,threads,test,0
correct_prediction,,False,6790,0,caption_ocr,1,1,dt4mid-phobert,1,2026,facebook,test,0
false_positive,,True,5964,0,caption_ocr,0,0,dt4mid-phobert,1,2026,facebook,test,0
error_001,,True,2999,0,caption_ocr,1,1,dt4mid-phobert,0,2026,facebook,test,0
error_001,,False,4614,0,caption_ocr,1,1,dt4mid-phobert,0,2026,threads,test,0
correct_prediction,,False,4360,0,caption_ocr,0,0,dt4mid-phobert,0,2026,threads,test,0
correct_prediction,,False,3994,0,caption_ocr,0,0,dt4mid-phobert,0,2026,threads,test,0
correct_prediction,,True,7254,0,caption_ocr,1,1,dt4mid-phobert,1,2026,facebook,test,0
error_001,,False,3513,0,caption_ocr,1,1,dt4mid-phobert,0,2026,threads,test,0
correct_prediction,,True,1096,0,caption_ocr,1,1,dt4mid-phobert,1,2026,threads,test,1
error_001,,False,1479,0,caption_ocr,1,1,dt4mid-phobert,0,2026,threads,test,0
correct_prediction,,False,4739,0,caption_ocr,0,0,dt4mid-phobert,0,2026,threads,test,0
correct_prediction,,True,5826,1,caption_ocr,1,1,dt4mid-phobert,1,2026,facebook,test,0
correct_prediction,,True,1802,0,caption_ocr,1,1,dt4mid-phobert,1,2026,threads,test,0
correct_prediction,,False,796,0,caption_ocr,0,0,dt4mid-phobert,0,2026,threads,test,0
false_positive,,False,6155,0,caption_ocr,0,0,dt4mid-phobert,1,2026,facebook,test,0
correct_prediction,,True,1808,0,caption_ocr,0,0,dt4mid-phobert,0,2026,threads,test,0
false_positive,,True,7291,0,caption_ocr,0,0,dt4mid-phobert,1,2026,facebook,test,0
false_positive,,True,6086,0,caption_ocr,0,0,dt4mid-phobert,1,2026,facebook,test,0
error_001,,False,521,0,caption_ocr,1,1,dt4mid-phobert,0,2026,threads,test,0
correct_prediction,,True,4451,0,caption_ocr,0,0,dt4mid-phobert,0,2026,threads,test,0
correct_prediction,,True,6044,1,caption_ocr,1,1,dt4mid-phobert,1,2026,facebook,test,0
correct_prediction,,True,644,0,caption_ocr,0,0,dt4mid-phobert,0,2026,threads,test,0
false_positive,,True,4463,0,caption_ocr,0,0,dt4mid-phobert,1,2026,threads,test,0
correct_prediction,,True,3956,0,caption_ocr,0,0,dt4mid-phobert,0,2026,threads,test,0
false_positive,,True,1778,0,caption_ocr,0,0,dt4mid-phobert,1,2026,threads,test,0
false_positive,,True,6217,0,caption_ocr,0,0,dt4mid-phobert,1,2026,facebook,test,0
correct_prediction,,True,2426,1,caption_ocr,1,1,dt4mid-phobert,1,2026,facebook,test,0
correct_prediction,,True,3497,0,caption_ocr,0,0,dt4mid-phobert,0,2026,threads,test,1
correct_prediction,,True,2376,1,caption_ocr,1,1,dt4mid-phobert,1,2026,facebook,test,0
correct_prediction,,False,2057,0,caption_ocr,1,1,dt4mid-phobert,1,2026,facebook,test,0
correct_prediction,,False,2567,0,caption_ocr,1,1,dt4mid-phobert,1,2026,facebook,test,0
correct_prediction,,True,6517,0,caption_ocr,1,1,dt4mid-phobert,1,2026,facebook,test,0
correct_prediction,,True,2622,0,caption_ocr,1,1,dt4mid-phobert,1,2026,facebook,test,0
false_positive,,False,5824,0,caption_ocr,0,0,dt4mid-phobert,1,2026,facebook,test,0
error_001,,False,7239,0,caption_ocr,1,1,dt4mid-phobert,0,2026,facebook,test,0
false_positive,,True,4034,0,caption_ocr,0,0,dt4mid-phobert,1,2026,threads,test,0
error_001,,False,892,0,caption_ocr,1,1,dt4mid-phobert,0,2026,threads,test,0
error_001,,True,502,0,caption_ocr,1,1,dt4mid-phobert,0,2026,threads,test,0
correct_prediction,,True,297,0,caption_ocr,1,1,dt4mid-phobert,1,2026,threads,test,0
correct_prediction,,True,258,0,caption_ocr,1,1,dt4mid-phobert,1,2026,threads,test,0
correct_prediction,,False,4889,0,caption_ocr,0,0,dt4mid-phobert,0,2026,threads,test,0
correct_prediction,,True,1127,1,caption_ocr,1,1,dt4mid-phobert,1,2026,threads,test,1
correct_prediction,,True,3930,0,caption_ocr,0,0,dt4mid-phobert,0,2026,threads,test,0
correct_prediction,,True,5728,0,caption_ocr,1,1,dt4mid-phobert,1,2026,facebook,test,0
correct_prediction,,True,4595,0,caption_ocr,1,1,dt4mid-phobert,1,2026,threads,test,1
error_001,,True,4675,0,caption_ocr,1,1,dt4mid-phobert,0,2026,threads,test,0
correct_prediction,,True,6359,0,caption_ocr,0,0,dt4mid-phobert,0,2026,facebook,test,0
correct_prediction,,True,4492,0,caption_ocr,0,0,dt4mid-phobert,0,2026,threads,test,0
correct_prediction,,False,5272,0,caption_ocr,0,0,dt4mid-phobert,0,2026,threads,test,0
correct_prediction,,False,6574,0,caption_ocr,1,1,dt4mid-phobert,1,2026,facebook,test,0
correct_prediction,,False,6427,0,caption_ocr,1,1,dt4mid-phobert,1,2026,facebook,test,0
correct_prediction,,True,884,1,caption_ocr,1,1,dt4mid-phobert,1,2026,threads,test,1
correct_prediction,,True,2327,0,caption_ocr,0,0,dt4mid-phobert,0,2026,facebook,test,0
correct_prediction,,False,5249,0,caption_ocr,0,0,dt4mid-phobert,0,2026,threads,test,0
correct_prediction,,False,5361,0,caption_ocr,0,0,dt4mid-phobert,0,2026,threads,test,0
correct_prediction,,True,2952,0,caption_ocr,1,1,dt4mid-phobert,1,2026,facebook,test,1
correct_prediction,,False,2053,0,caption_ocr,1,1,dt4mid-phobert,1,2026,facebook,test,0
correct_prediction,,False,1020,0,caption_ocr,0,0,dt4mid-phobert,0,2026,threads,test,0
correct_prediction,,True,1604,0,caption_ocr,0,0,dt4mid-phobert,0,2026,threads,test,0
correct_prediction,,True,2832,0,caption_ocr,0,0,dt4mid-phobert,0,2026,facebook,test,1
correct_prediction,,True,5579,0,caption_ocr,0,0,dt4mid-phobert,0,2026,threads,test,0
false_positive,,False,1977,0,caption_ocr,0,0,dt4mid-phobert,1,2026,facebook,test,0
correct_prediction,,True,4790,0,caption_ocr,0,0,dt4mid-phobert,0,2026,threads,test,0
correct_prediction,,True,2839,0,caption_ocr,1,1,dt4mid-phobert,1,2026,facebook,test,0
correct_prediction,,False,4604,0,caption_ocr,0,0,dt4mid-phobert,0,2026,threads,test,0
correct_prediction,,True,490,0,caption_ocr,0,0,dt4mid-phobert,0,2026,threads,test,0
correct_prediction,,False,4900,0,caption_ocr,0,0,dt4mid-phobert,0,2026,threads,test,0
correct_prediction,,False,1206,0,caption_ocr,0,0,dt4mid-phobert,0,2026,threads,test,0
correct_prediction,,False,6919,0,caption_ocr,1,1,dt4mid-phobert,1,2026,facebook,test,0
correct_prediction,,False,5013,0,caption_ocr,0,0,dt4mid-phobert,0,2026,threads,test,0
correct_prediction,,True,7127,0,caption_ocr,0,0,dt4mid-phobert,0,2026,facebook,test,0
false_positive,,True,5130,0,caption_ocr,0,0,dt4mid-phobert,1,2026,threads,test,0
false_positive,,True,6450,0,caption_ocr,0,0,dt4mid-phobert,1,2026,facebook,test,0
correct_prediction,,False,3798,0,caption_ocr,1,1,dt4mid-phobert,1,2026,threads,test,1
correct_prediction,,True,3230,0,caption_ocr,0,0,dt4mid-phobert,0,2026,threads,test,0
correct_prediction,,True,4827,0,caption_ocr,0,0,dt4mid-phobert,0,2026,threads,test,0
correct_prediction,,True,2434,1,caption_ocr,1,1,dt4mid-phobert,1,2026,facebook,test,0
correct_prediction,,True,1022,0,caption_ocr,0,0,dt4mid-phobert,0,2026,threads,test,0
correct_prediction,,False,5302,0,caption_ocr,0,0,dt4mid-phobert,0,2026,threads,test,0
correct_prediction,,True,3645,0,caption_ocr,0,0,dt4mid-phobert,0,2026,threads,test,0
correct_prediction,,True,1037,0,caption_ocr,0,0,dt4mid-phobert,0,2026,threads,test,1
correct_prediction,,True,6000,0,caption_ocr,1,1,dt4mid-phobert,1,2026,facebook,test,0
correct_prediction,,True,3179,0,caption_ocr,0,0,dt4mid-phobert,0,2026,threads,test,0
correct_prediction,,True,4101,1,caption_ocr,1,1,dt4mid-phobert,1,2026,threads,test,0
error_001,,True,618,0,caption_ocr,1,1,dt4mid-phobert,0,2026,threads,test,0
correct_prediction,,True,1671,0,caption_ocr,1,1,dt4mid-phobert,1,2026,threads,test,1
correct_prediction,,True,4369,0,caption_ocr,0,0,dt4mid-phobert,0,2026,threads,test,0
correct_prediction,,True,2428,0,caption_ocr,0,0,dt4mid-phobert,0,2026,facebook,test,0
correct_prediction,,True,4304,0,caption_ocr,0,0,dt4mid-phobert,0,2026,threads,test,0
correct_prediction,,True,2113,0,caption_ocr,1,1,dt4mid-phobert,1,2026,facebook,test,0
correct_prediction,,False,2724,0,caption_ocr,1,1,dt4mid-phobert,1,2026,facebook,test,1
correct_prediction,,False,5930,0,caption_ocr,1,1,dt4mid-phobert,1,2026,facebook,test,0
correct_prediction,,False,5205,0,caption_ocr,0,0,dt4mid-phobert,0,2026,threads,test,0
correct_prediction,,True,411,0,caption_ocr,1,1,dt4mid-phobert,1,2026,threads,test,1
correct_prediction,,False,743,0,caption_ocr,0,0,dt4mid-phobert,0,2026,threads,test,0
correct_prediction,,True,2558,1,caption_ocr,1,1,dt4mid-phobert,1,2026,facebook,test,0
correct_prediction,,True,113,0,caption_ocr,1,1,dt4mid-phobert,1,2026,threads,test,1
correct_prediction,,False,426,0,caption_ocr,0,0,dt4mid-phobert,0,2026,threads,test,0
error_001,,True,7221,0,caption_ocr,1,1,dt4mid-phobert,0,2026,facebook,test,0
correct_prediction,,True,1653,0,caption_ocr,1,1,dt4mid-phobert,1,2026,threads,test,1
correct_prediction,,True,4744,0,caption_ocr,0,0,dt4mid-phobert,0,2026,threads,test,0
correct_prediction,,True,7014,1,caption_ocr,1,1,dt4mid-phobert,1,2026,facebook,test,0
correct_prediction,,True,6677,0,caption_ocr,1,1,dt4mid-phobert,1,2026,facebook,test,0
correct_prediction,,False,5282,0,caption_ocr,0,0,dt4mid-phobert,0,2026,threads,test,0
correct_prediction,,True,6037,1,caption_ocr,1,1,dt4mid-phobert,1,2026,facebook,test,0
correct_prediction,,True,4241,0,caption_ocr,0,0,dt4mid-phobert,0,2026,threads,test,0
false_positive,,False,16,0,caption_ocr,0,0,dt4mid-phobert,1,2026,threads,test,0
correct_prediction,,True,26,0,caption_ocr,1,1,dt4mid-phobert,1,2026,threads,test,1
false_positive,,True,256,0,caption_ocr,0,0,dt4mid-phobert,1,2026,threads,test,1
false_positive,,True,6856,1,caption_ocr,0,0,dt4mid-phobert,1,2026,facebook,test,0
correct_prediction,,True,4132,0,caption_ocr,0,0,dt4mid-phobert,0,2026,threads,test,0
false_positive,,True,3518,0,caption_ocr,0,0,dt4mid-phobert,1,2026,threads,test,0
correct_prediction,,True,1005,1,caption_ocr,1,1,dt4mid-phobert,1,2026,threads,test,1
correct_prediction,,False,1348,0,caption_ocr,0,0,dt4mid-phobert,0,2026,threads,test,0
correct_prediction,,True,4057,0,caption_ocr,0,0,dt4mid-phobert,0,2026,threads,test,0
correct_prediction,,False,2729,0,caption_ocr,1,1,dt4mid-phobert,1,2026,facebook,test,0
correct_prediction,,True,3110,0,caption_ocr,0,0,dt4mid-phobert,0,2026,threads,test,0
correct_prediction,,False,1217,0,caption_ocr,0,0,dt4mid-phobert,0,2026,threads,test,0
correct_prediction,,False,5119,0,caption_ocr,0,0,dt4mid-phobert,0,2026,threads,test,0
false_positive,,True,4123,0,caption_ocr,0,0,dt4mid-phobert,1,2026,threads,test,0
correct_prediction,,True,3371,0,caption_ocr,0,0,dt4mid-phobert,0,2026,threads,test,0
correct_prediction,,True,1717,0,caption_ocr,1,1,dt4mid-phobert,1,2026,threads,test,1
correct_prediction,,False,4607,0,caption_ocr,0,0,dt4mid-phobert,0,2026,threads,test,0
correct_prediction,,True,6410,0,caption_ocr,1,1,dt4mid-phobert,1,2026,facebook,test,0
false_positive,,True,2435,1,caption_ocr,0,0,dt4mid-phobert,1,2026,facebook,test,0
correct_prediction,,True,5547,0,caption_ocr,0,0,dt4mid-phobert,0,2026,threads,test,0
correct_prediction,,True,1901,0,caption_ocr,1,1,dt4mid-phobert,1,2026,facebook,test,1
correct_prediction,,True,4258,0,caption_ocr,1,1,dt4mid-phobert,1,2026,threads,test,0
correct_prediction,,True,6271,0,caption_ocr,1,1,dt4mid-phobert,1,2026,facebook,test,1
correct_prediction,,True,6067,0,caption_ocr,0,0,dt4mid-phobert,0,2026,facebook,test,0
correct_prediction,,True,406,0,caption_ocr,0,0,dt4mid-phobert,0,2026,threads,test,0
error_001,,True,3143,0,caption_ocr,1,1,dt4mid-phobert,0,2026,threads,test,0
false_positive,,True,2992,0,caption_ocr,0,0,dt4mid-phobert,1,2026,facebook,test,1
correct_prediction,,False,2792,0,caption_ocr,1,1,dt4mid-phobert,1,2026,facebook,test,0
false_positive,,True,4507,0,caption_ocr,0,0,dt4mid-phobert,1,2026,threads,test,0
error_001,,True,2308,0,caption_ocr,1,1,dt4mid-phobert,0,2026,facebook,test,0
correct_prediction,,True,1248,0,caption_ocr,0,0,dt4mid-phobert,0,2026,threads,test,0
correct_prediction,,True,5925,0,caption_ocr,1,1,dt4mid-phobert,1,2026,facebook,test,0
correct_prediction,,True,1397,0,caption_ocr,0,0,dt4mid-phobert,0,2026,threads,test,0
correct_prediction,,False,4052,0,caption_ocr,0,0,dt4mid-phobert,0,2026,threads,test,0
false_positive,,False,665,0,caption_ocr,0,0,dt4mid-phobert,1,2026,threads,test,0
correct_prediction,,True,462,0,caption_ocr,0,0,dt4mid-phobert,0,2026,threads,test,0
correct_prediction,,True,2337,1,caption_ocr,1,1,dt4mid-phobert,1,2026,facebook,test,0
error_001,,True,3260,0,caption_ocr,1,1,dt4mid-phobert,0,2026,threads,test,0
correct_prediction,,False,5255,0,caption_ocr,0,0,dt4mid-phobert,0,2026,threads,test,0
false_positive,,False,3503,0,caption_ocr,0,0,dt4mid-phobert,1,2026,threads,test,0
correct_prediction,,False,2054,0,caption_ocr,1,1,dt4mid-phobert,1,2026,facebook,test,1
error_001,,False,3209,0,caption_ocr,1,1,dt4mid-phobert,0,2026,threads,test,0
correct_prediction,,False,3099,0,caption_ocr,0,0,dt4mid-phobert,0,2026,facebook,test,1
false_positive,,True,7058,0,caption_ocr,0,0,dt4mid-phobert,1,2026,facebook,test,0
correct_prediction,,False,4698,0,caption_ocr,0,0,dt4mid-phobert,0,2026,threads,test,0
false_positive,,True,1079,0,caption_ocr,0,0,dt4mid-phobert,1,2026,threads,test,0
correct_prediction,,True,4362,1,caption_ocr,1,1,dt4mid-phobert,1,2026,threads,test,0
false_positive,,True,2338,1,caption_ocr,0,0,dt4mid-phobert,1,2026,facebook,test,0
correct_prediction,,True,7314,0,caption_ocr,1,1,dt4mid-phobert,1,2026,facebook,test,1
correct_prediction,,False,629,0,caption_ocr,0,0,dt4mid-phobert,0,2026,threads,test,0
error_001,,True,3883,0,caption_ocr,1,1,dt4mid-phobert,0,2026,threads,test,0
correct_prediction,,True,5786,0,caption_ocr,0,0,dt4mid-phobert,0,2026,facebook,test,0
correct_prediction,,False,3119,0,caption_ocr,0,0,dt4mid-phobert,0,2026,threads,test,0
correct_prediction,,False,5894,0,caption_ocr,1,1,dt4mid-phobert,1,2026,facebook,test,0
correct_prediction,,True,5084,0,caption_ocr,0,0,dt4mid-phobert,0,2026,threads,test,0
correct_prediction,,False,5343,0,caption_ocr,0,0,dt4mid-phobert,0,2026,threads,test,0
correct_prediction,,False,4324,0,caption_ocr,0,0,dt4mid-phobert,0,2026,threads,test,0
correct_prediction,,True,1216,1,caption_ocr,1,1,dt4mid-phobert,1,2026,threads,test,0
false_positive,,False,2006,0,caption_ocr,0,0,dt4mid-phobert,1,2026,facebook,test,0
correct_prediction,,True,5661,0,caption_ocr,0,0,dt4mid-phobert,0,2026,threads,test,0
correct_prediction,,True,5640,0,caption_ocr,0,0,dt4mid-phobert,0,2026,threads,test,0
correct_prediction,,True,5765,0,caption_ocr,1,1,dt4mid-phobert,1,2026,facebook,test,0
false_positive,,True,5803,0,caption_ocr,0,0,dt4mid-phobert,1,42,facebook,test,0
correct_prediction,,True,6388,1,caption_ocr,1,1,dt4mid-phobert,1,42,facebook,test,0
false_positive,,True,5990,0,caption_ocr,0,0,dt4mid-phobert,1,42,facebook,test,0
correct_prediction,,True,1024,0,caption_ocr,0,0,dt4mid-phobert,0,42,threads,test,0
false_positive,,True,1075,0,caption_ocr,0,0,dt4mid-phobert,1,42,threads,test,0
false_positive,,True,4170,0,caption_ocr,0,0,dt4mid-phobert,1,42,threads,test,0
false_positive,,True,599,0,caption_ocr,0,0,dt4mid-phobert,1,42,threads,test,0
correct_prediction,,False,371,0,caption_ocr,0,0,dt4mid-phobert,0,42,threads,test,0
false_positive,,False,5811,0,caption_ocr,0,0,dt4mid-phobert,1,42,facebook,test,0
false_positive,,True,5986,0,caption_ocr,0,0,dt4mid-phobert,1,42,facebook,test,0
correct_prediction,,True,6456,1,caption_ocr,1,1,dt4mid-phobert,1,42,facebook,test,1
correct_prediction,,True,6826,0,caption_ocr,1,1,dt4mid-phobert,1,42,facebook,test,0
correct_prediction,,False,859,0,caption_ocr,0,0,dt4mid-phobert,0,42,threads,test,0
correct_prediction,,False,6562,0,caption_ocr,1,1,dt4mid-phobert,1,42,facebook,test,0
correct_prediction,,True,2399,1,caption_ocr,1,1,dt4mid-phobert,1,42,facebook,test,0
correct_prediction,,False,6505,0,caption_ocr,1,1,dt4mid-phobert,1,42,facebook,test,0
correct_prediction,,True,7292,0,caption_ocr,1,1,dt4mid-phobert,1,42,facebook,test,0
correct_prediction,,True,6818,1,caption_ocr,1,1,dt4mid-phobert,1,42,facebook,test,0
correct_prediction,,False,4909,0,caption_ocr,0,0,dt4mid-phobert,0,42,threads,test,0
correct_prediction,,False,4190,0,caption_ocr,0,0,dt4mid-phobert,0,42,threads,test,0
false_positive,,True,6100,0,caption_ocr,0,0,dt4mid-phobert,1,42,facebook,test,0
correct_prediction,,True,5033,0,caption_ocr,0,0,dt4mid-phobert,0,42,threads,test,0
correct_prediction,,True,5608,0,caption_ocr,1,1,dt4mid-phobert,1,42,threads,test,0
correct_prediction,,False,4177,0,caption_ocr,0,0,dt4mid-phobert,0,42,threads,test,0
false_positive,,True,3845,0,caption_ocr,0,0,dt4mid-phobert,1,42,threads,test,0
correct_prediction,,False,2129,0,caption_ocr,1,1,dt4mid-phobert,1,42,facebook,test,0
correct_prediction,,True,3054,0,caption_ocr,0,0,dt4mid-phobert,0,42,facebook,test,0
correct_prediction,,True,3867,0,caption_ocr,0,0,dt4mid-phobert,0,42,threads,test,0
correct_prediction,,False,4031,0,caption_ocr,0,0,dt4mid-phobert,0,42,threads,test,0
false_positive,,True,1767,1,caption_ocr,0,0,dt4mid-phobert,1,42,threads,test,0
correct_prediction,,True,1598,0,caption_ocr,1,1,dt4mid-phobert,1,42,threads,test,0
correct_prediction,,False,850,0,caption_ocr,0,0,dt4mid-phobert,0,42,threads,test,0
error_001,,True,5978,0,caption_ocr,1,1,dt4mid-phobert,0,42,facebook,test,0
correct_prediction,,True,3709,0,caption_ocr,0,0,dt4mid-phobert,0,42,threads,test,0
correct_prediction,,True,5963,1,caption_ocr,1,1,dt4mid-phobert,1,42,facebook,test,0
correct_prediction,,True,5782,1,caption_ocr,1,1,dt4mid-phobert,1,42,facebook,test,0
correct_prediction,,True,4722,0,caption_ocr,0,0,dt4mid-phobert,0,42,threads,test,0
correct_prediction,,True,1801,0,caption_ocr,1,1,dt4mid-phobert,1,42,threads,test,0
correct_prediction,,False,2768,0,caption_ocr,1,1,dt4mid-phobert,1,42,facebook,test,0
correct_prediction,,False,5737,0,caption_ocr,1,1,dt4mid-phobert,1,42,facebook,test,0
error_001,,False,1824,0,caption_ocr,1,1,dt4mid-phobert,0,42,threads,test,0
correct_prediction,,True,2321,0,caption_ocr,1,1,dt4mid-phobert,1,42,facebook,test,0
correct_prediction,,True,6447,1,caption_ocr,1,1,dt4mid-phobert,1,42,facebook,test,0
correct_prediction,,False,2851,0,caption_ocr,1,1,dt4mid-phobert,1,42,facebook,test,1
false_positive,,True,255,0,caption_ocr,0,0,dt4mid-phobert,1,42,threads,test,0
false_positive,,True,1103,0,caption_ocr,0,0,dt4mid-phobert,1,42,threads,test,0
correct_prediction,,True,1228,1,caption_ocr,1,1,dt4mid-phobert,1,42,threads,test,0
correct_prediction,,True,4004,0,caption_ocr,1,1,dt4mid-phobert,1,42,threads,test,0
correct_prediction,,False,1591,0,caption_ocr,0,0,dt4mid-phobert,0,42,threads,test,0
false_positive,,False,2861,0,caption_ocr,0,0,dt4mid-phobert,1,42,facebook,test,0
correct_prediction,,True,797,0,caption_ocr,1,1,dt4mid-phobert,1,42,threads,test,0
correct_prediction,,True,2913,0,caption_ocr,1,1,dt4mid-phobert,1,42,facebook,test,1
correct_prediction,,True,6159,1,caption_ocr,1,1,dt4mid-phobert,1,42,facebook,test,0
correct_prediction,,False,7007,0,caption_ocr,1,1,dt4mid-phobert,1,42,facebook,test,0
correct_prediction,,True,2333,1,caption_ocr,1,1,dt4mid-phobert,1,42,facebook,test,0
false_positive,,True,1448,0,caption_ocr,0,0,dt4mid-phobert,1,42,threads,test,1
correct_prediction,,True,993,0,caption_ocr,0,0,dt4mid-phobert,0,42,threads,test,0
correct_prediction,,False,1978,0,caption_ocr,1,1,dt4mid-phobert,1,42,facebook,test,0
correct_prediction,,False,5035,0,caption_ocr,0,0,dt4mid-phobert,0,42,threads,test,0
correct_prediction,,False,4647,0,caption_ocr,0,0,dt4mid-phobert,0,42,threads,test,0
correct_prediction,,False,4922,0,caption_ocr,0,0,dt4mid-phobert,0,42,threads,test,0
correct_prediction,,False,525,0,caption_ocr,0,0,dt4mid-phobert,0,42,threads,test,0
correct_prediction,,True,3878,0,caption_ocr,0,0,dt4mid-phobert,0,42,threads,test,0
false_positive,,True,2139,0,caption_ocr,0,0,dt4mid-phobert,1,42,facebook,test,0
correct_prediction,,True,2642,1,caption_ocr,1,1,dt4mid-phobert,1,42,facebook,test,1
correct_prediction,,True,314,0,caption_ocr,0,0,dt4mid-phobert,0,42,threads,test,0
false_positive,,True,2482,1,caption_ocr,0,0,dt4mid-phobert,1,42,facebook,test,0
correct_prediction,,False,5580,0,caption_ocr,0,0,dt4mid-phobert,0,42,threads,test,0
correct_prediction,,True,3587,1,caption_ocr,1,1,dt4mid-phobert,1,42,threads,test,1
correct_prediction,,True,196,0,caption_ocr,0,0,dt4mid-phobert,0,42,threads,test,0
correct_prediction,,True,6755,1,caption_ocr,1,1,dt4mid-phobert,1,42,facebook,test,0
correct_prediction,,False,6488,0,caption_ocr,1,1,dt4mid-phobert,1,42,facebook,test,1
correct_prediction,,True,5335,0,caption_ocr,0,0,dt4mid-phobert,0,42,threads,test,0
correct_prediction,,True,592,0,caption_ocr,0,0,dt4mid-phobert,0,42,threads,test,0
false_positive,,True,6168,0,caption_ocr,0,0,dt4mid-phobert,1,42,facebook,test,0
correct_prediction,,False,5293,0,caption_ocr,0,0,dt4mid-phobert,0,42,threads,test,0
false_positive,,True,423,0,caption_ocr,0,0,dt4mid-phobert,1,42,threads,test,0
false_positive,,True,6189,0,caption_ocr,0,0,dt4mid-phobert,1,42,facebook,test,0
correct_prediction,,True,1155,0,caption_ocr,0,0,dt4mid-phobert,0,42,threads,test,0
correct_prediction,,False,5197,0,caption_ocr,0,0,dt4mid-phobert,0,42,threads,test,0
false_positive,,True,464,0,caption_ocr,0,0,dt4mid-phobert,1,42,threads,test,0
correct_prediction,,True,6645,1,caption_ocr,1,1,dt4mid-phobert,1,42,facebook,test,0
false_positive,,False,3992,0,caption_ocr,0,0,dt4mid-phobert,1,42,threads,test,0
correct_prediction,,True,2916,0,caption_ocr,1,1,dt4mid-phobert,1,42,facebook,test,0
correct_prediction,,True,1234,0,caption_ocr,1,1,dt4mid-phobert,1,42,threads,test,1
correct_prediction,,True,6098,0,caption_ocr,1,1,dt4mid-phobert,1,42,facebook,test,0
correct_prediction,,False,735,0,caption_ocr,0,0,dt4mid-phobert,0,42,threads,test,0
false_positive,,True,134,1,caption_ocr,0,0,dt4mid-phobert,1,42,threads,test,0
correct_prediction,,False,6907,0,caption_ocr,1,1,dt4mid-phobert,1,42,facebook,test,1
correct_prediction,,True,793,0,caption_ocr,0,0,dt4mid-phobert,0,42,threads,test,0
error_001,,False,4475,0,caption_ocr,1,1,dt4mid-phobert,0,42,threads,test,0
correct_prediction,,True,4403,0,caption_ocr,0,0,dt4mid-phobert,0,42,threads,test,0
correct_prediction,,True,6491,1,caption_ocr,1,1,dt4mid-phobert,1,42,facebook,test,1
correct_prediction,,True,533,0,caption_ocr,0,0,dt4mid-phobert,0,42,threads,test,1
correct_prediction,,False,6861,0,caption_ocr,1,1,dt4mid-phobert,1,42,facebook,test,0
correct_prediction,,True,4136,0,caption_ocr,0,0,dt4mid-phobert,0,42,threads,test,0
correct_prediction,,True,6962,0,caption_ocr,1,1,dt4mid-phobert,1,42,facebook,test,0
correct_prediction,,True,1716,0,caption_ocr,1,1,dt4mid-phobert,1,42,threads,test,0
correct_prediction,,True,6983,0,caption_ocr,1,1,dt4mid-phobert,1,42,facebook,test,0
correct_prediction,,True,3705,0,caption_ocr,0,0,dt4mid-phobert,0,42,threads,test,0
correct_prediction,,True,3887,0,caption_ocr,0,0,dt4mid-phobert,0,42,threads,test,0
correct_prediction,,True,4269,0,caption_ocr,0,0,dt4mid-phobert,0,42,threads,test,0
correct_prediction,,True,860,0,caption_ocr,0,0,dt4mid-phobert,0,42,threads,test,0
correct_prediction,,True,2042,0,caption_ocr,1,1,dt4mid-phobert,1,42,facebook,test,0
correct_prediction,,True,5835,0,caption_ocr,1,1,dt4mid-phobert,1,42,facebook,test,0
false_positive,,False,1953,0,caption_ocr,0,0,dt4mid-phobert,1,42,facebook,test,0
correct_prediction,,False,6414,0,caption_ocr,1,1,dt4mid-phobert,1,42,facebook,test,0
correct_prediction,,False,6537,0,caption_ocr,1,1,dt4mid-phobert,1,42,facebook,test,0
false_positive,,False,5825,0,caption_ocr,0,0,dt4mid-phobert,1,42,facebook,test,0
false_positive,,True,2096,0,caption_ocr,0,0,dt4mid-phobert,1,42,facebook,test,1
false_positive,,True,2627,0,caption_ocr,0,0,dt4mid-phobert,1,42,facebook,test,0
false_positive,,False,2757,0,caption_ocr,0,0,dt4mid-phobert,1,42,facebook,test,0
false_positive,,True,1684,0,caption_ocr,0,0,dt4mid-phobert,1,42,threads,test,0
correct_prediction,,True,2005,0,caption_ocr,1,1,dt4mid-phobert,1,42,facebook,test,0
correct_prediction,,True,5927,0,caption_ocr,1,1,dt4mid-phobert,1,42,facebook,test,1
correct_prediction,,True,5014,0,caption_ocr,0,0,dt4mid-phobert,0,42,threads,test,0
correct_prediction,,True,4892,0,caption_ocr,0,0,dt4mid-phobert,0,42,threads,test,0
correct_prediction,,False,5589,0,caption_ocr,0,0,dt4mid-phobert,0,42,threads,test,0
false_positive,,True,2206,0,caption_ocr,0,0,dt4mid-phobert,1,42,facebook,test,1
correct_prediction,,False,5202,0,caption_ocr,0,0,dt4mid-phobert,0,42,threads,test,0
correct_prediction,,False,2656,1,caption_ocr,1,1,dt4mid-phobert,1,42,facebook,test,1
correct_prediction,,True,1329,0,caption_ocr,0,0,dt4mid-phobert,0,42,threads,test,1
correct_prediction,,True,613,1,caption_ocr,1,1,dt4mid-phobert,1,42,threads,test,1
error_001,,True,47,0,caption_ocr,1,1,dt4mid-phobert,0,42,threads,test,0
correct_prediction,,True,6746,1,caption_ocr,1,1,dt4mid-phobert,1,42,facebook,test,0
error_001,,False,3398,0,caption_ocr,1,1,dt4mid-phobert,0,42,threads,test,0
false_positive,,False,3695,0,caption_ocr,0,0,dt4mid-phobert,1,42,threads,test,0
correct_prediction,,True,3365,0,caption_ocr,0,0,dt4mid-phobert,0,42,threads,test,1
correct_prediction,,True,513,0,caption_ocr,0,0,dt4mid-phobert,0,42,threads,test,0
false_positive,,False,7022,0,caption_ocr,0,0,dt4mid-phobert,1,42,facebook,test,0
false_positive,,True,2459,0,caption_ocr,0,0,dt4mid-phobert,1,42,facebook,test,0
error_001,,True,1813,0,caption_ocr,1,1,dt4mid-phobert,0,42,threads,test,0
false_positive,,True,1761,0,caption_ocr,0,0,dt4mid-phobert,1,42,threads,test,0
correct_prediction,,False,800,0,caption_ocr,0,0,dt4mid-phobert,0,42,threads,test,0
false_positive,,True,107,0,caption_ocr,0,0,dt4mid-phobert,1,42,threads,test,1
false_positive,,True,980,0,caption_ocr,0,0,dt4mid-phobert,1,42,threads,test,0
correct_prediction,,False,4819,0,caption_ocr,0,0,dt4mid-phobert,0,42,threads,test,0
correct_prediction,,True,4321,0,caption_ocr,0,0,dt4mid-phobert,0,42,threads,test,0
correct_prediction,,True,2506,1,caption_ocr,1,1,dt4mid-phobert,1,42,facebook,test,0
error_001,,True,1126,0,caption_ocr,1,1,dt4mid-phobert,0,42,threads,test,0
correct_prediction,,True,1570,0,caption_ocr,0,0,dt4mid-phobert,0,42,threads,test,0
false_positive,,True,2368,1,caption_ocr,0,0,dt4mid-phobert,1,42,facebook,test,0
correct_prediction,,True,4037,0,caption_ocr,0,0,dt4mid-phobert,0,42,threads,test,0
correct_prediction,,True,1863,1,caption_ocr,1,1,dt4mid-phobert,1,42,facebook,test,0
correct_prediction,,True,1635,0,caption_ocr,0,0,dt4mid-phobert,0,42,threads,test,0
correct_prediction,,False,6894,0,caption_ocr,1,1,dt4mid-phobert,1,42,facebook,test,0
correct_prediction,,False,5474,0,caption_ocr,0,0,dt4mid-phobert,0,42,threads,test,0
false_positive,,True,1791,0,caption_ocr,0,0,dt4mid-phobert,1,42,threads,test,1
correct_prediction,,False,6547,0,caption_ocr,1,1,dt4mid-phobert,1,42,facebook,test,1
correct_prediction,,True,7209,0,caption_ocr,1,1,dt4mid-phobert,1,42,facebook,test,0
false_positive,,True,5072,0,caption_ocr,0,0,dt4mid-phobert,1,42,threads,test,0
false_positive,,True,7123,0,caption_ocr,0,0,dt4mid-phobert,1,42,facebook,test,0
false_positive,,True,2233,1,caption_ocr,0,0,dt4mid-phobert,1,42,facebook,test,0
correct_prediction,,False,2015,0,caption_ocr,1,1,dt4mid-phobert,1,42,facebook,test,0
correct_prediction,,False,6784,0,caption_ocr,1,1,dt4mid-phobert,1,42,facebook,test,0
false_positive,,True,403,0,caption_ocr,0,0,dt4mid-phobert,1,42,threads,test,0
correct_prediction,,True,6090,0,caption_ocr,0,0,dt4mid-phobert,0,42,facebook,test,0
correct_prediction,,False,677,0,caption_ocr,0,0,dt4mid-phobert,0,42,threads,test,0
error_001,,True,6493,0,caption_ocr,1,1,dt4mid-phobert,0,42,facebook,test,0
correct_prediction,,False,5495,0,caption_ocr,0,0,dt4mid-phobert,0,42,threads,test,0
correct_prediction,,True,5802,0,caption_ocr,1,1,dt4mid-phobert,1,42,facebook,test,0
correct_prediction,,True,6800,0,caption_ocr,1,1,dt4mid-phobert,1,42,facebook,test,0
correct_prediction,,False,3949,0,caption_ocr,0,0,dt4mid-phobert,0,42,threads,test,0
correct_prediction,,True,2320,0,caption_ocr,1,1,dt4mid-phobert,1,42,facebook,test,0
correct_prediction,,False,3805,0,caption_ocr,0,0,dt4mid-phobert,0,42,threads,test,0
correct_prediction,,True,6404,0,caption_ocr,0,0,dt4mid-phobert,0,42,facebook,test,0
correct_prediction,,False,4036,0,caption_ocr,0,0,dt4mid-phobert,0,42,threads,test,0
correct_prediction,,True,2397,1,caption_ocr,1,1,dt4mid-phobert,1,42,facebook,test,0
correct_prediction,,True,3609,0,caption_ocr,0,0,dt4mid-phobert,0,42,threads,test,0
correct_prediction,,False,4950,0,caption_ocr,0,0,dt4mid-phobert,0,42,threads,test,0
correct_prediction,,False,6884,0,caption_ocr,1,1,dt4mid-phobert,1,42,facebook,test,1
correct_prediction,,False,7228,0,caption_ocr,1,1,dt4mid-phobert,1,42,facebook,test,0
correct_prediction,,False,4770,0,caption_ocr,0,0,dt4mid-phobert,0,42,threads,test,0
correct_prediction,,True,2744,0,caption_ocr,1,1,dt4mid-phobert,1,42,facebook,test,0
correct_prediction,,True,4924,0,caption_ocr,0,0,dt4mid-phobert,0,42,threads,test,0
correct_prediction,,True,3104,0,caption_ocr,1,1,dt4mid-phobert,1,42,threads,test,1
correct_prediction,,True,5906,0,caption_ocr,0,0,dt4mid-phobert,0,42,facebook,test,0
false_positive,,True,6375,0,caption_ocr,0,0,dt4mid-phobert,1,42,facebook,test,0
correct_prediction,,True,2438,0,caption_ocr,1,1,dt4mid-phobert,1,42,facebook,test,0
correct_prediction,,True,7181,0,caption_ocr,1,1,dt4mid-phobert,1,42,facebook,test,1
error_001,,False,4611,0,caption_ocr,1,1,dt4mid-phobert,0,42,threads,test,0
error_001,,True,3164,0,caption_ocr,1,1,dt4mid-phobert,0,42,threads,test,0
correct_prediction,,True,2929,0,caption_ocr,1,1,dt4mid-phobert,1,42,facebook,test,0
error_001,,False,6564,0,caption_ocr,1,1,dt4mid-phobert,0,42,facebook,test,0
false_positive,,True,3857,0,caption_ocr,0,0,dt4mid-phobert,1,42,threads,test,0
correct_prediction,,True,1054,0,caption_ocr,0,0,dt4mid-phobert,0,42,threads,test,0
correct_prediction,,False,6734,0,caption_ocr,1,1,dt4mid-phobert,1,42,facebook,test,0
correct_prediction,,True,7011,1,caption_ocr,1,1,dt4mid-phobert,1,42,facebook,test,0
false_positive,,False,5961,0,caption_ocr,0,0,dt4mid-phobert,1,42,facebook,test,0
false_positive,,True,2064,0,caption_ocr,0,0,dt4mid-phobert,1,42,facebook,test,0
correct_prediction,,False,3666,0,caption_ocr,0,0,dt4mid-phobert,0,42,threads,test,0
correct_prediction,,True,3040,0,caption_ocr,1,1,dt4mid-phobert,1,42,facebook,test,1
error_001,,False,1392,0,caption_ocr,1,1,dt4mid-phobert,0,42,threads,test,0
correct_prediction,,True,3125,0,caption_ocr,0,0,dt4mid-phobert,0,42,threads,test,0
correct_prediction,,True,5288,0,caption_ocr,0,0,dt4mid-phobert,0,42,threads,test,0
correct_prediction,,False,6679,0,caption_ocr,1,1,dt4mid-phobert,1,42,facebook,test,1
error_001,,False,591,0,caption_ocr,1,1,dt4mid-phobert,0,42,threads,test,0
correct_prediction,,False,6634,0,caption_ocr,1,1,dt4mid-phobert,1,42,facebook,test,0
correct_prediction,,True,1280,1,caption_ocr,1,1,dt4mid-phobert,1,42,threads,test,0
correct_prediction,,True,430,1,caption_ocr,1,1,dt4mid-phobert,1,42,threads,test,0
false_positive,,False,889,0,caption_ocr,0,0,dt4mid-phobert,1,42,threads,test,0
correct_prediction,,False,5371,0,caption_ocr,0,0,dt4mid-phobert,0,42,threads,test,0
correct_prediction,,True,715,0,caption_ocr,0,0,dt4mid-phobert,0,42,threads,test,0
false_positive,,True,2463,0,caption_ocr,0,0,dt4mid-phobert,1,42,facebook,test,0
error_001,,True,4461,0,caption_ocr,1,1,dt4mid-phobert,0,42,threads,test,0
false_positive,,True,4232,0,caption_ocr,0,0,dt4mid-phobert,1,42,threads,test,0
error_001,,True,3372,0,caption_ocr,1,1,dt4mid-phobert,0,42,threads,test,0
correct_prediction,,False,4881,0,caption_ocr,0,0,dt4mid-phobert,0,42,threads,test,0
correct_prediction,,True,1480,0,caption_ocr,0,0,dt4mid-phobert,0,42,threads,test,1
correct_prediction,,True,116,0,caption_ocr,1,1,dt4mid-phobert,1,42,threads,test,0
false_positive,,True,6181,0,caption_ocr,0,0,dt4mid-phobert,1,42,facebook,test,0
correct_prediction,,False,721,0,caption_ocr,0,0,dt4mid-phobert,0,42,threads,test,0
correct_prediction,,False,5590,0,caption_ocr,0,0,dt4mid-phobert,0,42,threads,test,0
correct_prediction,,True,5322,0,caption_ocr,1,1,dt4mid-phobert,1,42,threads,test,1
false_positive,,False,4504,0,caption_ocr,0,0,dt4mid-phobert,1,42,threads,test,0
correct_prediction,,False,1121,0,caption_ocr,0,0,dt4mid-phobert,0,42,threads,test,0
correct_prediction,,False,5224,0,caption_ocr,0,0,dt4mid-phobert,0,42,threads,test,0
correct_prediction,,True,1623,0,caption_ocr,0,0,dt4mid-phobert,0,42,threads,test,0
correct_prediction,,False,4503,0,caption_ocr,0,0,dt4mid-phobert,0,42,threads,test,0
false_positive,,True,188,0,caption_ocr,0,0,dt4mid-phobert,1,42,threads,test,1
error_001,,True,276,0,caption_ocr,1,1,dt4mid-phobert,0,42,threads,test,0
correct_prediction,,False,5228,0,caption_ocr,1,1,dt4mid-phobert,1,42,threads,test,1
correct_prediction,,False,4625,0,caption_ocr,0,0,dt4mid-phobert,0,42,threads,test,0
correct_prediction,,True,4164,0,caption_ocr,0,0,dt4mid-phobert,0,42,threads,test,0
error_001,,True,6329,0,caption_ocr,1,1,dt4mid-phobert,0,42,facebook,test,0
correct_prediction,,True,4964,0,caption_ocr,0,0,dt4mid-phobert,0,42,threads,test,0
false_positive,,True,4669,0,caption_ocr,0,0,dt4mid-phobert,1,42,threads,test,0
false_positive,,True,4201,0,caption_ocr,0,0,dt4mid-phobert,1,42,threads,test,0
correct_prediction,,False,2830,1,caption_ocr,1,1,dt4mid-phobert,1,42,facebook,test,1
correct_prediction,,True,1714,0,caption_ocr,1,1,dt4mid-phobert,1,42,threads,test,0
correct_prediction,,True,209,0,caption_ocr,1,1,dt4mid-phobert,1,42,threads,test,0
error_001,,True,4048,0,caption_ocr,1,1,dt4mid-phobert,0,42,threads,test,0
correct_prediction,,True,6968,1,caption_ocr,1,1,dt4mid-phobert,1,42,facebook,test,0
correct_prediction,,True,2151,1,caption_ocr,1,1,dt4mid-phobert,1,42,facebook,test,0
correct_prediction,,True,5565,0,caption_ocr,0,0,dt4mid-phobert,0,42,threads,test,0
correct_prediction,,False,6476,0,caption_ocr,1,1,dt4mid-phobert,1,42,facebook,test,0
false_positive,,True,5666,0,caption_ocr,0,0,dt4mid-phobert,1,42,threads,test,0
correct_prediction,,False,3827,0,caption_ocr,0,0,dt4mid-phobert,0,42,threads,test,0
correct_prediction,,False,1207,0,caption_ocr,1,1,dt4mid-phobert,1,42,threads,test,0
false_positive,,True,6735,0,caption_ocr,0,0,dt4mid-phobert,1,42,facebook,test,0
correct_prediction,,False,2077,0,caption_ocr,1,1,dt4mid-phobert,1,42,facebook,test,1
correct_prediction,,True,932,0,caption_ocr,0,0,dt4mid-phobert,0,42,threads,test,0
false_positive,,True,235,0,caption_ocr,0,0,dt4mid-phobert,1,42,threads,test,0
correct_prediction,,False,593,0,caption_ocr,0,0,dt4mid-phobert,0,42,threads,test,0
false_positive,,True,2166,0,caption_ocr,0,0,dt4mid-phobert,1,42,facebook,test,0
false_positive,,True,6353,0,caption_ocr,0,0,dt4mid-phobert,1,42,facebook,test,0
false_positive,,True,137,0,caption_ocr,0,0,dt4mid-phobert,1,42,threads,test,0
false_positive,,False,4545,0,caption_ocr,0,0,dt4mid-phobert,1,42,threads,test,0
correct_prediction,,False,4901,0,caption_ocr,0,0,dt4mid-phobert,0,42,threads,test,0
false_positive,,True,333,0,caption_ocr,0,0,dt4mid-phobert,1,42,threads,test,0
correct_prediction,,False,4040,0,caption_ocr,0,0,dt4mid-phobert,0,42,threads,test,0
false_positive,,True,289,0,caption_ocr,0,0,dt4mid-phobert,1,42,threads,test,0
correct_prediction,,True,361,0,caption_ocr,0,0,dt4mid-phobert,0,42,threads,test,0
false_positive,,True,2216,0,caption_ocr,0,0,dt4mid-phobert,1,42,facebook,test,0
correct_prediction,,True,2356,1,caption_ocr,1,1,dt4mid-phobert,1,42,facebook,test,0
correct_prediction,,True,1686,0,caption_ocr,0,0,dt4mid-phobert,0,42,threads,test,0
correct_prediction,,False,6644,0,caption_ocr,1,1,dt4mid-phobert,1,42,facebook,test,0
false_positive,,True,2715,0,caption_ocr,0,0,dt4mid-phobert,1,42,facebook,test,0
correct_prediction,,True,3510,0,caption_ocr,0,0,dt4mid-phobert,0,42,threads,test,0
correct_prediction,,True,5575,0,caption_ocr,1,1,dt4mid-phobert,1,42,threads,test,0
correct_prediction,,True,548,0,caption_ocr,0,0,dt4mid-phobert,0,42,threads,test,0
correct_prediction,,True,427,0,caption_ocr,0,0,dt4mid-phobert,0,42,threads,test,0
false_positive,,True,5880,0,caption_ocr,0,0,dt4mid-phobert,1,42,facebook,test,0
correct_prediction,,False,4651,0,caption_ocr,0,0,dt4mid-phobert,0,42,threads,test,0
correct_prediction,,True,3635,0,caption_ocr,0,0,dt4mid-phobert,0,42,threads,test,0
correct_prediction,,True,1325,1,caption_ocr,1,1,dt4mid-phobert,1,42,threads,test,0
correct_prediction,,False,4510,0,caption_ocr,0,0,dt4mid-phobert,0,42,threads,test,0
correct_prediction,,True,5245,0,caption_ocr,0,0,dt4mid-phobert,0,42,threads,test,0
correct_prediction,,False,2629,0,caption_ocr,1,1,dt4mid-phobert,1,42,facebook,test,0
correct_prediction,,True,5061,0,caption_ocr,0,0,dt4mid-phobert,0,42,threads,test,0
correct_prediction,,True,2280,1,caption_ocr,1,1,dt4mid-phobert,1,42,facebook,test,0
correct_prediction,,False,6615,1,caption_ocr,1,1,dt4mid-phobert,1,42,facebook,test,1
correct_prediction,,True,3850,0,caption_ocr,0,0,dt4mid-phobert,0,42,threads,test,0
correct_prediction,,False,3533,0,caption_ocr,0,0,dt4mid-phobert,0,42,threads,test,0
false_positive,,True,7009,0,caption_ocr,0,0,dt4mid-phobert,1,42,facebook,test,0
false_positive,,True,5548,0,caption_ocr,0,0,dt4mid-phobert,1,42,threads,test,0
false_positive,,True,2215,0,caption_ocr,0,0,dt4mid-phobert,1,42,facebook,test,0
false_positive,,True,2229,0,caption_ocr,0,0,dt4mid-phobert,1,42,facebook,test,0
correct_prediction,,False,5999,0,caption_ocr,1,1,dt4mid-phobert,1,42,facebook,test,1
correct_prediction,,True,2947,0,caption_ocr,1,1,dt4mid-phobert,1,42,facebook,test,0
correct_prediction,,True,4088,0,caption_ocr,0,0,dt4mid-phobert,0,42,threads,test,0
correct_prediction,,False,1574,0,caption_ocr,0,0,dt4mid-phobert,0,42,threads,test,0
correct_prediction,,False,2713,0,caption_ocr,1,1,dt4mid-phobert,1,42,facebook,test,0
false_positive,,True,3881,0,caption_ocr,0,0,dt4mid-phobert,1,42,threads,test,0
correct_prediction,,True,1734,0,caption_ocr,0,0,dt4mid-phobert,0,42,threads,test,0
false_positive,,True,6961,0,caption_ocr,0,0,dt4mid-phobert,1,42,facebook,test,0
false_positive,,True,4575,0,caption_ocr,0,0,dt4mid-phobert,1,42,threads,test,0
correct_prediction,,True,1417,0,caption_ocr,0,0,dt4mid-phobert,0,42,threads,test,0
false_positive,,True,3267,0,caption_ocr,0,0,dt4mid-phobert,1,42,threads,test,0
false_positive,,False,1298,0,caption_ocr,0,0,dt4mid-phobert,1,42,threads,test,0
correct_prediction,,True,7214,0,caption_ocr,1,1,dt4mid-phobert,1,42,facebook,test,0
correct_prediction,,False,5140,0,caption_ocr,0,0,dt4mid-phobert,0,42,threads,test,0
false_positive,,True,7215,0,caption_ocr,0,0,dt4mid-phobert,1,42,facebook,test,0
correct_prediction,,True,619,0,caption_ocr,1,1,dt4mid-phobert,1,42,threads,test,0
correct_prediction,,True,2544,1,caption_ocr,1,1,dt4mid-phobert,1,42,facebook,test,0
correct_prediction,,True,2894,0,caption_ocr,1,1,dt4mid-phobert,1,42,facebook,test,0
false_positive,,True,668,0,caption_ocr,0,0,dt4mid-phobert,1,42,threads,test,0
error_001,,True,308,0,caption_ocr,1,1,dt4mid-phobert,0,42,threads,test,0
correct_prediction,,True,2727,1,caption_ocr,1,1,dt4mid-phobert,1,42,facebook,test,0
false_positive,,False,1107,0,caption_ocr,0,0,dt4mid-phobert,1,42,threads,test,1
false_positive,,False,834,0,caption_ocr,0,0,dt4mid-phobert,1,42,threads,test,0
false_positive,,True,30,0,caption_ocr,0,0,dt4mid-phobert,1,42,threads,test,0
false_positive,,True,2564,0,caption_ocr,0,0,dt4mid-phobert,1,42,facebook,test,0
correct_prediction,,False,3673,0,caption_ocr,0,0,dt4mid-phobert,0,42,threads,test,0
false_positive,,True,2048,0,caption_ocr,0,0,dt4mid-phobert,1,42,facebook,test,0
correct_prediction,,True,2303,0,caption_ocr,0,0,dt4mid-phobert,0,42,facebook,test,0
false_positive,,True,4498,0,caption_ocr,0,0,dt4mid-phobert,1,42,threads,test,0
correct_prediction,,False,5995,0,caption_ocr,1,1,dt4mid-phobert,1,42,facebook,test,0
correct_prediction,,True,1464,0,caption_ocr,0,0,dt4mid-phobert,0,42,threads,test,0
correct_prediction,,False,2831,0,caption_ocr,1,1,dt4mid-phobert,1,42,facebook,test,1
correct_prediction,,True,147,0,caption_ocr,0,0,dt4mid-phobert,0,42,threads,test,0
correct_prediction,,True,6310,1,caption_ocr,1,1,dt4mid-phobert,1,42,facebook,test,0
correct_prediction,,True,7328,0,caption_ocr,1,1,dt4mid-phobert,1,42,facebook,test,0
false_positive,,False,2818,0,caption_ocr,0,0,dt4mid-phobert,1,42,facebook,test,0
false_positive,,True,5703,0,caption_ocr,0,0,dt4mid-phobert,1,42,facebook,test,0
correct_prediction,,True,691,0,caption_ocr,1,1,dt4mid-phobert,1,42,threads,test,1
correct_prediction,,False,817,0,caption_ocr,0,0,dt4mid-phobert,0,42,threads,test,0
correct_prediction,,False,3622,0,caption_ocr,0,0,dt4mid-phobert,0,42,threads,test,0
correct_prediction,,False,5024,0,caption_ocr,0,0,dt4mid-phobert,0,42,threads,test,0
correct_prediction,,False,2203,0,caption_ocr,1,1,dt4mid-phobert,1,42,facebook,test,0
correct_prediction,,False,6536,0,caption_ocr,1,1,dt4mid-phobert,1,42,facebook,test,0
correct_prediction,,False,204,0,caption_ocr,0,0,dt4mid-phobert,0,42,threads,test,1
error_001,,True,491,0,caption_ocr,1,1,dt4mid-phobert,0,42,threads,test,0
false_positive,,False,1960,0,caption_ocr,0,0,dt4mid-phobert,1,42,facebook,test,0
correct_prediction,,False,718,0,caption_ocr,0,0,dt4mid-phobert,0,42,threads,test,0
false_positive,,True,6394,0,caption_ocr,0,0,dt4mid-phobert,1,42,facebook,test,0
error_001,,False,53,0,caption_ocr,1,1,dt4mid-phobert,0,42,threads,test,0
false_positive,,False,2787,0,caption_ocr,0,0,dt4mid-phobert,1,42,facebook,test,0
correct_prediction,,True,5089,0,caption_ocr,0,0,dt4mid-phobert,0,42,threads,test,0
correct_prediction,,True,2882,0,caption_ocr,1,1,dt4mid-phobert,1,42,facebook,test,1
false_positive,,True,1789,0,caption_ocr,0,0,dt4mid-phobert,1,42,threads,test,1
correct_prediction,,False,6978,0,caption_ocr,1,1,dt4mid-phobert,1,42,facebook,test,0
correct_prediction,,True,6577,0,caption_ocr,1,1,dt4mid-phobert,1,42,facebook,test,0
correct_prediction,,True,3769,0,caption_ocr,0,0,dt4mid-phobert,0,42,threads,test,0
correct_prediction,,False,335,0,caption_ocr,0,0,dt4mid-phobert,0,42,threads,test,0
correct_prediction,,True,5219,0,caption_ocr,0,0,dt4mid-phobert,0,42,threads,test,0
false_positive,,True,7086,0,caption_ocr,0,0,dt4mid-phobert,1,42,facebook,test,0
error_001,,True,3896,0,caption_ocr,1,1,dt4mid-phobert,0,42,threads,test,0
correct_prediction,,False,1930,0,caption_ocr,1,1,dt4mid-phobert,1,42,facebook,test,1
correct_prediction,,True,2590,0,caption_ocr,0,0,dt4mid-phobert,0,42,facebook,test,0
false_positive,,True,7049,0,caption_ocr,0,0,dt4mid-phobert,1,42,facebook,test,0
correct_prediction,,False,2805,0,caption_ocr,1,1,dt4mid-phobert,1,42,facebook,test,0
correct_prediction,,True,3496,0,caption_ocr,0,0,dt4mid-phobert,0,42,threads,test,0
correct_prediction,,True,2367,1,caption_ocr,1,1,dt4mid-phobert,1,42,facebook,test,0
correct_prediction,,True,3746,0,caption_ocr,1,1,dt4mid-phobert,1,42,threads,test,0
correct_prediction,,True,6337,0,caption_ocr,0,0,dt4mid-phobert,0,42,facebook,test,0
error_001,,True,4887,0,caption_ocr,1,1,dt4mid-phobert,0,42,threads,test,0
correct_prediction,,True,2585,1,caption_ocr,1,1,dt4mid-phobert,1,42,facebook,test,0
correct_prediction,,True,2288,1,caption_ocr,1,1,dt4mid-phobert,1,42,facebook,test,0
correct_prediction,,True,2134,0,caption_ocr,0,0,dt4mid-phobert,0,42,facebook,test,0
correct_prediction,,False,3685,0,caption_ocr,0,0,dt4mid-phobert,0,42,threads,test,0
correct_prediction,,False,5736,0,caption_ocr,1,1,dt4mid-phobert,1,42,facebook,test,0
correct_prediction,,True,3225,0,caption_ocr,0,0,dt4mid-phobert,0,42,threads,test,0
correct_prediction,,True,5074,0,caption_ocr,0,0,dt4mid-phobert,0,42,threads,test,0
correct_prediction,,True,3866,0,caption_ocr,0,0,dt4mid-phobert,0,42,threads,test,0
correct_prediction,,True,2695,0,caption_ocr,1,1,dt4mid-phobert,1,42,facebook,test,1
false_positive,,True,3968,0,caption_ocr,0,0,dt4mid-phobert,1,42,threads,test,0
correct_prediction,,True,6957,1,caption_ocr,1,1,dt4mid-phobert,1,42,facebook,test,0
correct_prediction,,False,4720,0,caption_ocr,0,0,dt4mid-phobert,0,42,threads,test,0
correct_prediction,,False,3713,0,caption_ocr,0,0,dt4mid-phobert,0,42,threads,test,0
false_positive,,False,1809,0,caption_ocr,0,0,dt4mid-phobert,1,42,threads,test,0
correct_prediction,,False,6942,0,caption_ocr,1,1,dt4mid-phobert,1,42,facebook,test,1
correct_prediction,,True,3678,0,caption_ocr,0,0,dt4mid-phobert,0,42,threads,test,0
correct_prediction,,True,7289,1,caption_ocr,1,1,dt4mid-phobert,1,42,facebook,test,0
false_positive,,False,1974,0,caption_ocr,0,0,dt4mid-phobert,1,42,facebook,test,0
correct_prediction,,False,4805,0,caption_ocr,0,0,dt4mid-phobert,0,42,threads,test,0
false_positive,,True,4026,0,caption_ocr,0,0,dt4mid-phobert,1,42,threads,test,1
correct_prediction,,True,557,0,caption_ocr,0,0,dt4mid-phobert,0,42,threads,test,0
correct_prediction,,True,7287,0,caption_ocr,1,1,dt4mid-phobert,1,42,facebook,test,1
correct_prediction,,True,2187,0,caption_ocr,1,1,dt4mid-phobert,1,42,facebook,test,0
error_001,,True,1647,0,caption_ocr,1,1,dt4mid-phobert,0,42,threads,test,0
correct_prediction,,True,3485,0,caption_ocr,1,1,dt4mid-phobert,1,42,threads,test,1
correct_prediction,,True,6436,0,caption_ocr,1,1,dt4mid-phobert,1,42,facebook,test,0
correct_prediction,,True,4220,0,caption_ocr,0,0,dt4mid-phobert,0,42,threads,test,0
correct_prediction,,False,138,0,caption_ocr,0,0,dt4mid-phobert,0,42,threads,test,0
correct_prediction,,True,2639,0,caption_ocr,1,1,dt4mid-phobert,1,42,facebook,test,0
correct_prediction,,False,4705,0,caption_ocr,0,0,dt4mid-phobert,0,42,threads,test,0
correct_prediction,,True,3475,0,caption_ocr,0,0,dt4mid-phobert,0,42,threads,test,0
correct_prediction,,True,1056,0,caption_ocr,0,0,dt4mid-phobert,0,42,threads,test,0
error_001,,True,1453,0,caption_ocr,1,1,dt4mid-phobert,0,42,threads,test,0
error_001,,True,5220,0,caption_ocr,1,1,dt4mid-phobert,0,42,threads,test,0
correct_prediction,,False,6847,0,caption_ocr,1,1,dt4mid-phobert,1,42,facebook,test,0
correct_prediction,,False,3219,0,caption_ocr,0,0,dt4mid-phobert,0,42,threads,test,0
correct_prediction,,True,1040,0,caption_ocr,0,0,dt4mid-phobert,0,42,threads,test,0
correct_prediction,,True,1271,0,caption_ocr,0,0,dt4mid-phobert,0,42,threads,test,0
correct_prediction,,True,2870,0,caption_ocr,1,1,dt4mid-phobert,1,42,facebook,test,1
correct_prediction,,True,4764,0,caption_ocr,0,0,dt4mid-phobert,0,42,threads,test,0
correct_prediction,,True,5650,0,caption_ocr,1,1,dt4mid-phobert,1,42,threads,test,1
correct_prediction,,False,4635,0,caption_ocr,0,0,dt4mid-phobert,0,42,threads,test,0
correct_prediction,,True,4713,0,caption_ocr,0,0,dt4mid-phobert,0,42,threads,test,0
correct_prediction,,True,4718,0,caption_ocr,0,0,dt4mid-phobert,0,42,threads,test,0
correct_prediction,,True,5865,1,caption_ocr,1,1,dt4mid-phobert,1,42,facebook,test,0
correct_prediction,,False,5047,0,caption_ocr,0,0,dt4mid-phobert,0,42,threads,test,0
correct_prediction,,True,2358,0,caption_ocr,1,1,dt4mid-phobert,1,42,facebook,test,0
false_positive,,True,2093,0,caption_ocr,0,0,dt4mid-phobert,1,42,facebook,test,0
correct_prediction,,False,5077,0,caption_ocr,0,0,dt4mid-phobert,0,42,threads,test,0
error_001,,False,3731,0,caption_ocr,1,1,dt4mid-phobert,0,42,threads,test,0
correct_prediction,,False,3788,0,caption_ocr,0,0,dt4mid-phobert,0,42,threads,test,0
correct_prediction,,True,4435,0,caption_ocr,0,0,dt4mid-phobert,0,42,threads,test,0
false_positive,,True,3079,0,caption_ocr,0,0,dt4mid-phobert,1,42,facebook,test,0
correct_prediction,,True,5515,0,caption_ocr,0,0,dt4mid-phobert,0,42,threads,test,0
correct_prediction,,True,5562,0,caption_ocr,0,0,dt4mid-phobert,0,42,threads,test,0
correct_prediction,,True,7331,0,caption_ocr,0,0,dt4mid-phobert,0,42,facebook,test,0
correct_prediction,,False,6680,0,caption_ocr,1,1,dt4mid-phobert,1,42,facebook,test,0
correct_prediction,,False,7141,0,caption_ocr,1,1,dt4mid-phobert,1,42,facebook,test,0
false_positive,,True,7295,0,caption_ocr,0,0,dt4mid-phobert,1,42,facebook,test,0
false_positive,,True,7100,0,caption_ocr,0,0,dt4mid-phobert,1,42,facebook,test,0
correct_prediction,,True,902,0,caption_ocr,1,1,dt4mid-phobert,1,42,threads,test,1
false_positive,,True,4456,0,caption_ocr,0,0,dt4mid-phobert,1,42,threads,test,0
correct_prediction,,False,1369,0,caption_ocr,0,0,dt4mid-phobert,0,42,threads,test,0
false_positive,,True,3015,0,caption_ocr,0,0,dt4mid-phobert,1,42,facebook,test,1
correct_prediction,,True,5378,0,caption_ocr,0,0,dt4mid-phobert,0,42,threads,test,0
correct_prediction,,True,2763,0,caption_ocr,0,0,dt4mid-phobert,0,42,facebook,test,0
correct_prediction,,False,6360,0,caption_ocr,0,0,dt4mid-phobert,0,42,facebook,test,0
correct_prediction,,True,3117,0,caption_ocr,0,0,dt4mid-phobert,0,42,threads,test,0
error_001,,True,6106,0,caption_ocr,1,1,dt4mid-phobert,0,42,facebook,test,0
correct_prediction,,True,2521,0,caption_ocr,1,1,dt4mid-phobert,1,42,facebook,test,0
false_positive,,True,990,0,caption_ocr,0,0,dt4mid-phobert,1,42,threads,test,0
correct_prediction,,False,1503,0,caption_ocr,0,0,dt4mid-phobert,0,42,threads,test,0
correct_prediction,,True,1490,0,caption_ocr,0,0,dt4mid-phobert,0,42,threads,test,0
correct_prediction,,False,3623,0,caption_ocr,0,0,dt4mid-phobert,0,42,threads,test,0
correct_prediction,,True,987,1,caption_ocr,1,1,dt4mid-phobert,1,42,threads,test,1
correct_prediction,,True,4401,0,caption_ocr,0,0,dt4mid-phobert,0,42,threads,test,0
correct_prediction,,False,6855,0,caption_ocr,1,1,dt4mid-phobert,1,42,facebook,test,0
correct_prediction,,True,6049,0,caption_ocr,0,0,dt4mid-phobert,0,42,facebook,test,0
correct_prediction,,False,812,0,caption_ocr,0,0,dt4mid-phobert,0,42,threads,test,0
correct_prediction,,False,4267,0,caption_ocr,0,0,dt4mid-phobert,0,42,threads,test,0
false_positive,,True,4197,0,caption_ocr,0,0,dt4mid-phobert,1,42,threads,test,1
false_positive,,True,2296,0,caption_ocr,0,0,dt4mid-phobert,1,42,facebook,test,0
correct_prediction,,True,6594,0,caption_ocr,1,1,dt4mid-phobert,1,42,facebook,test,0
correct_prediction,,True,6977,1,caption_ocr,1,1,dt4mid-phobert,1,42,facebook,test,0
correct_prediction,,True,5139,0,caption_ocr,0,0,dt4mid-phobert,0,42,threads,test,0
false_positive,,True,3289,0,caption_ocr,0,0,dt4mid-phobert,1,42,threads,test,0
error_001,,True,1624,0,caption_ocr,1,1,dt4mid-phobert,0,42,threads,test,0
correct_prediction,,False,3952,0,caption_ocr,0,0,dt4mid-phobert,0,42,threads,test,1
correct_prediction,,True,6060,0,caption_ocr,0,0,dt4mid-phobert,0,42,facebook,test,0
error_001,,False,3824,0,caption_ocr,1,1,dt4mid-phobert,0,42,threads,test,0
correct_prediction,,True,5482,0,caption_ocr,0,0,dt4mid-phobert,0,42,threads,test,0
correct_prediction,,False,5568,0,caption_ocr,0,0,dt4mid-phobert,0,42,threads,test,0
false_positive,,True,3913,0,caption_ocr,0,0,dt4mid-phobert,1,42,threads,test,0
correct_prediction,,True,7004,0,caption_ocr,1,1,dt4mid-phobert,1,42,facebook,test,0
correct_prediction,,False,6664,0,caption_ocr,1,1,dt4mid-phobert,1,42,facebook,test,1
correct_prediction,,False,4871,0,caption_ocr,0,0,dt4mid-phobert,0,42,threads,test,0
correct_prediction,,True,3960,0,caption_ocr,0,0,dt4mid-phobert,0,42,threads,test,0
error_001,,False,4500,0,caption_ocr,1,1,dt4mid-phobert,0,42,threads,test,0
correct_prediction,,True,1688,0,caption_ocr,0,0,dt4mid-phobert,0,42,threads,test,0
correct_prediction,,False,7092,0,caption_ocr,1,1,dt4mid-phobert,1,42,facebook,test,0
correct_prediction,,True,3491,0,caption_ocr,0,0,dt4mid-phobert,0,42,threads,test,0
correct_prediction,,False,5564,0,caption_ocr,0,0,dt4mid-phobert,0,42,threads,test,0
false_positive,,True,7220,1,caption_ocr,0,0,dt4mid-phobert,1,42,facebook,test,0
false_positive,,True,6151,0,caption_ocr,0,0,dt4mid-phobert,1,42,facebook,test,0
correct_prediction,,True,2470,1,caption_ocr,1,1,dt4mid-phobert,1,42,facebook,test,0
false_positive,,True,1964,0,caption_ocr,0,0,dt4mid-phobert,1,42,facebook,test,0
correct_prediction,,True,2382,1,caption_ocr,1,1,dt4mid-phobert,1,42,facebook,test,0
false_positive,,True,4272,0,caption_ocr,0,0,dt4mid-phobert,1,42,threads,test,0
correct_prediction,,False,1867,0,caption_ocr,1,1,dt4mid-phobert,1,42,facebook,test,0
correct_prediction,,True,5421,0,caption_ocr,0,0,dt4mid-phobert,0,42,threads,test,0
correct_prediction,,False,1268,0,caption_ocr,1,1,dt4mid-phobert,1,42,threads,test,1
correct_prediction,,True,4755,0,caption_ocr,0,0,dt4mid-phobert,0,42,threads,test,0
correct_prediction,,False,6523,0,caption_ocr,1,1,dt4mid-phobert,1,42,facebook,test,1
false_positive,,False,826,0,caption_ocr,0,0,dt4mid-phobert,1,42,threads,test,1
false_positive,,True,3167,0,caption_ocr,0,0,dt4mid-phobert,1,42,threads,test,0
correct_prediction,,False,1463,0,caption_ocr,1,1,dt4mid-phobert,1,42,threads,test,0
correct_prediction,,False,6823,0,caption_ocr,1,1,dt4mid-phobert,1,42,facebook,test,0
correct_prediction,,True,4355,0,caption_ocr,1,1,dt4mid-phobert,1,42,threads,test,0
correct_prediction,,True,1906,0,caption_ocr,1,1,dt4mid-phobert,1,42,facebook,test,0
correct_prediction,,True,4344,0,caption_ocr,0,0,dt4mid-phobert,0,42,threads,test,0
error_001,,True,5788,0,caption_ocr,1,1,dt4mid-phobert,0,42,facebook,test,0
false_positive,,True,3159,0,caption_ocr,0,0,dt4mid-phobert,1,42,threads,test,0
correct_prediction,,True,4902,0,caption_ocr,0,0,dt4mid-phobert,0,42,threads,test,0
correct_prediction,,True,144,0,caption_ocr,1,1,dt4mid-phobert,1,42,threads,test,1
false_positive,,True,6761,0,caption_ocr,0,0,dt4mid-phobert,1,42,facebook,test,1
false_positive,,True,805,0,caption_ocr,0,0,dt4mid-phobert,1,42,threads,test,0
correct_prediction,,True,7186,0,caption_ocr,1,1,dt4mid-phobert,1,42,facebook,test,0
false_positive,,True,3182,0,caption_ocr,0,0,dt4mid-phobert,1,42,threads,test,0
correct_prediction,,True,1303,1,caption_ocr,1,1,dt4mid-phobert,1,42,threads,test,0
correct_prediction,,False,4092,0,caption_ocr,0,0,dt4mid-phobert,0,42,threads,test,0
correct_prediction,,False,5450,0,caption_ocr,0,0,dt4mid-phobert,0,42,threads,test,0
false_positive,,False,3378,0,caption_ocr,0,0,dt4mid-phobert,1,42,threads,test,0
correct_prediction,,False,6551,0,caption_ocr,1,1,dt4mid-phobert,1,42,facebook,test,0
correct_prediction,,True,3487,0,caption_ocr,1,1,dt4mid-phobert,1,42,threads,test,0
correct_prediction,,True,2049,0,caption_ocr,1,1,dt4mid-phobert,1,42,facebook,test,0
correct_prediction,,True,3667,0,caption_ocr,0,0,dt4mid-phobert,0,42,threads,test,0
correct_prediction,,True,5702,0,caption_ocr,1,1,dt4mid-phobert,1,42,facebook,test,1
correct_prediction,,True,7250,0,caption_ocr,1,1,dt4mid-phobert,1,42,facebook,test,1
false_positive,,True,3969,0,caption_ocr,0,0,dt4mid-phobert,1,42,threads,test,0
false_positive,,True,478,0,caption_ocr,0,0,dt4mid-phobert,1,42,threads,test,1
false_positive,,True,5816,0,caption_ocr,0,0,dt4mid-phobert,1,42,facebook,test,0
correct_prediction,,True,1043,0,caption_ocr,0,0,dt4mid-phobert,0,42,threads,test,0
correct_prediction,,True,6451,1,caption_ocr,1,1,dt4mid-phobert,1,42,facebook,test,0
correct_prediction,,True,2990,0,caption_ocr,0,0,dt4mid-phobert,0,42,facebook,test,0
correct_prediction,,False,5193,0,caption_ocr,0,0,dt4mid-phobert,0,42,threads,test,0
correct_prediction,,True,6509,1,caption_ocr,1,1,dt4mid-phobert,1,42,facebook,test,0
correct_prediction,,True,7159,0,caption_ocr,0,0,dt4mid-phobert,0,42,facebook,test,0
correct_prediction,,True,6556,0,caption_ocr,0,0,dt4mid-phobert,0,42,facebook,test,0
correct_prediction,,False,4752,0,caption_ocr,0,0,dt4mid-phobert,0,42,threads,test,0
correct_prediction,,True,7277,1,caption_ocr,1,1,dt4mid-phobert,1,42,facebook,test,0
correct_prediction,,False,6546,0,caption_ocr,1,1,dt4mid-phobert,1,42,facebook,test,1
correct_prediction,,False,6960,0,caption_ocr,1,1,dt4mid-phobert,1,42,facebook,test,0
correct_prediction,,True,3837,0,caption_ocr,1,1,dt4mid-phobert,1,42,threads,test,1
correct_prediction,,False,4514,0,caption_ocr,0,0,dt4mid-phobert,0,42,threads,test,0
correct_prediction,,False,2739,0,caption_ocr,1,1,dt4mid-phobert,1,42,facebook,test,1
false_positive,,False,5281,0,caption_ocr,0,0,dt4mid-phobert,1,42,threads,test,0
correct_prediction,,False,555,0,caption_ocr,0,0,dt4mid-phobert,0,42,threads,test,0
correct_prediction,,True,7074,1,caption_ocr,1,1,dt4mid-phobert,1,42,facebook,test,0
correct_prediction,,False,4038,0,caption_ocr,0,0,dt4mid-phobert,0,42,threads,test,0
error_001,,False,5054,0,caption_ocr,1,1,dt4mid-phobert,0,42,threads,test,0
false_positive,,True,6051,0,caption_ocr,0,0,dt4mid-phobert,1,42,facebook,test,0
correct_prediction,,True,6443,0,caption_ocr,0,0,dt4mid-phobert,0,42,facebook,test,0
correct_prediction,,True,6603,1,caption_ocr,1,1,dt4mid-phobert,1,42,facebook,test,0
correct_prediction,,False,5760,0,caption_ocr,1,1,dt4mid-phobert,1,42,facebook,test,0
correct_prediction,,True,2538,1,caption_ocr,1,1,dt4mid-phobert,1,42,facebook,test,0
false_positive,,True,3665,0,caption_ocr,0,0,dt4mid-phobert,1,42,threads,test,0
correct_prediction,,True,2529,1,caption_ocr,1,1,dt4mid-phobert,1,42,facebook,test,0
false_positive,,False,4427,0,caption_ocr,0,0,dt4mid-phobert,1,42,threads,test,0
correct_prediction,,False,1432,0,caption_ocr,1,1,dt4mid-phobert,1,42,threads,test,0
correct_prediction,,False,127,0,caption_ocr,0,0,dt4mid-phobert,0,42,threads,test,0
correct_prediction,,True,2469,1,caption_ocr,1,1,dt4mid-phobert,1,42,facebook,test,0
correct_prediction,,True,101,0,caption_ocr,1,1,dt4mid-phobert,1,42,threads,test,1
correct_prediction,,True,4199,0,caption_ocr,0,0,dt4mid-phobert,0,42,threads,test,0
correct_prediction,,True,6899,1,caption_ocr,1,1,dt4mid-phobert,1,42,facebook,test,0
false_positive,,True,523,0,caption_ocr,0,0,dt4mid-phobert,1,42,threads,test,0
false_positive,,True,4642,0,caption_ocr,0,0,dt4mid-phobert,1,42,threads,test,0
correct_prediction,,True,3187,0,caption_ocr,0,0,dt4mid-phobert,0,42,threads,test,0
correct_prediction,,True,1354,0,caption_ocr,0,0,dt4mid-phobert,0,42,threads,test,0
false_positive,,True,383,1,caption_ocr,0,0,dt4mid-phobert,1,42,threads,test,0
false_positive,,True,313,0,caption_ocr,0,0,dt4mid-phobert,1,42,threads,test,0
correct_prediction,,False,6790,0,caption_ocr,1,1,dt4mid-phobert,1,42,facebook,test,0
false_positive,,True,5964,0,caption_ocr,0,0,dt4mid-phobert,1,42,facebook,test,0
error_001,,True,2999,0,caption_ocr,1,1,dt4mid-phobert,0,42,facebook,test,0
correct_prediction,,False,4614,0,caption_ocr,1,1,dt4mid-phobert,1,42,threads,test,0
correct_prediction,,False,4360,0,caption_ocr,0,0,dt4mid-phobert,0,42,threads,test,0
correct_prediction,,False,3994,0,caption_ocr,0,0,dt4mid-phobert,0,42,threads,test,0
correct_prediction,,True,7254,0,caption_ocr,1,1,dt4mid-phobert,1,42,facebook,test,0
error_001,,False,3513,0,caption_ocr,1,1,dt4mid-phobert,0,42,threads,test,0
correct_prediction,,True,1096,0,caption_ocr,1,1,dt4mid-phobert,1,42,threads,test,1
error_001,,False,1479,0,caption_ocr,1,1,dt4mid-phobert,0,42,threads,test,0
correct_prediction,,False,4739,0,caption_ocr,0,0,dt4mid-phobert,0,42,threads,test,0
correct_prediction,,True,5826,1,caption_ocr,1,1,dt4mid-phobert,1,42,facebook,test,0
error_001,,True,1802,0,caption_ocr,1,1,dt4mid-phobert,0,42,threads,test,0
correct_prediction,,False,796,0,caption_ocr,0,0,dt4mid-phobert,0,42,threads,test,0
false_positive,,False,6155,0,caption_ocr,0,0,dt4mid-phobert,1,42,facebook,test,0
correct_prediction,,True,1808,0,caption_ocr,0,0,dt4mid-phobert,0,42,threads,test,0
false_positive,,True,7291,0,caption_ocr,0,0,dt4mid-phobert,1,42,facebook,test,0
false_positive,,True,6086,0,caption_ocr,0,0,dt4mid-phobert,1,42,facebook,test,0
error_001,,False,521,0,caption_ocr,1,1,dt4mid-phobert,0,42,threads,test,0
correct_prediction,,True,4451,0,caption_ocr,0,0,dt4mid-phobert,0,42,threads,test,0
correct_prediction,,True,6044,1,caption_ocr,1,1,dt4mid-phobert,1,42,facebook,test,0
correct_prediction,,True,644,0,caption_ocr,0,0,dt4mid-phobert,0,42,threads,test,0
false_positive,,True,4463,0,caption_ocr,0,0,dt4mid-phobert,1,42,threads,test,0
correct_prediction,,True,3956,0,caption_ocr,0,0,dt4mid-phobert,0,42,threads,test,0
correct_prediction,,True,1778,0,caption_ocr,0,0,dt4mid-phobert,0,42,threads,test,0
false_positive,,True,6217,0,caption_ocr,0,0,dt4mid-phobert,1,42,facebook,test,0
correct_prediction,,True,2426,1,caption_ocr,1,1,dt4mid-phobert,1,42,facebook,test,0
false_positive,,True,3497,0,caption_ocr,0,0,dt4mid-phobert,1,42,threads,test,1
correct_prediction,,True,2376,1,caption_ocr,1,1,dt4mid-phobert,1,42,facebook,test,0
correct_prediction,,False,2057,0,caption_ocr,1,1,dt4mid-phobert,1,42,facebook,test,0
correct_prediction,,False,2567,0,caption_ocr,1,1,dt4mid-phobert,1,42,facebook,test,0
correct_prediction,,True,6517,0,caption_ocr,1,1,dt4mid-phobert,1,42,facebook,test,0
correct_prediction,,True,2622,0,caption_ocr,1,1,dt4mid-phobert,1,42,facebook,test,0
false_positive,,False,5824,0,caption_ocr,0,0,dt4mid-phobert,1,42,facebook,test,0
correct_prediction,,False,7239,0,caption_ocr,1,1,dt4mid-phobert,1,42,facebook,test,0
false_positive,,True,4034,0,caption_ocr,0,0,dt4mid-phobert,1,42,threads,test,0
error_001,,False,892,0,caption_ocr,1,1,dt4mid-phobert,0,42,threads,test,0
error_001,,True,502,0,caption_ocr,1,1,dt4mid-phobert,0,42,threads,test,0
correct_prediction,,True,297,0,caption_ocr,1,1,dt4mid-phobert,1,42,threads,test,0
correct_prediction,,True,258,0,caption_ocr,1,1,dt4mid-phobert,1,42,threads,test,0
correct_prediction,,False,4889,0,caption_ocr,0,0,dt4mid-phobert,0,42,threads,test,0
correct_prediction,,True,1768,0,caption_ocr,1,1,dt4mid-phobert,1,42,threads,test,1
false_positive,,True,3930,0,caption_ocr,0,0,dt4mid-phobert,1,42,threads,test,0
correct_prediction,,True,5728,0,caption_ocr,1,1,dt4mid-phobert,1,42,facebook,test,0
correct_prediction,,True,4595,0,caption_ocr,1,1,dt4mid-phobert,1,42,threads,test,1
error_001,,True,4675,0,caption_ocr,1,1,dt4mid-phobert,0,42,threads,test,0
false_positive,,True,6359,0,caption_ocr,0,0,dt4mid-phobert,1,42,facebook,test,0
correct_prediction,,True,4492,0,caption_ocr,0,0,dt4mid-phobert,0,42,threads,test,0
correct_prediction,,False,5272,0,caption_ocr,0,0,dt4mid-phobert,0,42,threads,test,0
correct_prediction,,False,6574,0,caption_ocr,1,1,dt4mid-phobert,1,42,facebook,test,0
correct_prediction,,False,6427,0,caption_ocr,1,1,dt4mid-phobert,1,42,facebook,test,0
correct_prediction,,True,2327,0,caption_ocr,0,0,dt4mid-phobert,0,42,facebook,test,0
correct_prediction,,False,5249,0,caption_ocr,0,0,dt4mid-phobert,0,42,threads,test,0
correct_prediction,,False,5361,0,caption_ocr,0,0,dt4mid-phobert,0,42,threads,test,0
correct_prediction,,True,2952,0,caption_ocr,1,1,dt4mid-phobert,1,42,facebook,test,1
correct_prediction,,False,2053,0,caption_ocr,1,1,dt4mid-phobert,1,42,facebook,test,0
false_positive,,False,1020,0,caption_ocr,0,0,dt4mid-phobert,1,42,threads,test,0
correct_prediction,,True,1604,0,caption_ocr,0,0,dt4mid-phobert,0,42,threads,test,0
false_positive,,True,2832,0,caption_ocr,0,0,dt4mid-phobert,1,42,facebook,test,1
correct_prediction,,True,5579,0,caption_ocr,0,0,dt4mid-phobert,0,42,threads,test,0
false_positive,,False,1977,0,caption_ocr,0,0,dt4mid-phobert,1,42,facebook,test,0
correct_prediction,,True,4790,0,caption_ocr,0,0,dt4mid-phobert,0,42,threads,test,0
correct_prediction,,True,2839,0,caption_ocr,1,1,dt4mid-phobert,1,42,facebook,test,0
correct_prediction,,False,4604,0,caption_ocr,0,0,dt4mid-phobert,0,42,threads,test,0
correct_prediction,,True,490,0,caption_ocr,0,0,dt4mid-phobert,0,42,threads,test,0
correct_prediction,,False,4900,0,caption_ocr,0,0,dt4mid-phobert,0,42,threads,test,0
correct_prediction,,False,1206,0,caption_ocr,0,0,dt4mid-phobert,0,42,threads,test,0
correct_prediction,,False,6919,0,caption_ocr,1,1,dt4mid-phobert,1,42,facebook,test,0
correct_prediction,,False,5013,0,caption_ocr,0,0,dt4mid-phobert,0,42,threads,test,0
correct_prediction,,False,530,0,caption_ocr,1,1,dt4mid-phobert,1,42,threads,test,1
false_positive,,True,7127,0,caption_ocr,0,0,dt4mid-phobert,1,42,facebook,test,0
correct_prediction,,True,5130,0,caption_ocr,0,0,dt4mid-phobert,0,42,threads,test,0
false_positive,,True,6450,0,caption_ocr,0,0,dt4mid-phobert,1,42,facebook,test,0
correct_prediction,,False,3798,0,caption_ocr,1,1,dt4mid-phobert,1,42,threads,test,1
correct_prediction,,True,3230,0,caption_ocr,0,0,dt4mid-phobert,0,42,threads,test,0
correct_prediction,,True,4827,0,caption_ocr,0,0,dt4mid-phobert,0,42,threads,test,0
correct_prediction,,True,2434,1,caption_ocr,1,1,dt4mid-phobert,1,42,facebook,test,0
false_positive,,True,1022,0,caption_ocr,0,0,dt4mid-phobert,1,42,threads,test,0
correct_prediction,,False,5302,0,caption_ocr,0,0,dt4mid-phobert,0,42,threads,test,0
correct_prediction,,True,3645,0,caption_ocr,0,0,dt4mid-phobert,0,42,threads,test,0
correct_prediction,,True,1037,0,caption_ocr,0,0,dt4mid-phobert,0,42,threads,test,1
correct_prediction,,True,6000,0,caption_ocr,1,1,dt4mid-phobert,1,42,facebook,test,0
correct_prediction,,True,3179,0,caption_ocr,0,0,dt4mid-phobert,0,42,threads,test,0
correct_prediction,,True,4101,1,caption_ocr,1,1,dt4mid-phobert,1,42,threads,test,0
correct_prediction,,True,618,0,caption_ocr,1,1,dt4mid-phobert,1,42,threads,test,0
correct_prediction,,True,1671,0,caption_ocr,1,1,dt4mid-phobert,1,42,threads,test,1
false_positive,,True,4369,0,caption_ocr,0,0,dt4mid-phobert,1,42,threads,test,0
correct_prediction,,True,2428,0,caption_ocr,0,0,dt4mid-phobert,0,42,facebook,test,0
correct_prediction,,True,4304,0,caption_ocr,0,0,dt4mid-phobert,0,42,threads,test,0
correct_prediction,,True,2113,0,caption_ocr,1,1,dt4mid-phobert,1,42,facebook,test,0
correct_prediction,,False,2724,0,caption_ocr,1,1,dt4mid-phobert,1,42,facebook,test,1
correct_prediction,,False,5930,0,caption_ocr,1,1,dt4mid-phobert,1,42,facebook,test,0
correct_prediction,,False,5205,0,caption_ocr,0,0,dt4mid-phobert,0,42,threads,test,0
correct_prediction,,True,411,0,caption_ocr,1,1,dt4mid-phobert,1,42,threads,test,1
correct_prediction,,False,743,0,caption_ocr,0,0,dt4mid-phobert,0,42,threads,test,0
correct_prediction,,True,2558,1,caption_ocr,1,1,dt4mid-phobert,1,42,facebook,test,0
correct_prediction,,True,113,0,caption_ocr,1,1,dt4mid-phobert,1,42,threads,test,1
false_positive,,False,426,0,caption_ocr,0,0,dt4mid-phobert,1,42,threads,test,0
error_001,,True,7221,0,caption_ocr,1,1,dt4mid-phobert,0,42,facebook,test,0
correct_prediction,,True,1653,0,caption_ocr,1,1,dt4mid-phobert,1,42,threads,test,1
correct_prediction,,True,4744,0,caption_ocr,0,0,dt4mid-phobert,0,42,threads,test,0
correct_prediction,,True,7014,1,caption_ocr,1,1,dt4mid-phobert,1,42,facebook,test,0
correct_prediction,,True,7135,1,caption_ocr,1,1,dt4mid-phobert,1,42,facebook,test,0
correct_prediction,,True,6677,0,caption_ocr,1,1,dt4mid-phobert,1,42,facebook,test,0
correct_prediction,,False,5282,0,caption_ocr,0,0,dt4mid-phobert,0,42,threads,test,0
correct_prediction,,True,6037,1,caption_ocr,1,1,dt4mid-phobert,1,42,facebook,test,0
correct_prediction,,True,4241,0,caption_ocr,0,0,dt4mid-phobert,0,42,threads,test,0
false_positive,,False,16,0,caption_ocr,0,0,dt4mid-phobert,1,42,threads,test,0
correct_prediction,,True,26,0,caption_ocr,1,1,dt4mid-phobert,1,42,threads,test,1
false_positive,,True,256,0,caption_ocr,0,0,dt4mid-phobert,1,42,threads,test,1
correct_prediction,,True,6856,1,caption_ocr,0,0,dt4mid-phobert,0,42,facebook,test,0
correct_prediction,,True,4132,0,caption_ocr,0,0,dt4mid-phobert,0,42,threads,test,0
false_positive,,True,3518,0,caption_ocr,0,0,dt4mid-phobert,1,42,threads,test,0
correct_prediction,,False,1348,0,caption_ocr,0,0,dt4mid-phobert,0,42,threads,test,0
correct_prediction,,True,4057,0,caption_ocr,0,0,dt4mid-phobert,0,42,threads,test,0
correct_prediction,,False,2729,0,caption_ocr,1,1,dt4mid-phobert,1,42,facebook,test,0
correct_prediction,,True,3110,0,caption_ocr,0,0,dt4mid-phobert,0,42,threads,test,0
correct_prediction,,False,1217,0,caption_ocr,0,0,dt4mid-phobert,0,42,threads,test,0
correct_prediction,,False,5119,0,caption_ocr,0,0,dt4mid-phobert,0,42,threads,test,0
false_positive,,True,4123,0,caption_ocr,0,0,dt4mid-phobert,1,42,threads,test,0
correct_prediction,,True,3371,0,caption_ocr,0,0,dt4mid-phobert,0,42,threads,test,0
correct_prediction,,False,4607,0,caption_ocr,0,0,dt4mid-phobert,0,42,threads,test,0
correct_prediction,,True,6410,0,caption_ocr,1,1,dt4mid-phobert,1,42,facebook,test,0
false_positive,,True,2435,1,caption_ocr,0,0,dt4mid-phobert,1,42,facebook,test,0
false_positive,,True,5547,0,caption_ocr,0,0,dt4mid-phobert,1,42,threads,test,0
correct_prediction,,True,1901,0,caption_ocr,1,1,dt4mid-phobert,1,42,facebook,test,1
error_001,,True,4258,0,caption_ocr,1,1,dt4mid-phobert,0,42,threads,test,0
correct_prediction,,True,6271,0,caption_ocr,1,1,dt4mid-phobert,1,42,facebook,test,1
correct_prediction,,True,6067,0,caption_ocr,0,0,dt4mid-phobert,0,42,facebook,test,0
correct_prediction,,True,406,0,caption_ocr,0,0,dt4mid-phobert,0,42,threads,test,0
correct_prediction,,True,3143,0,caption_ocr,1,1,dt4mid-phobert,1,42,threads,test,0
correct_prediction,,True,2992,0,caption_ocr,0,0,dt4mid-phobert,0,42,facebook,test,1
correct_prediction,,False,2792,0,caption_ocr,1,1,dt4mid-phobert,1,42,facebook,test,0
false_positive,,True,4507,0,caption_ocr,0,0,dt4mid-phobert,1,42,threads,test,0
correct_prediction,,True,2966,0,caption_ocr,1,1,dt4mid-phobert,1,42,facebook,test,1
correct_prediction,,True,2308,0,caption_ocr,1,1,dt4mid-phobert,1,42,facebook,test,0
false_positive,,True,1248,0,caption_ocr,0,0,dt4mid-phobert,1,42,threads,test,0
correct_prediction,,True,5925,0,caption_ocr,1,1,dt4mid-phobert,1,42,facebook,test,0
correct_prediction,,True,1397,0,caption_ocr,0,0,dt4mid-phobert,0,42,threads,test,0
correct_prediction,,False,4052,0,caption_ocr,0,0,dt4mid-phobert,0,42,threads,test,0
false_positive,,False,665,0,caption_ocr,0,0,dt4mid-phobert,1,42,threads,test,0
correct_prediction,,True,462,0,caption_ocr,0,0,dt4mid-phobert,0,42,threads,test,0
correct_prediction,,True,2337,1,caption_ocr,1,1,dt4mid-phobert,1,42,facebook,test,0
correct_prediction,,True,3260,0,caption_ocr,1,1,dt4mid-phobert,1,42,threads,test,0
correct_prediction,,False,5255,0,caption_ocr,0,0,dt4mid-phobert,0,42,threads,test,0
false_positive,,False,3503,0,caption_ocr,0,0,dt4mid-phobert,1,42,threads,test,0
correct_prediction,,False,2054,0,caption_ocr,1,1,dt4mid-phobert,1,42,facebook,test,1
error_001,,False,3209,0,caption_ocr,1,1,dt4mid-phobert,0,42,threads,test,0
correct_prediction,,False,3099,0,caption_ocr,0,0,dt4mid-phobert,0,42,facebook,test,1
false_positive,,True,7058,0,caption_ocr,0,0,dt4mid-phobert,1,42,facebook,test,0
correct_prediction,,True,6116,1,caption_ocr,1,1,dt4mid-phobert,1,42,facebook,test,0
correct_prediction,,False,4698,0,caption_ocr,0,0,dt4mid-phobert,0,42,threads,test,0
false_positive,,True,1079,0,caption_ocr,0,0,dt4mid-phobert,1,42,threads,test,0
correct_prediction,,True,4362,1,caption_ocr,1,1,dt4mid-phobert,1,42,threads,test,0
false_positive,,True,2338,1,caption_ocr,0,0,dt4mid-phobert,1,42,facebook,test,0
correct_prediction,,True,7314,0,caption_ocr,1,1,dt4mid-phobert,1,42,facebook,test,1
correct_prediction,,False,629,0,caption_ocr,0,0,dt4mid-phobert,0,42,threads,test,0
error_001,,True,3883,0,caption_ocr,1,1,dt4mid-phobert,0,42,threads,test,0
correct_prediction,,True,5786,0,caption_ocr,0,0,dt4mid-phobert,0,42,facebook,test,0
correct_prediction,,False,3119,0,caption_ocr,0,0,dt4mid-phobert,0,42,threads,test,0
correct_prediction,,False,5894,0,caption_ocr,1,1,dt4mid-phobert,1,42,facebook,test,0
correct_prediction,,True,5084,0,caption_ocr,0,0,dt4mid-phobert,0,42,threads,test,0
correct_prediction,,False,5343,0,caption_ocr,0,0,dt4mid-phobert,0,42,threads,test,0
correct_prediction,,False,4324,0,caption_ocr,0,0,dt4mid-phobert,0,42,threads,test,0
correct_prediction,,True,1216,1,caption_ocr,1,1,dt4mid-phobert,1,42,threads,test,0
false_positive,,False,2006,0,caption_ocr,0,0,dt4mid-phobert,1,42,facebook,test,0
correct_prediction,,False,228,0,caption_ocr,1,1,dt4mid-phobert,1,42,threads,test,1
correct_prediction,,True,5661,0,caption_ocr,0,0,dt4mid-phobert,0,42,threads,test,0
false_positive,,True,5640,0,caption_ocr,0,0,dt4mid-phobert,1,42,threads,test,0
correct_prediction,,True,5765,0,caption_ocr,1,1,dt4mid-phobert,1,42,facebook,test,0
false_positive,,True,5803,0,caption,0,0,phobert-base,1,123,facebook,test,0
correct_prediction,,True,6388,1,caption,1,1,phobert-base,1,123,facebook,test,0
false_positive,,True,5990,0,caption,0,0,phobert-base,1,123,facebook,test,0
correct_prediction,,True,1024,0,caption,0,0,phobert-base,0,123,threads,test,0
correct_prediction,,True,1075,0,caption,0,0,phobert-base,0,123,threads,test,0
false_positive,,True,4170,0,caption,0,0,phobert-base,1,123,threads,test,0
correct_prediction,,True,599,0,caption,0,0,phobert-base,0,123,threads,test,0
correct_prediction,,False,371,0,caption,0,0,phobert-base,0,123,threads,test,0
false_positive,,False,5811,0,caption,0,0,phobert-base,1,123,facebook,test,0
false_positive,,True,5986,0,caption,0,0,phobert-base,1,123,facebook,test,0
correct_prediction,,True,6826,0,caption,1,1,phobert-base,1,123,facebook,test,0
correct_prediction,,False,859,0,caption,0,0,phobert-base,0,123,threads,test,0
correct_prediction,,False,6562,0,caption,1,1,phobert-base,1,123,facebook,test,0
correct_prediction,,True,2399,1,caption,1,1,phobert-base,1,123,facebook,test,0
correct_prediction,,False,6505,0,caption,1,1,phobert-base,1,123,facebook,test,0
correct_prediction,,True,7292,0,caption,1,1,phobert-base,1,123,facebook,test,0
correct_prediction,,True,6818,1,caption,1,1,phobert-base,1,123,facebook,test,0
correct_prediction,,False,4909,0,caption,0,0,phobert-base,0,123,threads,test,0
correct_prediction,,False,4190,0,caption,0,0,phobert-base,0,123,threads,test,0
false_positive,,True,6100,0,caption,0,0,phobert-base,1,123,facebook,test,0
correct_prediction,,True,5033,0,caption,0,0,phobert-base,0,123,threads,test,0
correct_prediction,,True,5608,0,caption,1,1,phobert-base,1,123,threads,test,0
correct_prediction,,False,4177,0,caption,0,0,phobert-base,0,123,threads,test,0
false_positive,,True,3845,0,caption,0,0,phobert-base,1,123,threads,test,0
correct_prediction,,False,2129,0,caption,1,1,phobert-base,1,123,facebook,test,0
correct_prediction,,False,540,0,caption,1,1,phobert-base,1,123,threads,test,1
correct_prediction,,True,3054,0,caption,0,0,phobert-base,0,123,facebook,test,0
correct_prediction,,True,3867,0,caption,0,0,phobert-base,0,123,threads,test,0
correct_prediction,,False,4031,0,caption,0,0,phobert-base,0,123,threads,test,0
false_positive,,True,1767,1,caption,0,0,phobert-base,1,123,threads,test,0
correct_prediction,,True,1598,0,caption,1,1,phobert-base,1,123,threads,test,0
correct_prediction,,False,850,0,caption,0,0,phobert-base,0,123,threads,test,0
error_001,,True,5978,0,caption,1,1,phobert-base,0,123,facebook,test,0
correct_prediction,,True,3709,0,caption,0,0,phobert-base,0,123,threads,test,0
correct_prediction,,True,5963,1,caption,1,1,phobert-base,1,123,facebook,test,0
correct_prediction,,True,5782,1,caption,1,1,phobert-base,1,123,facebook,test,0
correct_prediction,,True,4722,0,caption,0,0,phobert-base,0,123,threads,test,0
correct_prediction,,True,1801,0,caption,1,1,phobert-base,1,123,threads,test,0
correct_prediction,,False,2768,0,caption,1,1,phobert-base,1,123,facebook,test,0
correct_prediction,,False,5737,0,caption,1,1,phobert-base,1,123,facebook,test,0
correct_prediction,,False,1824,0,caption,1,1,phobert-base,1,123,threads,test,0
error_001,,True,2321,0,caption,1,1,phobert-base,0,123,facebook,test,0
correct_prediction,,False,2851,0,caption,1,1,phobert-base,1,123,facebook,test,1
correct_prediction,,True,255,0,caption,0,0,phobert-base,0,123,threads,test,0
correct_prediction,,True,1103,0,caption,0,0,phobert-base,0,123,threads,test,0
correct_prediction,,True,1228,1,caption,1,1,phobert-base,1,123,threads,test,0
correct_prediction,,True,4004,0,caption,1,1,phobert-base,1,123,threads,test,0
correct_prediction,,False,1591,0,caption,0,0,phobert-base,0,123,threads,test,0
false_positive,,False,2861,0,caption,0,0,phobert-base,1,123,facebook,test,0
error_001,,True,797,0,caption,1,1,phobert-base,0,123,threads,test,0
correct_prediction,,True,2913,0,caption,1,1,phobert-base,1,123,facebook,test,1
correct_prediction,,False,7007,0,caption,1,1,phobert-base,1,123,facebook,test,0
correct_prediction,,True,2333,1,caption,1,1,phobert-base,1,123,facebook,test,0
correct_prediction,,True,1448,0,caption,0,0,phobert-base,0,123,threads,test,1
correct_prediction,,True,993,0,caption,0,0,phobert-base,0,123,threads,test,0
correct_prediction,,False,1978,0,caption,1,1,phobert-base,1,123,facebook,test,0
correct_prediction,,False,5035,0,caption,0,0,phobert-base,0,123,threads,test,0
correct_prediction,,False,4647,0,caption,0,0,phobert-base,0,123,threads,test,0
false_positive,,False,4922,0,caption,0,0,phobert-base,1,123,threads,test,0
correct_prediction,,False,525,0,caption,0,0,phobert-base,0,123,threads,test,0
correct_prediction,,True,3878,0,caption,0,0,phobert-base,0,123,threads,test,0
false_positive,,True,2139,0,caption,0,0,phobert-base,1,123,facebook,test,0
correct_prediction,,True,314,0,caption,0,0,phobert-base,0,123,threads,test,0
false_positive,,True,2482,1,caption,0,0,phobert-base,1,123,facebook,test,0
false_positive,,False,5580,0,caption,0,0,phobert-base,1,123,threads,test,0
correct_prediction,,True,196,0,caption,0,0,phobert-base,0,123,threads,test,0
correct_prediction,,True,6755,1,caption,1,1,phobert-base,1,123,facebook,test,0
correct_prediction,,False,6488,0,caption,1,1,phobert-base,1,123,facebook,test,1
correct_prediction,,True,5335,0,caption,0,0,phobert-base,0,123,threads,test,0
false_positive,,True,592,0,caption,0,0,phobert-base,1,123,threads,test,0
false_positive,,True,6168,0,caption,0,0,phobert-base,1,123,facebook,test,0
correct_prediction,,False,5293,0,caption,0,0,phobert-base,0,123,threads,test,0
correct_prediction,,True,423,0,caption,0,0,phobert-base,0,123,threads,test,0
false_positive,,True,6189,0,caption,0,0,phobert-base,1,123,facebook,test,0
correct_prediction,,True,1155,0,caption,0,0,phobert-base,0,123,threads,test,0
correct_prediction,,False,5197,0,caption,0,0,phobert-base,0,123,threads,test,0
correct_prediction,,True,464,0,caption,0,0,phobert-base,0,123,threads,test,0
correct_prediction,,True,6645,1,caption,1,1,phobert-base,1,123,facebook,test,0
false_positive,,False,3992,0,caption,0,0,phobert-base,1,123,threads,test,0
correct_prediction,,True,2916,0,caption,1,1,phobert-base,1,123,facebook,test,0
correct_prediction,,True,1234,0,caption,1,1,phobert-base,1,123,threads,test,1
correct_prediction,,True,6098,0,caption,1,1,phobert-base,1,123,facebook,test,0
false_positive,,False,735,0,caption,0,0,phobert-base,1,123,threads,test,0
false_positive,,True,134,1,caption,0,0,phobert-base,1,123,threads,test,0
correct_prediction,,False,6907,0,caption,1,1,phobert-base,1,123,facebook,test,1
correct_prediction,,True,793,0,caption,0,0,phobert-base,0,123,threads,test,0
error_001,,False,4475,0,caption,1,1,phobert-base,0,123,threads,test,0
correct_prediction,,True,4403,0,caption,0,0,phobert-base,0,123,threads,test,0
correct_prediction,,True,533,0,caption,0,0,phobert-base,0,123,threads,test,1
correct_prediction,,False,6861,0,caption,1,1,phobert-base,1,123,facebook,test,0
correct_prediction,,True,4136,0,caption,0,0,phobert-base,0,123,threads,test,0
correct_prediction,,True,6962,0,caption,1,1,phobert-base,1,123,facebook,test,0
correct_prediction,,True,1716,0,caption,1,1,phobert-base,1,123,threads,test,0
correct_prediction,,True,6983,0,caption,1,1,phobert-base,1,123,facebook,test,0
false_positive,,True,3705,0,caption,0,0,phobert-base,1,123,threads,test,0
correct_prediction,,True,3887,0,caption,0,0,phobert-base,0,123,threads,test,0
correct_prediction,,True,4269,0,caption,0,0,phobert-base,0,123,threads,test,0
correct_prediction,,True,860,0,caption,0,0,phobert-base,0,123,threads,test,0
correct_prediction,,True,2042,0,caption,1,1,phobert-base,1,123,facebook,test,0
correct_prediction,,True,5835,0,caption,1,1,phobert-base,1,123,facebook,test,0
false_positive,,False,1953,0,caption,0,0,phobert-base,1,123,facebook,test,0
correct_prediction,,False,6414,0,caption,1,1,phobert-base,1,123,facebook,test,0
correct_prediction,,False,6537,0,caption,1,1,phobert-base,1,123,facebook,test,0
false_positive,,False,5825,0,caption,0,0,phobert-base,1,123,facebook,test,0
false_positive,,True,2096,0,caption,0,0,phobert-base,1,123,facebook,test,1
false_positive,,True,2627,0,caption,0,0,phobert-base,1,123,facebook,test,0
false_positive,,False,2757,0,caption,0,0,phobert-base,1,123,facebook,test,0
correct_prediction,,True,1684,0,caption,0,0,phobert-base,0,123,threads,test,0
error_001,,True,2005,0,caption,1,1,phobert-base,0,123,facebook,test,0
correct_prediction,,True,5927,0,caption,1,1,phobert-base,1,123,facebook,test,1
correct_prediction,,True,5014,0,caption,0,0,phobert-base,0,123,threads,test,0
correct_prediction,,True,4892,0,caption,0,0,phobert-base,0,123,threads,test,0
false_positive,,False,5589,0,caption,0,0,phobert-base,1,123,threads,test,0
false_positive,,True,2206,0,caption,0,0,phobert-base,1,123,facebook,test,1
correct_prediction,,False,5202,0,caption,0,0,phobert-base,0,123,threads,test,0
correct_prediction,,False,2656,1,caption,1,1,phobert-base,1,123,facebook,test,1
correct_prediction,,True,1329,0,caption,0,0,phobert-base,0,123,threads,test,1
correct_prediction,,True,613,1,caption,1,1,phobert-base,1,123,threads,test,1
error_001,,True,47,0,caption,1,1,phobert-base,0,123,threads,test,0
correct_prediction,,True,6746,1,caption,1,1,phobert-base,1,123,facebook,test,0
correct_prediction,,False,3398,0,caption,1,1,phobert-base,1,123,threads,test,0
correct_prediction,,False,3695,0,caption,0,0,phobert-base,0,123,threads,test,0
correct_prediction,,True,3365,0,caption,0,0,phobert-base,0,123,threads,test,1
false_positive,,True,513,0,caption,0,0,phobert-base,1,123,threads,test,0
false_positive,,False,7022,0,caption,0,0,phobert-base,1,123,facebook,test,0
false_positive,,True,2459,0,caption,0,0,phobert-base,1,123,facebook,test,0
error_001,,True,1813,0,caption,1,1,phobert-base,0,123,threads,test,0
false_positive,,True,1761,0,caption,0,0,phobert-base,1,123,threads,test,0
correct_prediction,,False,800,0,caption,0,0,phobert-base,0,123,threads,test,0
correct_prediction,,True,107,0,caption,0,0,phobert-base,0,123,threads,test,1
correct_prediction,,True,980,0,caption,0,0,phobert-base,0,123,threads,test,0
correct_prediction,,False,4819,0,caption,0,0,phobert-base,0,123,threads,test,0
correct_prediction,,True,4321,0,caption,0,0,phobert-base,0,123,threads,test,0
error_001,,True,1126,0,caption,1,1,phobert-base,0,123,threads,test,0
correct_prediction,,True,1570,0,caption,0,0,phobert-base,0,123,threads,test,0
false_positive,,True,2368,1,caption,0,0,phobert-base,1,123,facebook,test,0
correct_prediction,,True,4037,0,caption,0,0,phobert-base,0,123,threads,test,0
correct_prediction,,True,1863,1,caption,1,1,phobert-base,1,123,facebook,test,0
correct_prediction,,True,1635,0,caption,0,0,phobert-base,0,123,threads,test,0
correct_prediction,,False,6894,0,caption,1,1,phobert-base,1,123,facebook,test,0
correct_prediction,,False,5474,0,caption,0,0,phobert-base,0,123,threads,test,0
false_positive,,True,1791,0,caption,0,0,phobert-base,1,123,threads,test,1
correct_prediction,,False,6547,0,caption,1,1,phobert-base,1,123,facebook,test,1
correct_prediction,,True,7209,0,caption,1,1,phobert-base,1,123,facebook,test,0
correct_prediction,,True,5072,0,caption,0,0,phobert-base,0,123,threads,test,0
correct_prediction,,True,7123,0,caption,0,0,phobert-base,0,123,facebook,test,0
false_positive,,True,2233,1,caption,0,0,phobert-base,1,123,facebook,test,0
correct_prediction,,False,2015,0,caption,1,1,phobert-base,1,123,facebook,test,0
error_001,,False,6784,0,caption,1,1,phobert-base,0,123,facebook,test,0
correct_prediction,,True,403,0,caption,0,0,phobert-base,0,123,threads,test,0
false_positive,,True,6090,0,caption,0,0,phobert-base,1,123,facebook,test,0
correct_prediction,,False,677,0,caption,0,0,phobert-base,0,123,threads,test,0
correct_prediction,,True,6493,0,caption,1,1,phobert-base,1,123,facebook,test,0
correct_prediction,,False,5495,0,caption,0,0,phobert-base,0,123,threads,test,0
correct_prediction,,True,5802,0,caption,1,1,phobert-base,1,123,facebook,test,0
correct_prediction,,True,6800,0,caption,1,1,phobert-base,1,123,facebook,test,0
correct_prediction,,False,3949,0,caption,0,0,phobert-base,0,123,threads,test,0
correct_prediction,,True,2320,0,caption,1,1,phobert-base,1,123,facebook,test,0
correct_prediction,,False,3805,0,caption,0,0,phobert-base,0,123,threads,test,0
false_positive,,True,6404,0,caption,0,0,phobert-base,1,123,facebook,test,0
correct_prediction,,False,4036,0,caption,0,0,phobert-base,0,123,threads,test,0
correct_prediction,,True,2397,1,caption,1,1,phobert-base,1,123,facebook,test,0
correct_prediction,,True,3609,0,caption,0,0,phobert-base,0,123,threads,test,0
correct_prediction,,False,4950,0,caption,0,0,phobert-base,0,123,threads,test,0
correct_prediction,,False,6884,0,caption,1,1,phobert-base,1,123,facebook,test,1
correct_prediction,,False,7228,0,caption,1,1,phobert-base,1,123,facebook,test,0
correct_prediction,,False,4770,0,caption,0,0,phobert-base,0,123,threads,test,0
correct_prediction,,True,2744,0,caption,1,1,phobert-base,1,123,facebook,test,0
correct_prediction,,True,4924,0,caption,0,0,phobert-base,0,123,threads,test,0
correct_prediction,,True,5906,0,caption,0,0,phobert-base,0,123,facebook,test,0
false_positive,,True,6375,0,caption,0,0,phobert-base,1,123,facebook,test,0
error_001,,True,2438,0,caption,1,1,phobert-base,0,123,facebook,test,0
correct_prediction,,True,7181,0,caption,1,1,phobert-base,1,123,facebook,test,1
error_001,,False,4611,0,caption,1,1,phobert-base,0,123,threads,test,0
error_001,,True,3164,0,caption,1,1,phobert-base,0,123,threads,test,0
correct_prediction,,True,2929,0,caption,1,1,phobert-base,1,123,facebook,test,0
correct_prediction,,False,6564,0,caption,1,1,phobert-base,1,123,facebook,test,0
correct_prediction,,True,3857,0,caption,0,0,phobert-base,0,123,threads,test,0
correct_prediction,,True,1054,0,caption,0,0,phobert-base,0,123,threads,test,0
correct_prediction,,False,6734,0,caption,1,1,phobert-base,1,123,facebook,test,0
correct_prediction,,True,7011,1,caption,1,1,phobert-base,1,123,facebook,test,0
false_positive,,False,5961,0,caption,0,0,phobert-base,1,123,facebook,test,0
correct_prediction,,True,4574,0,caption,1,1,phobert-base,1,123,threads,test,1
false_positive,,True,2064,0,caption,0,0,phobert-base,1,123,facebook,test,0
correct_prediction,,False,3666,0,caption,0,0,phobert-base,0,123,threads,test,0
correct_prediction,,True,3040,0,caption,1,1,phobert-base,1,123,facebook,test,1
error_001,,False,1392,0,caption,1,1,phobert-base,0,123,threads,test,0
correct_prediction,,True,3125,0,caption,0,0,phobert-base,0,123,threads,test,0
correct_prediction,,True,5288,0,caption,0,0,phobert-base,0,123,threads,test,0
correct_prediction,,False,6679,0,caption,1,1,phobert-base,1,123,facebook,test,1
error_001,,False,591,0,caption,1,1,phobert-base,0,123,threads,test,0
correct_prediction,,False,6634,0,caption,1,1,phobert-base,1,123,facebook,test,0
correct_prediction,,True,1280,1,caption,1,1,phobert-base,1,123,threads,test,0
false_positive,,False,889,0,caption,0,0,phobert-base,1,123,threads,test,0
correct_prediction,,False,5371,0,caption,0,0,phobert-base,0,123,threads,test,0
correct_prediction,,True,715,0,caption,0,0,phobert-base,0,123,threads,test,0
false_positive,,True,2463,0,caption,0,0,phobert-base,1,123,facebook,test,0
correct_prediction,,True,4461,0,caption,1,1,phobert-base,1,123,threads,test,0
correct_prediction,,True,4232,0,caption,0,0,phobert-base,0,123,threads,test,0
error_001,,True,3372,0,caption,1,1,phobert-base,0,123,threads,test,0
correct_prediction,,False,4881,0,caption,0,0,phobert-base,0,123,threads,test,0
correct_prediction,,True,1480,0,caption,0,0,phobert-base,0,123,threads,test,1
correct_prediction,,True,116,0,caption,1,1,phobert-base,1,123,threads,test,0
false_positive,,True,6181,0,caption,0,0,phobert-base,1,123,facebook,test,0
correct_prediction,,False,721,0,caption,0,0,phobert-base,0,123,threads,test,0
correct_prediction,,False,5590,0,caption,0,0,phobert-base,0,123,threads,test,0
false_positive,,False,4504,0,caption,0,0,phobert-base,1,123,threads,test,0
correct_prediction,,False,1121,0,caption,0,0,phobert-base,0,123,threads,test,0
correct_prediction,,False,5224,0,caption,0,0,phobert-base,0,123,threads,test,0
false_positive,,True,1623,0,caption,0,0,phobert-base,1,123,threads,test,0
correct_prediction,,False,4503,0,caption,0,0,phobert-base,0,123,threads,test,0
correct_prediction,,True,188,0,caption,0,0,phobert-base,0,123,threads,test,1
error_001,,True,276,0,caption,1,1,phobert-base,0,123,threads,test,0
correct_prediction,,False,4625,0,caption,0,0,phobert-base,0,123,threads,test,0
correct_prediction,,True,4164,0,caption,0,0,phobert-base,0,123,threads,test,0
error_001,,True,6329,0,caption,1,1,phobert-base,0,123,facebook,test,0
correct_prediction,,True,4964,0,caption,0,0,phobert-base,0,123,threads,test,0
correct_prediction,,True,4669,0,caption,0,0,phobert-base,0,123,threads,test,0
false_positive,,True,4201,0,caption,0,0,phobert-base,1,123,threads,test,0
correct_prediction,,False,2830,1,caption,1,1,phobert-base,1,123,facebook,test,1
correct_prediction,,True,1714,0,caption,1,1,phobert-base,1,123,threads,test,0
correct_prediction,,True,209,0,caption,1,1,phobert-base,1,123,threads,test,0
correct_prediction,,True,4048,0,caption,1,1,phobert-base,1,123,threads,test,0
correct_prediction,,True,6968,1,caption,1,1,phobert-base,1,123,facebook,test,0
correct_prediction,,True,2151,1,caption,1,1,phobert-base,1,123,facebook,test,0
correct_prediction,,True,5565,0,caption,0,0,phobert-base,0,123,threads,test,0
correct_prediction,,False,6476,0,caption,1,1,phobert-base,1,123,facebook,test,0
correct_prediction,,True,5666,0,caption,0,0,phobert-base,0,123,threads,test,0
correct_prediction,,False,3827,0,caption,0,0,phobert-base,0,123,threads,test,0
correct_prediction,,False,1207,0,caption,1,1,phobert-base,1,123,threads,test,0
false_positive,,True,6735,0,caption,0,0,phobert-base,1,123,facebook,test,0
correct_prediction,,False,2077,0,caption,1,1,phobert-base,1,123,facebook,test,1
false_positive,,True,932,0,caption,0,0,phobert-base,1,123,threads,test,0
correct_prediction,,True,235,0,caption,0,0,phobert-base,0,123,threads,test,0
correct_prediction,,False,593,0,caption,0,0,phobert-base,0,123,threads,test,0
false_positive,,True,2166,0,caption,0,0,phobert-base,1,123,facebook,test,0
correct_prediction,,True,6353,0,caption,0,0,phobert-base,0,123,facebook,test,0
correct_prediction,,True,137,0,caption,0,0,phobert-base,0,123,threads,test,0
correct_prediction,,False,4545,0,caption,0,0,phobert-base,0,123,threads,test,0
correct_prediction,,False,4901,0,caption,0,0,phobert-base,0,123,threads,test,0
false_positive,,True,333,0,caption,0,0,phobert-base,1,123,threads,test,0
correct_prediction,,False,4040,0,caption,0,0,phobert-base,0,123,threads,test,0
false_positive,,True,289,0,caption,0,0,phobert-base,1,123,threads,test,0
correct_prediction,,True,361,0,caption,0,0,phobert-base,0,123,threads,test,0
false_positive,,True,2216,0,caption,0,0,phobert-base,1,123,facebook,test,0
correct_prediction,,True,2356,1,caption,1,1,phobert-base,1,123,facebook,test,0
correct_prediction,,True,1686,0,caption,0,0,phobert-base,0,123,threads,test,0
correct_prediction,,False,6644,0,caption,1,1,phobert-base,1,123,facebook,test,0
false_positive,,True,2715,0,caption,0,0,phobert-base,1,123,facebook,test,0
false_positive,,True,3510,0,caption,0,0,phobert-base,1,123,threads,test,0
correct_prediction,,True,5575,0,caption,1,1,phobert-base,1,123,threads,test,0
correct_prediction,,True,548,0,caption,0,0,phobert-base,0,123,threads,test,0
correct_prediction,,True,427,0,caption,0,0,phobert-base,0,123,threads,test,0
correct_prediction,,True,5880,0,caption,0,0,phobert-base,0,123,facebook,test,0
correct_prediction,,False,4651,0,caption,0,0,phobert-base,0,123,threads,test,0
correct_prediction,,True,3635,0,caption,0,0,phobert-base,0,123,threads,test,0
correct_prediction,,True,1325,1,caption,1,1,phobert-base,1,123,threads,test,0
correct_prediction,,False,4510,0,caption,0,0,phobert-base,0,123,threads,test,0
false_positive,,True,5245,0,caption,0,0,phobert-base,1,123,threads,test,0
correct_prediction,,False,2629,0,caption,1,1,phobert-base,1,123,facebook,test,0
correct_prediction,,True,5061,0,caption,0,0,phobert-base,0,123,threads,test,0
correct_prediction,,True,2280,1,caption,1,1,phobert-base,1,123,facebook,test,0
correct_prediction,,False,6615,1,caption,1,1,phobert-base,1,123,facebook,test,1
correct_prediction,,True,3850,0,caption,0,0,phobert-base,0,123,threads,test,0
correct_prediction,,False,3533,0,caption,0,0,phobert-base,0,123,threads,test,0
false_positive,,True,7009,0,caption,0,0,phobert-base,1,123,facebook,test,0
false_positive,,True,5548,0,caption,0,0,phobert-base,1,123,threads,test,0
false_positive,,True,2215,0,caption,0,0,phobert-base,1,123,facebook,test,0
false_positive,,True,2229,0,caption,0,0,phobert-base,1,123,facebook,test,0
correct_prediction,,False,5999,0,caption,1,1,phobert-base,1,123,facebook,test,1
correct_prediction,,True,2947,0,caption,1,1,phobert-base,1,123,facebook,test,0
correct_prediction,,True,4088,0,caption,0,0,phobert-base,0,123,threads,test,0
correct_prediction,,False,1574,0,caption,0,0,phobert-base,0,123,threads,test,0
correct_prediction,,False,2713,0,caption,1,1,phobert-base,1,123,facebook,test,0
correct_prediction,,True,3881,0,caption,0,0,phobert-base,0,123,threads,test,0
correct_prediction,,True,1734,0,caption,0,0,phobert-base,0,123,threads,test,0
false_positive,,True,6961,0,caption,0,0,phobert-base,1,123,facebook,test,0
false_positive,,True,4575,0,caption,0,0,phobert-base,1,123,threads,test,0
correct_prediction,,True,1417,0,caption,0,0,phobert-base,0,123,threads,test,0
false_positive,,True,3267,0,caption,0,0,phobert-base,1,123,threads,test,0
correct_prediction,,False,1298,0,caption,0,0,phobert-base,0,123,threads,test,0
correct_prediction,,True,7214,0,caption,1,1,phobert-base,1,123,facebook,test,0
correct_prediction,,False,5140,0,caption,0,0,phobert-base,0,123,threads,test,0
false_positive,,True,7215,0,caption,0,0,phobert-base,1,123,facebook,test,0
correct_prediction,,True,619,0,caption,1,1,phobert-base,1,123,threads,test,0
correct_prediction,,True,2544,1,caption,1,1,phobert-base,1,123,facebook,test,0
correct_prediction,,True,2894,0,caption,1,1,phobert-base,1,123,facebook,test,0
correct_prediction,,True,668,0,caption,0,0,phobert-base,0,123,threads,test,0
error_001,,True,308,0,caption,1,1,phobert-base,0,123,threads,test,0
correct_prediction,,True,2727,1,caption,1,1,phobert-base,1,123,facebook,test,0
correct_prediction,,False,1107,0,caption,0,0,phobert-base,0,123,threads,test,1
false_positive,,False,834,0,caption,0,0,phobert-base,1,123,threads,test,0
correct_prediction,,True,30,0,caption,0,0,phobert-base,0,123,threads,test,0
false_positive,,True,2564,0,caption,0,0,phobert-base,1,123,facebook,test,0
correct_prediction,,False,3673,0,caption,0,0,phobert-base,0,123,threads,test,0
false_positive,,True,2048,0,caption,0,0,phobert-base,1,123,facebook,test,0
correct_prediction,,True,2303,0,caption,0,0,phobert-base,0,123,facebook,test,0
correct_prediction,,True,4498,0,caption,0,0,phobert-base,0,123,threads,test,0
correct_prediction,,False,5995,0,caption,1,1,phobert-base,1,123,facebook,test,0
correct_prediction,,True,1464,0,caption,0,0,phobert-base,0,123,threads,test,0
correct_prediction,,False,2831,0,caption,1,1,phobert-base,1,123,facebook,test,1
correct_prediction,,True,147,0,caption,0,0,phobert-base,0,123,threads,test,0
correct_prediction,,True,6310,1,caption,1,1,phobert-base,1,123,facebook,test,0
correct_prediction,,True,7328,0,caption,1,1,phobert-base,1,123,facebook,test,0
false_positive,,False,2818,0,caption,0,0,phobert-base,1,123,facebook,test,0
false_positive,,True,5703,0,caption,0,0,phobert-base,1,123,facebook,test,0
correct_prediction,,True,691,0,caption,1,1,phobert-base,1,123,threads,test,1
correct_prediction,,False,817,0,caption,0,0,phobert-base,0,123,threads,test,0
correct_prediction,,False,3622,0,caption,0,0,phobert-base,0,123,threads,test,0
correct_prediction,,False,5024,0,caption,0,0,phobert-base,0,123,threads,test,0
correct_prediction,,False,2203,0,caption,1,1,phobert-base,1,123,facebook,test,0
correct_prediction,,False,6536,0,caption,1,1,phobert-base,1,123,facebook,test,0
correct_prediction,,False,204,0,caption,0,0,phobert-base,0,123,threads,test,1
correct_prediction,,True,491,0,caption,1,1,phobert-base,1,123,threads,test,0
false_positive,,False,1960,0,caption,0,0,phobert-base,1,123,facebook,test,0
correct_prediction,,False,718,0,caption,0,0,phobert-base,0,123,threads,test,0
false_positive,,True,6394,0,caption,0,0,phobert-base,1,123,facebook,test,0
error_001,,False,53,0,caption,1,1,phobert-base,0,123,threads,test,0
false_positive,,False,2787,0,caption,0,0,phobert-base,1,123,facebook,test,0
correct_prediction,,True,5089,0,caption,0,0,phobert-base,0,123,threads,test,0
correct_prediction,,True,2882,0,caption,1,1,phobert-base,1,123,facebook,test,1
false_positive,,True,1789,0,caption,0,0,phobert-base,1,123,threads,test,1
correct_prediction,,False,6978,0,caption,1,1,phobert-base,1,123,facebook,test,0
correct_prediction,,True,6577,0,caption,1,1,phobert-base,1,123,facebook,test,0
correct_prediction,,True,3769,0,caption,0,0,phobert-base,0,123,threads,test,0
correct_prediction,,False,335,0,caption,0,0,phobert-base,0,123,threads,test,0
correct_prediction,,True,5219,0,caption,0,0,phobert-base,0,123,threads,test,0
false_positive,,True,7086,0,caption,0,0,phobert-base,1,123,facebook,test,0
error_001,,True,3896,0,caption,1,1,phobert-base,0,123,threads,test,0
correct_prediction,,False,1930,0,caption,1,1,phobert-base,1,123,facebook,test,1
correct_prediction,,True,2590,0,caption,0,0,phobert-base,0,123,facebook,test,0
false_positive,,True,7049,0,caption,0,0,phobert-base,1,123,facebook,test,0
correct_prediction,,False,2805,0,caption,1,1,phobert-base,1,123,facebook,test,0
correct_prediction,,True,3496,0,caption,0,0,phobert-base,0,123,threads,test,0
correct_prediction,,True,2367,1,caption,1,1,phobert-base,1,123,facebook,test,0
error_001,,True,3746,0,caption,1,1,phobert-base,0,123,threads,test,0
correct_prediction,,True,6337,0,caption,0,0,phobert-base,0,123,facebook,test,0
error_001,,True,4887,0,caption,1,1,phobert-base,0,123,threads,test,0
correct_prediction,,True,2585,1,caption,1,1,phobert-base,1,123,facebook,test,0
correct_prediction,,True,2288,1,caption,1,1,phobert-base,1,123,facebook,test,0
false_positive,,True,2134,0,caption,0,0,phobert-base,1,123,facebook,test,0
correct_prediction,,False,3685,0,caption,0,0,phobert-base,0,123,threads,test,0
correct_prediction,,False,5736,0,caption,1,1,phobert-base,1,123,facebook,test,0
correct_prediction,,True,3225,0,caption,0,0,phobert-base,0,123,threads,test,0
correct_prediction,,False,675,0,caption,1,1,phobert-base,1,123,threads,test,1
correct_prediction,,True,5074,0,caption,0,0,phobert-base,0,123,threads,test,0
correct_prediction,,True,3866,0,caption,0,0,phobert-base,0,123,threads,test,0
correct_prediction,,True,2695,0,caption,1,1,phobert-base,1,123,facebook,test,1
false_positive,,True,3968,0,caption,0,0,phobert-base,1,123,threads,test,0
correct_prediction,,True,6957,1,caption,1,1,phobert-base,1,123,facebook,test,0
correct_prediction,,False,4720,0,caption,0,0,phobert-base,0,123,threads,test,0
correct_prediction,,False,3713,0,caption,0,0,phobert-base,0,123,threads,test,0
correct_prediction,,False,1809,0,caption,0,0,phobert-base,0,123,threads,test,0
correct_prediction,,True,3043,0,caption,1,1,phobert-base,1,123,facebook,test,1
correct_prediction,,False,6942,0,caption,1,1,phobert-base,1,123,facebook,test,1
correct_prediction,,True,3678,0,caption,0,0,phobert-base,0,123,threads,test,0
correct_prediction,,True,7289,1,caption,1,1,phobert-base,1,123,facebook,test,0
false_positive,,False,1974,0,caption,0,0,phobert-base,1,123,facebook,test,0
correct_prediction,,False,4805,0,caption,0,0,phobert-base,0,123,threads,test,0
correct_prediction,,True,3940,0,caption,1,1,phobert-base,1,123,threads,test,1
false_positive,,True,4026,0,caption,0,0,phobert-base,1,123,threads,test,1
false_positive,,True,557,0,caption,0,0,phobert-base,1,123,threads,test,0
correct_prediction,,True,7287,0,caption,1,1,phobert-base,1,123,facebook,test,1
correct_prediction,,True,2187,0,caption,1,1,phobert-base,1,123,facebook,test,0
error_001,,True,1647,0,caption,1,1,phobert-base,0,123,threads,test,0
correct_prediction,,True,6436,0,caption,1,1,phobert-base,1,123,facebook,test,0
correct_prediction,,True,4220,0,caption,0,0,phobert-base,0,123,threads,test,0
false_positive,,False,138,0,caption,0,0,phobert-base,1,123,threads,test,0
correct_prediction,,True,2639,0,caption,1,1,phobert-base,1,123,facebook,test,0
correct_prediction,,False,4705,0,caption,0,0,phobert-base,0,123,threads,test,0
correct_prediction,,True,3475,0,caption,0,0,phobert-base,0,123,threads,test,0
correct_prediction,,True,1056,0,caption,0,0,phobert-base,0,123,threads,test,0
error_001,,True,1453,0,caption,1,1,phobert-base,0,123,threads,test,0
correct_prediction,,True,5220,0,caption,1,1,phobert-base,1,123,threads,test,0
correct_prediction,,False,6847,0,caption,1,1,phobert-base,1,123,facebook,test,0
correct_prediction,,False,3219,0,caption,0,0,phobert-base,0,123,threads,test,0
correct_prediction,,True,1040,0,caption,0,0,phobert-base,0,123,threads,test,0
correct_prediction,,True,1271,0,caption,0,0,phobert-base,0,123,threads,test,0
correct_prediction,,True,2870,0,caption,1,1,phobert-base,1,123,facebook,test,1
false_positive,,True,4764,0,caption,0,0,phobert-base,1,123,threads,test,0
correct_prediction,,False,4635,0,caption,0,0,phobert-base,0,123,threads,test,0
correct_prediction,,True,4713,0,caption,0,0,phobert-base,0,123,threads,test,0
correct_prediction,,True,4718,0,caption,0,0,phobert-base,0,123,threads,test,0
correct_prediction,,True,5865,1,caption,1,1,phobert-base,1,123,facebook,test,0
correct_prediction,,False,5047,0,caption,0,0,phobert-base,0,123,threads,test,0
correct_prediction,,True,2358,0,caption,1,1,phobert-base,1,123,facebook,test,0
correct_prediction,,True,2093,0,caption,0,0,phobert-base,0,123,facebook,test,0
correct_prediction,,False,5077,0,caption,0,0,phobert-base,0,123,threads,test,0
error_001,,False,3731,0,caption,1,1,phobert-base,0,123,threads,test,0
correct_prediction,,False,3788,0,caption,0,0,phobert-base,0,123,threads,test,0
correct_prediction,,True,4435,0,caption,0,0,phobert-base,0,123,threads,test,0
false_positive,,True,3079,0,caption,0,0,phobert-base,1,123,facebook,test,0
correct_prediction,,True,5515,0,caption,0,0,phobert-base,0,123,threads,test,0
correct_prediction,,True,5562,0,caption,0,0,phobert-base,0,123,threads,test,0
false_positive,,True,7331,0,caption,0,0,phobert-base,1,123,facebook,test,0
correct_prediction,,False,6680,0,caption,1,1,phobert-base,1,123,facebook,test,0
correct_prediction,,False,7141,0,caption,1,1,phobert-base,1,123,facebook,test,0
false_positive,,True,7295,0,caption,0,0,phobert-base,1,123,facebook,test,0
correct_prediction,,True,7100,0,caption,0,0,phobert-base,0,123,facebook,test,0
correct_prediction,,True,4456,0,caption,0,0,phobert-base,0,123,threads,test,0
false_positive,,False,1369,0,caption,0,0,phobert-base,1,123,threads,test,0
false_positive,,True,3015,0,caption,0,0,phobert-base,1,123,facebook,test,1
correct_prediction,,True,5378,0,caption,0,0,phobert-base,0,123,threads,test,0
correct_prediction,,True,2763,0,caption,0,0,phobert-base,0,123,facebook,test,0
correct_prediction,,False,6360,0,caption,0,0,phobert-base,0,123,facebook,test,0
correct_prediction,,True,3117,0,caption,0,0,phobert-base,0,123,threads,test,0
error_001,,True,6106,0,caption,1,1,phobert-base,0,123,facebook,test,0
correct_prediction,,True,2521,0,caption,1,1,phobert-base,1,123,facebook,test,0
false_positive,,True,990,0,caption,0,0,phobert-base,1,123,threads,test,0
correct_prediction,,False,1503,0,caption,0,0,phobert-base,0,123,threads,test,0
correct_prediction,,True,1490,0,caption,0,0,phobert-base,0,123,threads,test,0
correct_prediction,,False,3623,0,caption,0,0,phobert-base,0,123,threads,test,0
correct_prediction,,True,987,1,caption,1,1,phobert-base,1,123,threads,test,1
correct_prediction,,True,4401,0,caption,0,0,phobert-base,0,123,threads,test,0
correct_prediction,,False,6855,0,caption,1,1,phobert-base,1,123,facebook,test,0
correct_prediction,,True,6049,0,caption,0,0,phobert-base,0,123,facebook,test,0
correct_prediction,,False,812,0,caption,0,0,phobert-base,0,123,threads,test,0
correct_prediction,,False,4267,0,caption,0,0,phobert-base,0,123,threads,test,0
correct_prediction,,True,4197,0,caption,0,0,phobert-base,0,123,threads,test,1
correct_prediction,,True,2296,0,caption,0,0,phobert-base,0,123,facebook,test,0
correct_prediction,,True,6594,0,caption,1,1,phobert-base,1,123,facebook,test,0
false_positive,,True,5139,0,caption,0,0,phobert-base,1,123,threads,test,0
correct_prediction,,True,3289,0,caption,0,0,phobert-base,0,123,threads,test,0
error_001,,True,1624,0,caption,1,1,phobert-base,0,123,threads,test,0
correct_prediction,,False,3952,0,caption,0,0,phobert-base,0,123,threads,test,1
false_positive,,True,6060,0,caption,0,0,phobert-base,1,123,facebook,test,0
error_001,,False,3824,0,caption,1,1,phobert-base,0,123,threads,test,0
correct_prediction,,True,5482,0,caption,0,0,phobert-base,0,123,threads,test,0
correct_prediction,,False,5568,0,caption,0,0,phobert-base,0,123,threads,test,0
false_positive,,True,3913,0,caption,0,0,phobert-base,1,123,threads,test,0
correct_prediction,,True,7004,0,caption,1,1,phobert-base,1,123,facebook,test,0
correct_prediction,,False,6664,0,caption,1,1,phobert-base,1,123,facebook,test,1
false_positive,,False,4871,0,caption,0,0,phobert-base,1,123,threads,test,0
correct_prediction,,True,3960,0,caption,0,0,phobert-base,0,123,threads,test,0
correct_prediction,,False,4500,0,caption,1,1,phobert-base,1,123,threads,test,0
correct_prediction,,True,1688,0,caption,0,0,phobert-base,0,123,threads,test,0
correct_prediction,,False,7092,0,caption,1,1,phobert-base,1,123,facebook,test,0
correct_prediction,,True,3491,0,caption,0,0,phobert-base,0,123,threads,test,0
correct_prediction,,False,5564,0,caption,0,0,phobert-base,0,123,threads,test,0
false_positive,,True,7220,1,caption,0,0,phobert-base,1,123,facebook,test,0
false_positive,,True,6151,0,caption,0,0,phobert-base,1,123,facebook,test,0
correct_prediction,,True,2470,1,caption,1,1,phobert-base,1,123,facebook,test,0
false_positive,,True,1964,0,caption,0,0,phobert-base,1,123,facebook,test,0
correct_prediction,,True,2382,1,caption,1,1,phobert-base,1,123,facebook,test,0
correct_prediction,,True,4272,0,caption,0,0,phobert-base,0,123,threads,test,0
correct_prediction,,False,1867,0,caption,1,1,phobert-base,1,123,facebook,test,0
correct_prediction,,True,5421,0,caption,0,0,phobert-base,0,123,threads,test,0
correct_prediction,,False,1268,0,caption,1,1,phobert-base,1,123,threads,test,1
correct_prediction,,True,4755,0,caption,0,0,phobert-base,0,123,threads,test,0
correct_prediction,,False,6523,0,caption,1,1,phobert-base,1,123,facebook,test,1
false_positive,,False,826,0,caption,0,0,phobert-base,1,123,threads,test,1
false_positive,,True,3167,0,caption,0,0,phobert-base,1,123,threads,test,0
error_001,,False,1463,0,caption,1,1,phobert-base,0,123,threads,test,0
correct_prediction,,False,6823,0,caption,1,1,phobert-base,1,123,facebook,test,0
correct_prediction,,True,4355,0,caption,1,1,phobert-base,1,123,threads,test,0
correct_prediction,,True,1906,0,caption,1,1,phobert-base,1,123,facebook,test,0
correct_prediction,,True,4344,0,caption,0,0,phobert-base,0,123,threads,test,0
error_001,,True,5788,0,caption,1,1,phobert-base,0,123,facebook,test,0
correct_prediction,,True,3159,0,caption,0,0,phobert-base,0,123,threads,test,0
correct_prediction,,True,4902,0,caption,0,0,phobert-base,0,123,threads,test,0
correct_prediction,,True,144,0,caption,1,1,phobert-base,1,123,threads,test,1
false_positive,,True,6761,0,caption,0,0,phobert-base,1,123,facebook,test,1
false_positive,,True,805,0,caption,0,0,phobert-base,1,123,threads,test,0
correct_prediction,,True,7186,0,caption,1,1,phobert-base,1,123,facebook,test,0
correct_prediction,,True,3182,0,caption,0,0,phobert-base,0,123,threads,test,0
correct_prediction,,True,1303,1,caption,1,1,phobert-base,1,123,threads,test,0
correct_prediction,,False,4092,0,caption,0,0,phobert-base,0,123,threads,test,0
correct_prediction,,False,5450,0,caption,0,0,phobert-base,0,123,threads,test,0
correct_prediction,,False,3378,0,caption,0,0,phobert-base,0,123,threads,test,0
correct_prediction,,False,6551,0,caption,1,1,phobert-base,1,123,facebook,test,0
error_001,,True,3487,0,caption,1,1,phobert-base,0,123,threads,test,0
correct_prediction,,True,2049,0,caption,1,1,phobert-base,1,123,facebook,test,0
correct_prediction,,True,3667,0,caption,0,0,phobert-base,0,123,threads,test,0
correct_prediction,,True,7250,0,caption,1,1,phobert-base,1,123,facebook,test,1
correct_prediction,,True,3969,0,caption,0,0,phobert-base,0,123,threads,test,0
correct_prediction,,True,478,0,caption,0,0,phobert-base,0,123,threads,test,1
false_positive,,True,5816,0,caption,0,0,phobert-base,1,123,facebook,test,0
false_positive,,True,1043,0,caption,0,0,phobert-base,1,123,threads,test,0
correct_prediction,,True,6451,1,caption,1,1,phobert-base,1,123,facebook,test,0
correct_prediction,,True,2990,0,caption,0,0,phobert-base,0,123,facebook,test,0
correct_prediction,,False,5193,0,caption,0,0,phobert-base,0,123,threads,test,0
correct_prediction,,True,6509,1,caption,1,1,phobert-base,1,123,facebook,test,0
correct_prediction,,True,7159,0,caption,0,0,phobert-base,0,123,facebook,test,0
correct_prediction,,True,6556,0,caption,0,0,phobert-base,0,123,facebook,test,0
correct_prediction,,False,4752,0,caption,0,0,phobert-base,0,123,threads,test,0
correct_prediction,,True,7277,1,caption,1,1,phobert-base,1,123,facebook,test,0
correct_prediction,,False,6546,0,caption,1,1,phobert-base,1,123,facebook,test,1
correct_prediction,,False,6960,0,caption,1,1,phobert-base,1,123,facebook,test,0
correct_prediction,,False,4514,0,caption,0,0,phobert-base,0,123,threads,test,0
correct_prediction,,False,2739,0,caption,1,1,phobert-base,1,123,facebook,test,1
false_positive,,False,5281,0,caption,0,0,phobert-base,1,123,threads,test,0
false_positive,,False,555,0,caption,0,0,phobert-base,1,123,threads,test,0
correct_prediction,,True,7074,1,caption,1,1,phobert-base,1,123,facebook,test,0
correct_prediction,,False,4038,0,caption,0,0,phobert-base,0,123,threads,test,0
error_001,,False,5054,0,caption,1,1,phobert-base,0,123,threads,test,0
correct_prediction,,True,6051,0,caption,0,0,phobert-base,0,123,facebook,test,0
correct_prediction,,True,6443,0,caption,0,0,phobert-base,0,123,facebook,test,0
correct_prediction,,True,6603,1,caption,1,1,phobert-base,1,123,facebook,test,0
correct_prediction,,False,5760,0,caption,1,1,phobert-base,1,123,facebook,test,0
correct_prediction,,True,2538,1,caption,1,1,phobert-base,1,123,facebook,test,0
false_positive,,True,3665,0,caption,0,0,phobert-base,1,123,threads,test,0
correct_prediction,,True,2529,1,caption,1,1,phobert-base,1,123,facebook,test,0
false_positive,,False,4427,0,caption,0,0,phobert-base,1,123,threads,test,0
correct_prediction,,False,1432,0,caption,1,1,phobert-base,1,123,threads,test,0
correct_prediction,,False,127,0,caption,0,0,phobert-base,0,123,threads,test,0
correct_prediction,,True,2469,1,caption,1,1,phobert-base,1,123,facebook,test,0
correct_prediction,,True,101,0,caption,1,1,phobert-base,1,123,threads,test,1
correct_prediction,,True,4199,0,caption,0,0,phobert-base,0,123,threads,test,0
correct_prediction,,True,6899,1,caption,1,1,phobert-base,1,123,facebook,test,0
correct_prediction,,True,523,0,caption,0,0,phobert-base,0,123,threads,test,0
correct_prediction,,True,4642,0,caption,0,0,phobert-base,0,123,threads,test,0
correct_prediction,,True,3187,0,caption,0,0,phobert-base,0,123,threads,test,0
correct_prediction,,True,1354,0,caption,0,0,phobert-base,0,123,threads,test,0
correct_prediction,,True,383,1,caption,0,0,phobert-base,0,123,threads,test,0
correct_prediction,,True,313,0,caption,0,0,phobert-base,0,123,threads,test,0
correct_prediction,,False,6790,0,caption,1,1,phobert-base,1,123,facebook,test,0
false_positive,,True,5964,0,caption,0,0,phobert-base,1,123,facebook,test,0
error_001,,True,2999,0,caption,1,1,phobert-base,0,123,facebook,test,0
correct_prediction,,False,4614,0,caption,1,1,phobert-base,1,123,threads,test,0
correct_prediction,,False,4360,0,caption,0,0,phobert-base,0,123,threads,test,0
correct_prediction,,False,3994,0,caption,0,0,phobert-base,0,123,threads,test,0
correct_prediction,,True,7254,0,caption,1,1,phobert-base,1,123,facebook,test,0
error_001,,False,3513,0,caption,1,1,phobert-base,0,123,threads,test,0
error_001,,False,1479,0,caption,1,1,phobert-base,0,123,threads,test,0
correct_prediction,,False,4739,0,caption,0,0,phobert-base,0,123,threads,test,0
correct_prediction,,True,5826,1,caption,1,1,phobert-base,1,123,facebook,test,0
error_001,,True,1802,0,caption,1,1,phobert-base,0,123,threads,test,0
correct_prediction,,False,796,0,caption,0,0,phobert-base,0,123,threads,test,0
false_positive,,False,6155,0,caption,0,0,phobert-base,1,123,facebook,test,0
correct_prediction,,True,1808,0,caption,0,0,phobert-base,0,123,threads,test,0
correct_prediction,,True,7291,0,caption,0,0,phobert-base,0,123,facebook,test,0
false_positive,,True,6086,0,caption,0,0,phobert-base,1,123,facebook,test,0
error_001,,False,521,0,caption,1,1,phobert-base,0,123,threads,test,0
correct_prediction,,True,4451,0,caption,0,0,phobert-base,0,123,threads,test,0
correct_prediction,,True,6044,1,caption,1,1,phobert-base,1,123,facebook,test,0
false_positive,,True,644,0,caption,0,0,phobert-base,1,123,threads,test,0
false_positive,,True,4463,0,caption,0,0,phobert-base,1,123,threads,test,0
correct_prediction,,True,3956,0,caption,0,0,phobert-base,0,123,threads,test,0
correct_prediction,,True,1778,0,caption,0,0,phobert-base,0,123,threads,test,0
false_positive,,True,6217,0,caption,0,0,phobert-base,1,123,facebook,test,0
correct_prediction,,True,2426,1,caption,1,1,phobert-base,1,123,facebook,test,0
false_positive,,True,3497,0,caption,0,0,phobert-base,1,123,threads,test,1
correct_prediction,,True,2376,1,caption,1,1,phobert-base,1,123,facebook,test,0
correct_prediction,,False,2057,0,caption,1,1,phobert-base,1,123,facebook,test,0
correct_prediction,,False,2567,0,caption,1,1,phobert-base,1,123,facebook,test,0
correct_prediction,,True,6517,0,caption,1,1,phobert-base,1,123,facebook,test,0
correct_prediction,,False,4432,0,caption,1,1,phobert-base,1,123,threads,test,1
correct_prediction,,True,2622,0,caption,1,1,phobert-base,1,123,facebook,test,0
false_positive,,False,5824,0,caption,0,0,phobert-base,1,123,facebook,test,0
error_001,,False,7239,0,caption,1,1,phobert-base,0,123,facebook,test,0
false_positive,,True,4034,0,caption,0,0,phobert-base,1,123,threads,test,0
correct_prediction,,False,892,0,caption,1,1,phobert-base,1,123,threads,test,0
correct_prediction,,True,502,0,caption,1,1,phobert-base,1,123,threads,test,0
error_001,,True,297,0,caption,1,1,phobert-base,0,123,threads,test,0
correct_prediction,,True,258,0,caption,1,1,phobert-base,1,123,threads,test,0
correct_prediction,,False,4889,0,caption,0,0,phobert-base,0,123,threads,test,0
correct_prediction,,True,1768,0,caption,1,1,phobert-base,1,123,threads,test,1
false_positive,,True,3930,0,caption,0,0,phobert-base,1,123,threads,test,0
correct_prediction,,True,5728,0,caption,1,1,phobert-base,1,123,facebook,test,0
error_001,,True,4675,0,caption,1,1,phobert-base,0,123,threads,test,0
false_positive,,True,6359,0,caption,0,0,phobert-base,1,123,facebook,test,0
false_positive,,True,4492,0,caption,0,0,phobert-base,1,123,threads,test,0
correct_prediction,,False,5272,0,caption,0,0,phobert-base,0,123,threads,test,0
correct_prediction,,False,6574,0,caption,1,1,phobert-base,1,123,facebook,test,0
correct_prediction,,False,6427,0,caption,1,1,phobert-base,1,123,facebook,test,0
false_positive,,True,2327,0,caption,0,0,phobert-base,1,123,facebook,test,0
correct_prediction,,False,5249,0,caption,0,0,phobert-base,0,123,threads,test,0
correct_prediction,,False,5361,0,caption,0,0,phobert-base,0,123,threads,test,0
correct_prediction,,True,2952,0,caption,1,1,phobert-base,1,123,facebook,test,1
correct_prediction,,False,2053,0,caption,1,1,phobert-base,1,123,facebook,test,0
false_positive,,False,1020,0,caption,0,0,phobert-base,1,123,threads,test,0
false_positive,,True,1604,0,caption,0,0,phobert-base,1,123,threads,test,0
correct_prediction,,True,2832,0,caption,0,0,phobert-base,0,123,facebook,test,1
correct_prediction,,True,5579,0,caption,0,0,phobert-base,0,123,threads,test,0
false_positive,,False,1977,0,caption,0,0,phobert-base,1,123,facebook,test,0
correct_prediction,,True,4790,0,caption,0,0,phobert-base,0,123,threads,test,0
correct_prediction,,True,2839,0,caption,1,1,phobert-base,1,123,facebook,test,0
correct_prediction,,False,4604,0,caption,0,0,phobert-base,0,123,threads,test,0
correct_prediction,,True,490,0,caption,0,0,phobert-base,0,123,threads,test,0
correct_prediction,,False,4900,0,caption,0,0,phobert-base,0,123,threads,test,0
correct_prediction,,False,1206,0,caption,0,0,phobert-base,0,123,threads,test,0
correct_prediction,,False,6919,0,caption,1,1,phobert-base,1,123,facebook,test,0
correct_prediction,,False,5013,0,caption,0,0,phobert-base,0,123,threads,test,0
correct_prediction,,False,530,0,caption,1,1,phobert-base,1,123,threads,test,1
correct_prediction,,True,7127,0,caption,0,0,phobert-base,0,123,facebook,test,0
correct_prediction,,True,5130,0,caption,0,0,phobert-base,0,123,threads,test,0
correct_prediction,,True,6450,0,caption,0,0,phobert-base,0,123,facebook,test,0
correct_prediction,,True,3230,0,caption,0,0,phobert-base,0,123,threads,test,0
correct_prediction,,True,4827,0,caption,0,0,phobert-base,0,123,threads,test,0
correct_prediction,,True,1022,0,caption,0,0,phobert-base,0,123,threads,test,0
correct_prediction,,False,5302,0,caption,0,0,phobert-base,0,123,threads,test,0
false_positive,,True,3645,0,caption,0,0,phobert-base,1,123,threads,test,0
correct_prediction,,True,1037,0,caption,0,0,phobert-base,0,123,threads,test,1
correct_prediction,,True,6000,0,caption,1,1,phobert-base,1,123,facebook,test,0
correct_prediction,,True,3179,0,caption,0,0,phobert-base,0,123,threads,test,0
correct_prediction,,True,4101,1,caption,1,1,phobert-base,1,123,threads,test,0
error_001,,True,618,0,caption,1,1,phobert-base,0,123,threads,test,0
correct_prediction,,True,1671,0,caption,1,1,phobert-base,1,123,threads,test,1
false_positive,,True,4369,0,caption,0,0,phobert-base,1,123,threads,test,0
correct_prediction,,True,2428,0,caption,0,0,phobert-base,0,123,facebook,test,0
correct_prediction,,True,4304,0,caption,0,0,phobert-base,0,123,threads,test,0
correct_prediction,,True,2113,0,caption,1,1,phobert-base,1,123,facebook,test,0
correct_prediction,,False,2724,0,caption,1,1,phobert-base,1,123,facebook,test,1
correct_prediction,,False,5930,0,caption,1,1,phobert-base,1,123,facebook,test,0
correct_prediction,,False,5205,0,caption,0,0,phobert-base,0,123,threads,test,0
correct_prediction,,True,411,0,caption,1,1,phobert-base,1,123,threads,test,1
correct_prediction,,False,743,0,caption,0,0,phobert-base,0,123,threads,test,0
correct_prediction,,True,2558,1,caption,1,1,phobert-base,1,123,facebook,test,0
correct_prediction,,False,426,0,caption,0,0,phobert-base,0,123,threads,test,0
correct_prediction,,True,7221,0,caption,1,1,phobert-base,1,123,facebook,test,0
correct_prediction,,True,4744,0,caption,0,0,phobert-base,0,123,threads,test,0
correct_prediction,,True,7014,1,caption,1,1,phobert-base,1,123,facebook,test,0
error_001,,True,6677,0,caption,1,1,phobert-base,0,123,facebook,test,0
correct_prediction,,False,5282,0,caption,0,0,phobert-base,0,123,threads,test,0
correct_prediction,,True,6037,1,caption,1,1,phobert-base,1,123,facebook,test,0
correct_prediction,,True,4241,0,caption,0,0,phobert-base,0,123,threads,test,0
false_positive,,False,16,0,caption,0,0,phobert-base,1,123,threads,test,0
correct_prediction,,True,256,0,caption,0,0,phobert-base,0,123,threads,test,1
correct_prediction,,True,6856,1,caption,0,0,phobert-base,0,123,facebook,test,0
correct_prediction,,True,4132,0,caption,0,0,phobert-base,0,123,threads,test,0
false_positive,,True,3518,0,caption,0,0,phobert-base,1,123,threads,test,0
correct_prediction,,False,1348,0,caption,0,0,phobert-base,0,123,threads,test,0
correct_prediction,,True,4057,0,caption,0,0,phobert-base,0,123,threads,test,0
correct_prediction,,False,2729,0,caption,1,1,phobert-base,1,123,facebook,test,0
correct_prediction,,True,3110,0,caption,0,0,phobert-base,0,123,threads,test,0
correct_prediction,,False,1217,0,caption,0,0,phobert-base,0,123,threads,test,0
correct_prediction,,False,5119,0,caption,0,0,phobert-base,0,123,threads,test,0
false_positive,,True,4123,0,caption,0,0,phobert-base,1,123,threads,test,0
correct_prediction,,True,3371,0,caption,0,0,phobert-base,0,123,threads,test,0
correct_prediction,,False,4607,0,caption,0,0,phobert-base,0,123,threads,test,0
correct_prediction,,True,6410,0,caption,1,1,phobert-base,1,123,facebook,test,0
correct_prediction,,True,2435,1,caption,0,0,phobert-base,0,123,facebook,test,0
correct_prediction,,True,5547,0,caption,0,0,phobert-base,0,123,threads,test,0
correct_prediction,,True,1901,0,caption,1,1,phobert-base,1,123,facebook,test,1
error_001,,True,4258,0,caption,1,1,phobert-base,0,123,threads,test,0
correct_prediction,,True,6271,0,caption,1,1,phobert-base,1,123,facebook,test,1
correct_prediction,,True,6067,0,caption,0,0,phobert-base,0,123,facebook,test,0
correct_prediction,,True,406,0,caption,0,0,phobert-base,0,123,threads,test,0
error_001,,True,3143,0,caption,1,1,phobert-base,0,123,threads,test,0
correct_prediction,,True,2992,0,caption,0,0,phobert-base,0,123,facebook,test,1
correct_prediction,,False,2792,0,caption,1,1,phobert-base,1,123,facebook,test,0
false_positive,,True,4507,0,caption,0,0,phobert-base,1,123,threads,test,0
error_001,,True,2308,0,caption,1,1,phobert-base,0,123,facebook,test,0
correct_prediction,,False,774,0,caption,1,1,phobert-base,1,123,threads,test,1
correct_prediction,,True,1248,0,caption,0,0,phobert-base,0,123,threads,test,0
correct_prediction,,True,5925,0,caption,1,1,phobert-base,1,123,facebook,test,0
correct_prediction,,True,1397,0,caption,0,0,phobert-base,0,123,threads,test,0
correct_prediction,,False,4052,0,caption,0,0,phobert-base,0,123,threads,test,0
false_positive,,False,665,0,caption,0,0,phobert-base,1,123,threads,test,0
correct_prediction,,True,462,0,caption,0,0,phobert-base,0,123,threads,test,0
correct_prediction,,True,2337,1,caption,1,1,phobert-base,1,123,facebook,test,0
correct_prediction,,True,3260,0,caption,1,1,phobert-base,1,123,threads,test,0
correct_prediction,,False,5255,0,caption,0,0,phobert-base,0,123,threads,test,0
false_positive,,False,3503,0,caption,0,0,phobert-base,1,123,threads,test,0
correct_prediction,,False,2054,0,caption,1,1,phobert-base,1,123,facebook,test,1
error_001,,False,3209,0,caption,1,1,phobert-base,0,123,threads,test,0
correct_prediction,,False,3099,0,caption,0,0,phobert-base,0,123,facebook,test,1
false_positive,,True,7058,0,caption,0,0,phobert-base,1,123,facebook,test,0
correct_prediction,,True,6116,1,caption,1,1,phobert-base,1,123,facebook,test,0
correct_prediction,,False,4698,0,caption,0,0,phobert-base,0,123,threads,test,0
correct_prediction,,True,1079,0,caption,0,0,phobert-base,0,123,threads,test,0
correct_prediction,,True,4362,1,caption,1,1,phobert-base,1,123,threads,test,0
correct_prediction,,True,2338,1,caption,0,0,phobert-base,0,123,facebook,test,0
correct_prediction,,True,7314,0,caption,1,1,phobert-base,1,123,facebook,test,1
correct_prediction,,False,629,0,caption,0,0,phobert-base,0,123,threads,test,0
error_001,,True,3883,0,caption,1,1,phobert-base,0,123,threads,test,0
correct_prediction,,True,5786,0,caption,0,0,phobert-base,0,123,facebook,test,0
correct_prediction,,False,3119,0,caption,0,0,phobert-base,0,123,threads,test,0
correct_prediction,,False,5894,0,caption,1,1,phobert-base,1,123,facebook,test,0
correct_prediction,,True,5084,0,caption,0,0,phobert-base,0,123,threads,test,0
correct_prediction,,False,5343,0,caption,0,0,phobert-base,0,123,threads,test,0
correct_prediction,,False,4324,0,caption,0,0,phobert-base,0,123,threads,test,0
false_positive,,False,2006,0,caption,0,0,phobert-base,1,123,facebook,test,0
correct_prediction,,False,228,0,caption,1,1,phobert-base,1,123,threads,test,1
correct_prediction,,True,5661,0,caption,0,0,phobert-base,0,123,threads,test,0
correct_prediction,,True,5640,0,caption,0,0,phobert-base,0,123,threads,test,0
correct_prediction,,True,5765,0,caption,1,1,phobert-base,1,123,facebook,test,0
false_positive,,True,5803,0,caption,0,0,phobert-base,1,2026,facebook,test,0
correct_prediction,,False,723,0,caption,1,1,phobert-base,1,2026,threads,test,1
false_positive,,True,5990,0,caption,0,0,phobert-base,1,2026,facebook,test,0
correct_prediction,,True,1024,0,caption,0,0,phobert-base,0,2026,threads,test,0
false_positive,,True,1075,0,caption,0,0,phobert-base,1,2026,threads,test,0
false_positive,,True,4170,0,caption,0,0,phobert-base,1,2026,threads,test,0
correct_prediction,,True,599,0,caption,0,0,phobert-base,0,2026,threads,test,0
correct_prediction,,False,371,0,caption,0,0,phobert-base,0,2026,threads,test,0
false_positive,,False,5811,0,caption,0,0,phobert-base,1,2026,facebook,test,0
false_positive,,True,5986,0,caption,0,0,phobert-base,1,2026,facebook,test,0
correct_prediction,,True,6456,1,caption,1,1,phobert-base,1,2026,facebook,test,1
correct_prediction,,True,6826,0,caption,1,1,phobert-base,1,2026,facebook,test,0
false_positive,,False,859,0,caption,0,0,phobert-base,1,2026,threads,test,0
correct_prediction,,False,6562,0,caption,1,1,phobert-base,1,2026,facebook,test,0
correct_prediction,,True,2399,1,caption,1,1,phobert-base,1,2026,facebook,test,0
correct_prediction,,False,6505,0,caption,1,1,phobert-base,1,2026,facebook,test,0
correct_prediction,,True,7292,0,caption,1,1,phobert-base,1,2026,facebook,test,0
correct_prediction,,True,6818,1,caption,1,1,phobert-base,1,2026,facebook,test,0
correct_prediction,,False,4909,0,caption,0,0,phobert-base,0,2026,threads,test,0
correct_prediction,,False,4190,0,caption,0,0,phobert-base,0,2026,threads,test,0
false_positive,,True,6100,0,caption,0,0,phobert-base,1,2026,facebook,test,0
correct_prediction,,True,5033,0,caption,0,0,phobert-base,0,2026,threads,test,0
correct_prediction,,True,5608,0,caption,1,1,phobert-base,1,2026,threads,test,0
correct_prediction,,False,4177,0,caption,0,0,phobert-base,0,2026,threads,test,0
false_positive,,True,3845,0,caption,0,0,phobert-base,1,2026,threads,test,0
correct_prediction,,False,2129,0,caption,1,1,phobert-base,1,2026,facebook,test,0
correct_prediction,,False,540,0,caption,1,1,phobert-base,1,2026,threads,test,1
correct_prediction,,True,5000,0,caption,1,1,phobert-base,1,2026,threads,test,1
correct_prediction,,True,3054,0,caption,0,0,phobert-base,0,2026,facebook,test,0
correct_prediction,,True,3867,0,caption,0,0,phobert-base,0,2026,threads,test,0
correct_prediction,,False,4031,0,caption,0,0,phobert-base,0,2026,threads,test,0
correct_prediction,,True,1767,1,caption,0,0,phobert-base,0,2026,threads,test,0
correct_prediction,,True,1598,0,caption,1,1,phobert-base,1,2026,threads,test,0
correct_prediction,,False,850,0,caption,0,0,phobert-base,0,2026,threads,test,0
error_001,,True,5978,0,caption,1,1,phobert-base,0,2026,facebook,test,0
correct_prediction,,True,3709,0,caption,0,0,phobert-base,0,2026,threads,test,0
correct_prediction,,True,5963,1,caption,1,1,phobert-base,1,2026,facebook,test,0
correct_prediction,,True,5782,1,caption,1,1,phobert-base,1,2026,facebook,test,0
correct_prediction,,True,4722,0,caption,0,0,phobert-base,0,2026,threads,test,0
correct_prediction,,True,1801,0,caption,1,1,phobert-base,1,2026,threads,test,0
correct_prediction,,False,2768,0,caption,1,1,phobert-base,1,2026,facebook,test,0
correct_prediction,,False,5737,0,caption,1,1,phobert-base,1,2026,facebook,test,0
correct_prediction,,False,1824,0,caption,1,1,phobert-base,1,2026,threads,test,0
error_001,,True,2321,0,caption,1,1,phobert-base,0,2026,facebook,test,0
correct_prediction,,True,6447,1,caption,1,1,phobert-base,1,2026,facebook,test,0
correct_prediction,,False,2851,0,caption,1,1,phobert-base,1,2026,facebook,test,1
correct_prediction,,True,255,0,caption,0,0,phobert-base,0,2026,threads,test,0
correct_prediction,,True,1103,0,caption,0,0,phobert-base,0,2026,threads,test,0
correct_prediction,,True,4004,0,caption,1,1,phobert-base,1,2026,threads,test,0
correct_prediction,,False,1591,0,caption,0,0,phobert-base,0,2026,threads,test,0
false_positive,,False,2861,0,caption,0,0,phobert-base,1,2026,facebook,test,0
error_001,,True,797,0,caption,1,1,phobert-base,0,2026,threads,test,0
correct_prediction,,True,2913,0,caption,1,1,phobert-base,1,2026,facebook,test,1
correct_prediction,,False,7007,0,caption,1,1,phobert-base,1,2026,facebook,test,0
correct_prediction,,True,2333,1,caption,1,1,phobert-base,1,2026,facebook,test,0
false_positive,,True,1448,0,caption,0,0,phobert-base,1,2026,threads,test,1
correct_prediction,,True,993,0,caption,0,0,phobert-base,0,2026,threads,test,0
correct_prediction,,False,1978,0,caption,1,1,phobert-base,1,2026,facebook,test,0
correct_prediction,,False,5035,0,caption,0,0,phobert-base,0,2026,threads,test,0
correct_prediction,,False,4647,0,caption,0,0,phobert-base,0,2026,threads,test,0
false_positive,,False,4922,0,caption,0,0,phobert-base,1,2026,threads,test,0
false_positive,,False,525,0,caption,0,0,phobert-base,1,2026,threads,test,0
correct_prediction,,True,3878,0,caption,0,0,phobert-base,0,2026,threads,test,0
correct_prediction,,False,1254,0,caption,1,1,phobert-base,1,2026,threads,test,1
false_positive,,True,2139,0,caption,0,0,phobert-base,1,2026,facebook,test,0
correct_prediction,,True,314,0,caption,0,0,phobert-base,0,2026,threads,test,0
false_positive,,True,2482,1,caption,0,0,phobert-base,1,2026,facebook,test,0
false_positive,,False,5580,0,caption,0,0,phobert-base,1,2026,threads,test,0
correct_prediction,,True,196,0,caption,0,0,phobert-base,0,2026,threads,test,0
correct_prediction,,True,6755,1,caption,1,1,phobert-base,1,2026,facebook,test,0
correct_prediction,,False,6488,0,caption,1,1,phobert-base,1,2026,facebook,test,1
correct_prediction,,True,5335,0,caption,0,0,phobert-base,0,2026,threads,test,0
false_positive,,True,592,0,caption,0,0,phobert-base,1,2026,threads,test,0
false_positive,,True,6168,0,caption,0,0,phobert-base,1,2026,facebook,test,0
correct_prediction,,False,5293,0,caption,0,0,phobert-base,0,2026,threads,test,0
correct_prediction,,True,423,0,caption,0,0,phobert-base,0,2026,threads,test,0
false_positive,,True,6189,0,caption,0,0,phobert-base,1,2026,facebook,test,0
correct_prediction,,True,1155,0,caption,0,0,phobert-base,0,2026,threads,test,0
correct_prediction,,False,5197,0,caption,0,0,phobert-base,0,2026,threads,test,0
correct_prediction,,False,779,0,caption,1,1,phobert-base,1,2026,threads,test,1
correct_prediction,,True,464,0,caption,0,0,phobert-base,0,2026,threads,test,0
correct_prediction,,True,6645,1,caption,1,1,phobert-base,1,2026,facebook,test,0
false_positive,,False,3992,0,caption,0,0,phobert-base,1,2026,threads,test,0
correct_prediction,,True,2916,0,caption,1,1,phobert-base,1,2026,facebook,test,0
correct_prediction,,True,1234,0,caption,1,1,phobert-base,1,2026,threads,test,1
correct_prediction,,True,6098,0,caption,1,1,phobert-base,1,2026,facebook,test,0
false_positive,,False,735,0,caption,0,0,phobert-base,1,2026,threads,test,0
correct_prediction,,True,1841,0,caption,1,1,phobert-base,1,2026,threads,test,1
correct_prediction,,True,134,1,caption,0,0,phobert-base,0,2026,threads,test,0
correct_prediction,,False,6907,0,caption,1,1,phobert-base,1,2026,facebook,test,1
false_positive,,True,793,0,caption,0,0,phobert-base,1,2026,threads,test,0
error_001,,False,4475,0,caption,1,1,phobert-base,0,2026,threads,test,0
correct_prediction,,True,4403,0,caption,0,0,phobert-base,0,2026,threads,test,0
correct_prediction,,True,6491,1,caption,1,1,phobert-base,1,2026,facebook,test,1
false_positive,,True,533,0,caption,0,0,phobert-base,1,2026,threads,test,1
correct_prediction,,False,6861,0,caption,1,1,phobert-base,1,2026,facebook,test,0
correct_prediction,,True,4136,0,caption,0,0,phobert-base,0,2026,threads,test,0
correct_prediction,,True,6962,0,caption,1,1,phobert-base,1,2026,facebook,test,0
correct_prediction,,True,1716,0,caption,1,1,phobert-base,1,2026,threads,test,0
correct_prediction,,True,6983,0,caption,1,1,phobert-base,1,2026,facebook,test,0
correct_prediction,,True,3705,0,caption,0,0,phobert-base,0,2026,threads,test,0
correct_prediction,,True,3887,0,caption,0,0,phobert-base,0,2026,threads,test,0
correct_prediction,,True,4269,0,caption,0,0,phobert-base,0,2026,threads,test,0
correct_prediction,,True,860,0,caption,0,0,phobert-base,0,2026,threads,test,0
correct_prediction,,True,2042,0,caption,1,1,phobert-base,1,2026,facebook,test,0
correct_prediction,,True,5835,0,caption,1,1,phobert-base,1,2026,facebook,test,0
false_positive,,False,1953,0,caption,0,0,phobert-base,1,2026,facebook,test,0
correct_prediction,,False,6414,0,caption,1,1,phobert-base,1,2026,facebook,test,0
correct_prediction,,False,6537,0,caption,1,1,phobert-base,1,2026,facebook,test,0
false_positive,,False,5825,0,caption,0,0,phobert-base,1,2026,facebook,test,0
false_positive,,True,2096,0,caption,0,0,phobert-base,1,2026,facebook,test,1
false_positive,,True,2627,0,caption,0,0,phobert-base,1,2026,facebook,test,0
false_positive,,False,2757,0,caption,0,0,phobert-base,1,2026,facebook,test,0
correct_prediction,,True,1684,0,caption,0,0,phobert-base,0,2026,threads,test,0
correct_prediction,,True,2005,0,caption,1,1,phobert-base,1,2026,facebook,test,0
correct_prediction,,True,5927,0,caption,1,1,phobert-base,1,2026,facebook,test,1
correct_prediction,,True,5014,0,caption,0,0,phobert-base,0,2026,threads,test,0
correct_prediction,,True,4892,0,caption,0,0,phobert-base,0,2026,threads,test,0
correct_prediction,,False,5589,0,caption,0,0,phobert-base,0,2026,threads,test,0
correct_prediction,,True,2206,0,caption,0,0,phobert-base,0,2026,facebook,test,1
correct_prediction,,False,5202,0,caption,0,0,phobert-base,0,2026,threads,test,0
correct_prediction,,False,2656,1,caption,1,1,phobert-base,1,2026,facebook,test,1
correct_prediction,,True,1329,0,caption,0,0,phobert-base,0,2026,threads,test,1
correct_prediction,,True,613,1,caption,1,1,phobert-base,1,2026,threads,test,1
error_001,,True,47,0,caption,1,1,phobert-base,0,2026,threads,test,0
correct_prediction,,True,6746,1,caption,1,1,phobert-base,1,2026,facebook,test,0
correct_prediction,,False,3398,0,caption,1,1,phobert-base,1,2026,threads,test,0
false_positive,,False,3695,0,caption,0,0,phobert-base,1,2026,threads,test,0
correct_prediction,,True,3365,0,caption,0,0,phobert-base,0,2026,threads,test,1
correct_prediction,,True,513,0,caption,0,0,phobert-base,0,2026,threads,test,0
false_positive,,False,7022,0,caption,0,0,phobert-base,1,2026,facebook,test,0
correct_prediction,,True,2459,0,caption,0,0,phobert-base,0,2026,facebook,test,0
correct_prediction,,True,1813,0,caption,1,1,phobert-base,1,2026,threads,test,0
correct_prediction,,True,1761,0,caption,0,0,phobert-base,0,2026,threads,test,0
correct_prediction,,False,800,0,caption,0,0,phobert-base,0,2026,threads,test,0
false_positive,,True,107,0,caption,0,0,phobert-base,1,2026,threads,test,1
correct_prediction,,True,980,0,caption,0,0,phobert-base,0,2026,threads,test,0
false_positive,,False,4819,0,caption,0,0,phobert-base,1,2026,threads,test,0
correct_prediction,,True,4321,0,caption,0,0,phobert-base,0,2026,threads,test,0
error_001,,True,1126,0,caption,1,1,phobert-base,0,2026,threads,test,0
correct_prediction,,True,1570,0,caption,0,0,phobert-base,0,2026,threads,test,0
false_positive,,True,2368,1,caption,0,0,phobert-base,1,2026,facebook,test,0
correct_prediction,,True,4037,0,caption,0,0,phobert-base,0,2026,threads,test,0
correct_prediction,,True,1863,1,caption,1,1,phobert-base,1,2026,facebook,test,0
correct_prediction,,True,1635,0,caption,0,0,phobert-base,0,2026,threads,test,0
correct_prediction,,True,1027,1,caption,1,1,phobert-base,1,2026,threads,test,0
correct_prediction,,False,6894,0,caption,1,1,phobert-base,1,2026,facebook,test,0
correct_prediction,,False,5474,0,caption,0,0,phobert-base,0,2026,threads,test,0
false_positive,,True,1791,0,caption,0,0,phobert-base,1,2026,threads,test,1
correct_prediction,,False,6547,0,caption,1,1,phobert-base,1,2026,facebook,test,1
correct_prediction,,True,7209,0,caption,1,1,phobert-base,1,2026,facebook,test,0
correct_prediction,,True,5072,0,caption,0,0,phobert-base,0,2026,threads,test,0
correct_prediction,,True,7123,0,caption,0,0,phobert-base,0,2026,facebook,test,0
correct_prediction,,True,2233,1,caption,0,0,phobert-base,0,2026,facebook,test,0
correct_prediction,,False,2015,0,caption,1,1,phobert-base,1,2026,facebook,test,0
error_001,,False,6784,0,caption,1,1,phobert-base,0,2026,facebook,test,0
correct_prediction,,True,403,0,caption,0,0,phobert-base,0,2026,threads,test,0
false_positive,,True,6090,0,caption,0,0,phobert-base,1,2026,facebook,test,0
correct_prediction,,False,677,0,caption,0,0,phobert-base,0,2026,threads,test,0
correct_prediction,,True,6493,0,caption,1,1,phobert-base,1,2026,facebook,test,0
correct_prediction,,False,5495,0,caption,0,0,phobert-base,0,2026,threads,test,0
correct_prediction,,True,5802,0,caption,1,1,phobert-base,1,2026,facebook,test,0
correct_prediction,,True,6800,0,caption,1,1,phobert-base,1,2026,facebook,test,0
correct_prediction,,False,3949,0,caption,0,0,phobert-base,0,2026,threads,test,0
error_001,,True,2320,0,caption,1,1,phobert-base,0,2026,facebook,test,0
correct_prediction,,False,3805,0,caption,0,0,phobert-base,0,2026,threads,test,0
false_positive,,True,6404,0,caption,0,0,phobert-base,1,2026,facebook,test,0
correct_prediction,,False,4036,0,caption,0,0,phobert-base,0,2026,threads,test,0
correct_prediction,,True,2397,1,caption,1,1,phobert-base,1,2026,facebook,test,0
correct_prediction,,True,3609,0,caption,0,0,phobert-base,0,2026,threads,test,0
correct_prediction,,False,4950,0,caption,0,0,phobert-base,0,2026,threads,test,0
correct_prediction,,False,6884,0,caption,1,1,phobert-base,1,2026,facebook,test,1
correct_prediction,,False,7228,0,caption,1,1,phobert-base,1,2026,facebook,test,0
correct_prediction,,False,4770,0,caption,0,0,phobert-base,0,2026,threads,test,0
correct_prediction,,True,2744,0,caption,1,1,phobert-base,1,2026,facebook,test,0
correct_prediction,,True,4924,0,caption,0,0,phobert-base,0,2026,threads,test,0
correct_prediction,,True,3104,0,caption,1,1,phobert-base,1,2026,threads,test,1
false_positive,,True,5906,0,caption,0,0,phobert-base,1,2026,facebook,test,0
correct_prediction,,True,6375,0,caption,0,0,phobert-base,0,2026,facebook,test,0
correct_prediction,,True,2438,0,caption,1,1,phobert-base,1,2026,facebook,test,0
correct_prediction,,True,7181,0,caption,1,1,phobert-base,1,2026,facebook,test,1
error_001,,False,4611,0,caption,1,1,phobert-base,0,2026,threads,test,0
error_001,,True,3164,0,caption,1,1,phobert-base,0,2026,threads,test,0
correct_prediction,,True,2929,0,caption,1,1,phobert-base,1,2026,facebook,test,0
correct_prediction,,False,6564,0,caption,1,1,phobert-base,1,2026,facebook,test,0
correct_prediction,,True,3857,0,caption,0,0,phobert-base,0,2026,threads,test,0
false_positive,,True,1054,0,caption,0,0,phobert-base,1,2026,threads,test,0
correct_prediction,,False,6734,0,caption,1,1,phobert-base,1,2026,facebook,test,0
correct_prediction,,True,7011,1,caption,1,1,phobert-base,1,2026,facebook,test,0
false_positive,,False,5961,0,caption,0,0,phobert-base,1,2026,facebook,test,0
correct_prediction,,True,4574,0,caption,1,1,phobert-base,1,2026,threads,test,1
false_positive,,True,2064,0,caption,0,0,phobert-base,1,2026,facebook,test,0
correct_prediction,,False,3666,0,caption,0,0,phobert-base,0,2026,threads,test,0
correct_prediction,,True,3040,0,caption,1,1,phobert-base,1,2026,facebook,test,1
error_001,,False,1392,0,caption,1,1,phobert-base,0,2026,threads,test,0
false_positive,,True,3125,0,caption,0,0,phobert-base,1,2026,threads,test,0
correct_prediction,,True,5288,0,caption,0,0,phobert-base,0,2026,threads,test,0
correct_prediction,,False,6679,0,caption,1,1,phobert-base,1,2026,facebook,test,1
correct_prediction,,False,591,0,caption,1,1,phobert-base,1,2026,threads,test,0
correct_prediction,,False,6634,0,caption,1,1,phobert-base,1,2026,facebook,test,0
correct_prediction,,True,1280,1,caption,1,1,phobert-base,1,2026,threads,test,0
correct_prediction,,False,889,0,caption,0,0,phobert-base,0,2026,threads,test,0
correct_prediction,,False,5371,0,caption,0,0,phobert-base,0,2026,threads,test,0
correct_prediction,,True,715,0,caption,0,0,phobert-base,0,2026,threads,test,0
false_positive,,True,2463,0,caption,0,0,phobert-base,1,2026,facebook,test,0
correct_prediction,,True,4461,0,caption,1,1,phobert-base,1,2026,threads,test,0
correct_prediction,,True,4232,0,caption,0,0,phobert-base,0,2026,threads,test,0
correct_prediction,,True,3091,0,caption,1,1,phobert-base,1,2026,facebook,test,1
error_001,,True,3372,0,caption,1,1,phobert-base,0,2026,threads,test,0
correct_prediction,,True,6297,1,caption,1,1,phobert-base,1,2026,facebook,test,0
correct_prediction,,False,4881,0,caption,0,0,phobert-base,0,2026,threads,test,0
correct_prediction,,True,1480,0,caption,0,0,phobert-base,0,2026,threads,test,1
correct_prediction,,True,116,0,caption,1,1,phobert-base,1,2026,threads,test,0
false_positive,,True,6181,0,caption,0,0,phobert-base,1,2026,facebook,test,0
correct_prediction,,False,721,0,caption,0,0,phobert-base,0,2026,threads,test,0
correct_prediction,,False,5590,0,caption,0,0,phobert-base,0,2026,threads,test,0
correct_prediction,,True,5322,0,caption,1,1,phobert-base,1,2026,threads,test,1
false_positive,,False,4504,0,caption,0,0,phobert-base,1,2026,threads,test,0
correct_prediction,,False,1121,0,caption,0,0,phobert-base,0,2026,threads,test,0
correct_prediction,,False,5224,0,caption,0,0,phobert-base,0,2026,threads,test,0
correct_prediction,,True,1623,0,caption,0,0,phobert-base,0,2026,threads,test,0
false_positive,,False,4503,0,caption,0,0,phobert-base,1,2026,threads,test,0
correct_prediction,,True,188,0,caption,0,0,phobert-base,0,2026,threads,test,1
error_001,,True,276,0,caption,1,1,phobert-base,0,2026,threads,test,0
correct_prediction,,False,4625,0,caption,0,0,phobert-base,0,2026,threads,test,0
correct_prediction,,True,4164,0,caption,0,0,phobert-base,0,2026,threads,test,0
error_001,,True,6329,0,caption,1,1,phobert-base,0,2026,facebook,test,0
correct_prediction,,True,4964,0,caption,0,0,phobert-base,0,2026,threads,test,0
correct_prediction,,True,4669,0,caption,0,0,phobert-base,0,2026,threads,test,0
false_positive,,True,4201,0,caption,0,0,phobert-base,1,2026,threads,test,0
correct_prediction,,False,2830,1,caption,1,1,phobert-base,1,2026,facebook,test,1
correct_prediction,,True,1714,0,caption,1,1,phobert-base,1,2026,threads,test,0
correct_prediction,,True,209,0,caption,1,1,phobert-base,1,2026,threads,test,0
error_001,,True,4048,0,caption,1,1,phobert-base,0,2026,threads,test,0
correct_prediction,,True,6968,1,caption,1,1,phobert-base,1,2026,facebook,test,0
correct_prediction,,True,2151,1,caption,1,1,phobert-base,1,2026,facebook,test,0
correct_prediction,,True,5565,0,caption,0,0,phobert-base,0,2026,threads,test,0
correct_prediction,,False,6476,0,caption,1,1,phobert-base,1,2026,facebook,test,0
correct_prediction,,True,5666,0,caption,0,0,phobert-base,0,2026,threads,test,0
correct_prediction,,False,3827,0,caption,0,0,phobert-base,0,2026,threads,test,0
correct_prediction,,False,1207,0,caption,1,1,phobert-base,1,2026,threads,test,0
false_positive,,True,6735,0,caption,0,0,phobert-base,1,2026,facebook,test,0
correct_prediction,,False,2077,0,caption,1,1,phobert-base,1,2026,facebook,test,1
correct_prediction,,True,932,0,caption,0,0,phobert-base,0,2026,threads,test,0
correct_prediction,,True,235,0,caption,0,0,phobert-base,0,2026,threads,test,0
correct_prediction,,False,593,0,caption,0,0,phobert-base,0,2026,threads,test,0
false_positive,,True,2166,0,caption,0,0,phobert-base,1,2026,facebook,test,0
correct_prediction,,True,6353,0,caption,0,0,phobert-base,0,2026,facebook,test,0
correct_prediction,,True,137,0,caption,0,0,phobert-base,0,2026,threads,test,0
false_positive,,False,4545,0,caption,0,0,phobert-base,1,2026,threads,test,0
correct_prediction,,False,4901,0,caption,0,0,phobert-base,0,2026,threads,test,0
correct_prediction,,True,333,0,caption,0,0,phobert-base,0,2026,threads,test,0
correct_prediction,,False,4040,0,caption,0,0,phobert-base,0,2026,threads,test,0
correct_prediction,,True,289,0,caption,0,0,phobert-base,0,2026,threads,test,0
correct_prediction,,True,361,0,caption,0,0,phobert-base,0,2026,threads,test,0
correct_prediction,,True,2216,0,caption,0,0,phobert-base,0,2026,facebook,test,0
correct_prediction,,True,2356,1,caption,1,1,phobert-base,1,2026,facebook,test,0
false_positive,,True,1686,0,caption,0,0,phobert-base,1,2026,threads,test,0
correct_prediction,,False,6644,0,caption,1,1,phobert-base,1,2026,facebook,test,0
false_positive,,True,2715,0,caption,0,0,phobert-base,1,2026,facebook,test,0
correct_prediction,,True,3510,0,caption,0,0,phobert-base,0,2026,threads,test,0
error_001,,True,5575,0,caption,1,1,phobert-base,0,2026,threads,test,0
correct_prediction,,True,548,0,caption,0,0,phobert-base,0,2026,threads,test,0
correct_prediction,,True,427,0,caption,0,0,phobert-base,0,2026,threads,test,0
false_positive,,True,5880,0,caption,0,0,phobert-base,1,2026,facebook,test,0
correct_prediction,,False,4651,0,caption,0,0,phobert-base,0,2026,threads,test,0
correct_prediction,,True,3635,0,caption,0,0,phobert-base,0,2026,threads,test,0
correct_prediction,,True,1325,1,caption,1,1,phobert-base,1,2026,threads,test,0
correct_prediction,,False,4510,0,caption,0,0,phobert-base,0,2026,threads,test,0
false_positive,,True,5245,0,caption,0,0,phobert-base,1,2026,threads,test,0
correct_prediction,,True,5533,0,caption,1,1,phobert-base,1,2026,threads,test,1
correct_prediction,,False,2629,0,caption,1,1,phobert-base,1,2026,facebook,test,0
correct_prediction,,True,5061,0,caption,0,0,phobert-base,0,2026,threads,test,0
correct_prediction,,True,2280,1,caption,1,1,phobert-base,1,2026,facebook,test,0
correct_prediction,,False,6615,1,caption,1,1,phobert-base,1,2026,facebook,test,1
false_positive,,True,3850,0,caption,0,0,phobert-base,1,2026,threads,test,0
correct_prediction,,False,3533,0,caption,0,0,phobert-base,0,2026,threads,test,0
false_positive,,True,7009,0,caption,0,0,phobert-base,1,2026,facebook,test,0
correct_prediction,,True,5548,0,caption,0,0,phobert-base,0,2026,threads,test,0
false_positive,,True,2215,0,caption,0,0,phobert-base,1,2026,facebook,test,0
false_positive,,True,2229,0,caption,0,0,phobert-base,1,2026,facebook,test,0
correct_prediction,,False,5999,0,caption,1,1,phobert-base,1,2026,facebook,test,1
correct_prediction,,True,2947,0,caption,1,1,phobert-base,1,2026,facebook,test,0
correct_prediction,,True,4088,0,caption,0,0,phobert-base,0,2026,threads,test,0
correct_prediction,,False,1574,0,caption,0,0,phobert-base,0,2026,threads,test,0
correct_prediction,,False,2713,0,caption,1,1,phobert-base,1,2026,facebook,test,0
correct_prediction,,True,3881,0,caption,0,0,phobert-base,0,2026,threads,test,0
false_positive,,True,1734,0,caption,0,0,phobert-base,1,2026,threads,test,0
false_positive,,True,6961,0,caption,0,0,phobert-base,1,2026,facebook,test,0
false_positive,,True,4575,0,caption,0,0,phobert-base,1,2026,threads,test,0
correct_prediction,,True,1417,0,caption,0,0,phobert-base,0,2026,threads,test,0
correct_prediction,,True,3267,0,caption,0,0,phobert-base,0,2026,threads,test,0
correct_prediction,,False,1298,0,caption,0,0,phobert-base,0,2026,threads,test,0
correct_prediction,,True,7214,0,caption,1,1,phobert-base,1,2026,facebook,test,0
correct_prediction,,False,5140,0,caption,0,0,phobert-base,0,2026,threads,test,0
correct_prediction,,True,7215,0,caption,0,0,phobert-base,0,2026,facebook,test,0
correct_prediction,,True,619,0,caption,1,1,phobert-base,1,2026,threads,test,0
correct_prediction,,True,2544,1,caption,1,1,phobert-base,1,2026,facebook,test,0
correct_prediction,,True,2894,0,caption,1,1,phobert-base,1,2026,facebook,test,0
correct_prediction,,True,668,0,caption,0,0,phobert-base,0,2026,threads,test,0
error_001,,True,308,0,caption,1,1,phobert-base,0,2026,threads,test,0
correct_prediction,,True,2727,1,caption,1,1,phobert-base,1,2026,facebook,test,0
correct_prediction,,False,1107,0,caption,0,0,phobert-base,0,2026,threads,test,1
false_positive,,False,834,0,caption,0,0,phobert-base,1,2026,threads,test,0
correct_prediction,,True,30,0,caption,0,0,phobert-base,0,2026,threads,test,0
false_positive,,True,2564,0,caption,0,0,phobert-base,1,2026,facebook,test,0
correct_prediction,,False,3673,0,caption,0,0,phobert-base,0,2026,threads,test,0
false_positive,,True,2048,0,caption,0,0,phobert-base,1,2026,facebook,test,0
correct_prediction,,True,2303,0,caption,0,0,phobert-base,0,2026,facebook,test,0
correct_prediction,,True,4498,0,caption,0,0,phobert-base,0,2026,threads,test,0
correct_prediction,,False,5995,0,caption,1,1,phobert-base,1,2026,facebook,test,0
correct_prediction,,True,1464,0,caption,0,0,phobert-base,0,2026,threads,test,0
correct_prediction,,False,2831,0,caption,1,1,phobert-base,1,2026,facebook,test,1
correct_prediction,,True,147,0,caption,0,0,phobert-base,0,2026,threads,test,0
correct_prediction,,True,7328,0,caption,1,1,phobert-base,1,2026,facebook,test,0
false_positive,,False,2818,0,caption,0,0,phobert-base,1,2026,facebook,test,0
false_positive,,True,5703,0,caption,0,0,phobert-base,1,2026,facebook,test,0
correct_prediction,,True,691,0,caption,1,1,phobert-base,1,2026,threads,test,1
correct_prediction,,False,817,0,caption,0,0,phobert-base,0,2026,threads,test,0
correct_prediction,,False,3622,0,caption,0,0,phobert-base,0,2026,threads,test,0
correct_prediction,,False,5024,0,caption,0,0,phobert-base,0,2026,threads,test,0
correct_prediction,,False,2203,0,caption,1,1,phobert-base,1,2026,facebook,test,0
correct_prediction,,False,6536,0,caption,1,1,phobert-base,1,2026,facebook,test,0
correct_prediction,,False,204,0,caption,0,0,phobert-base,0,2026,threads,test,1
error_001,,True,491,0,caption,1,1,phobert-base,0,2026,threads,test,0
false_positive,,False,1960,0,caption,0,0,phobert-base,1,2026,facebook,test,0
correct_prediction,,False,718,0,caption,0,0,phobert-base,0,2026,threads,test,0
false_positive,,True,6394,0,caption,0,0,phobert-base,1,2026,facebook,test,0
correct_prediction,,False,53,0,caption,1,1,phobert-base,1,2026,threads,test,0
false_positive,,False,2787,0,caption,0,0,phobert-base,1,2026,facebook,test,0
correct_prediction,,True,5089,0,caption,0,0,phobert-base,0,2026,threads,test,0
false_positive,,True,1789,0,caption,0,0,phobert-base,1,2026,threads,test,1
correct_prediction,,False,6978,0,caption,1,1,phobert-base,1,2026,facebook,test,0
correct_prediction,,True,6577,0,caption,1,1,phobert-base,1,2026,facebook,test,0
correct_prediction,,True,3769,0,caption,0,0,phobert-base,0,2026,threads,test,0
false_positive,,False,335,0,caption,0,0,phobert-base,1,2026,threads,test,0
correct_prediction,,True,5219,0,caption,0,0,phobert-base,0,2026,threads,test,0
false_positive,,True,7086,0,caption,0,0,phobert-base,1,2026,facebook,test,0
error_001,,True,3896,0,caption,1,1,phobert-base,0,2026,threads,test,0
correct_prediction,,False,1930,0,caption,1,1,phobert-base,1,2026,facebook,test,1
correct_prediction,,True,2590,0,caption,0,0,phobert-base,0,2026,facebook,test,0
correct_prediction,,True,7049,0,caption,0,0,phobert-base,0,2026,facebook,test,0
correct_prediction,,False,2805,0,caption,1,1,phobert-base,1,2026,facebook,test,0
correct_prediction,,True,3496,0,caption,0,0,phobert-base,0,2026,threads,test,0
correct_prediction,,True,2367,1,caption,1,1,phobert-base,1,2026,facebook,test,0
error_001,,True,3746,0,caption,1,1,phobert-base,0,2026,threads,test,0
false_positive,,True,6337,0,caption,0,0,phobert-base,1,2026,facebook,test,0
error_001,,True,4887,0,caption,1,1,phobert-base,0,2026,threads,test,0
correct_prediction,,True,2585,1,caption,1,1,phobert-base,1,2026,facebook,test,0
correct_prediction,,True,2288,1,caption,1,1,phobert-base,1,2026,facebook,test,0
false_positive,,True,2134,0,caption,0,0,phobert-base,1,2026,facebook,test,0
correct_prediction,,False,3685,0,caption,0,0,phobert-base,0,2026,threads,test,0
correct_prediction,,False,5736,0,caption,1,1,phobert-base,1,2026,facebook,test,0
correct_prediction,,True,3225,0,caption,0,0,phobert-base,0,2026,threads,test,0
correct_prediction,,False,675,0,caption,1,1,phobert-base,1,2026,threads,test,1
correct_prediction,,True,5074,0,caption,0,0,phobert-base,0,2026,threads,test,0
false_positive,,True,3866,0,caption,0,0,phobert-base,1,2026,threads,test,0
correct_prediction,,True,2695,0,caption,1,1,phobert-base,1,2026,facebook,test,1
false_positive,,True,3968,0,caption,0,0,phobert-base,1,2026,threads,test,0
correct_prediction,,True,6957,1,caption,1,1,phobert-base,1,2026,facebook,test,0
correct_prediction,,False,4720,0,caption,0,0,phobert-base,0,2026,threads,test,0
correct_prediction,,False,3713,0,caption,0,0,phobert-base,0,2026,threads,test,0
correct_prediction,,False,1809,0,caption,0,0,phobert-base,0,2026,threads,test,0
correct_prediction,,True,3043,0,caption,1,1,phobert-base,1,2026,facebook,test,1
correct_prediction,,False,6942,0,caption,1,1,phobert-base,1,2026,facebook,test,1
correct_prediction,,True,3678,0,caption,0,0,phobert-base,0,2026,threads,test,0
correct_prediction,,True,7289,1,caption,1,1,phobert-base,1,2026,facebook,test,0
false_positive,,False,1974,0,caption,0,0,phobert-base,1,2026,facebook,test,0
false_positive,,False,4805,0,caption,0,0,phobert-base,1,2026,threads,test,0
correct_prediction,,True,3940,0,caption,1,1,phobert-base,1,2026,threads,test,1
false_positive,,True,4026,0,caption,0,0,phobert-base,1,2026,threads,test,1
false_positive,,True,557,0,caption,0,0,phobert-base,1,2026,threads,test,0
correct_prediction,,True,7287,0,caption,1,1,phobert-base,1,2026,facebook,test,1
correct_prediction,,True,2187,0,caption,1,1,phobert-base,1,2026,facebook,test,0
error_001,,True,1647,0,caption,1,1,phobert-base,0,2026,threads,test,0
correct_prediction,,True,6436,0,caption,1,1,phobert-base,1,2026,facebook,test,0
false_positive,,True,4220,0,caption,0,0,phobert-base,1,2026,threads,test,0
correct_prediction,,False,138,0,caption,0,0,phobert-base,0,2026,threads,test,0
correct_prediction,,True,2639,0,caption,1,1,phobert-base,1,2026,facebook,test,0
correct_prediction,,False,4705,0,caption,0,0,phobert-base,0,2026,threads,test,0
correct_prediction,,True,3475,0,caption,0,0,phobert-base,0,2026,threads,test,0
correct_prediction,,True,1056,0,caption,0,0,phobert-base,0,2026,threads,test,0
error_001,,True,1453,0,caption,1,1,phobert-base,0,2026,threads,test,0
error_001,,True,5220,0,caption,1,1,phobert-base,0,2026,threads,test,0
correct_prediction,,False,6847,0,caption,1,1,phobert-base,1,2026,facebook,test,0
correct_prediction,,False,3219,0,caption,0,0,phobert-base,0,2026,threads,test,0
correct_prediction,,True,1040,0,caption,0,0,phobert-base,0,2026,threads,test,0
correct_prediction,,True,1271,0,caption,0,0,phobert-base,0,2026,threads,test,0
correct_prediction,,True,2870,0,caption,1,1,phobert-base,1,2026,facebook,test,1
false_positive,,True,4764,0,caption,0,0,phobert-base,1,2026,threads,test,0
correct_prediction,,True,5650,0,caption,1,1,phobert-base,1,2026,threads,test,1
correct_prediction,,False,4635,0,caption,0,0,phobert-base,0,2026,threads,test,0
correct_prediction,,True,4713,0,caption,0,0,phobert-base,0,2026,threads,test,0
correct_prediction,,True,4718,0,caption,0,0,phobert-base,0,2026,threads,test,0
correct_prediction,,True,5865,1,caption,1,1,phobert-base,1,2026,facebook,test,0
correct_prediction,,False,5047,0,caption,0,0,phobert-base,0,2026,threads,test,0
correct_prediction,,True,2358,0,caption,1,1,phobert-base,1,2026,facebook,test,0
correct_prediction,,True,595,0,caption,1,1,phobert-base,1,2026,threads,test,1
correct_prediction,,True,2093,0,caption,0,0,phobert-base,0,2026,facebook,test,0
correct_prediction,,False,5077,0,caption,0,0,phobert-base,0,2026,threads,test,0
error_001,,False,3731,0,caption,1,1,phobert-base,0,2026,threads,test,0
correct_prediction,,True,1660,0,caption,1,1,phobert-base,1,2026,threads,test,1
correct_prediction,,False,3788,0,caption,0,0,phobert-base,0,2026,threads,test,0
correct_prediction,,True,4435,0,caption,0,0,phobert-base,0,2026,threads,test,0
false_positive,,True,3079,0,caption,0,0,phobert-base,1,2026,facebook,test,0
correct_prediction,,True,5515,0,caption,0,0,phobert-base,0,2026,threads,test,0
correct_prediction,,True,5562,0,caption,0,0,phobert-base,0,2026,threads,test,0
correct_prediction,,True,7331,0,caption,0,0,phobert-base,0,2026,facebook,test,0
correct_prediction,,False,6680,0,caption,1,1,phobert-base,1,2026,facebook,test,0
correct_prediction,,False,7141,0,caption,1,1,phobert-base,1,2026,facebook,test,0
false_positive,,True,7295,0,caption,0,0,phobert-base,1,2026,facebook,test,0
false_positive,,True,7100,0,caption,0,0,phobert-base,1,2026,facebook,test,0
correct_prediction,,True,902,0,caption,1,1,phobert-base,1,2026,threads,test,1
correct_prediction,,True,4456,0,caption,0,0,phobert-base,0,2026,threads,test,0
false_positive,,False,1369,0,caption,0,0,phobert-base,1,2026,threads,test,0
false_positive,,True,3015,0,caption,0,0,phobert-base,1,2026,facebook,test,1
false_positive,,True,5378,0,caption,0,0,phobert-base,1,2026,threads,test,0
correct_prediction,,True,2763,0,caption,0,0,phobert-base,0,2026,facebook,test,0
correct_prediction,,False,6360,0,caption,0,0,phobert-base,0,2026,facebook,test,0
correct_prediction,,True,3117,0,caption,0,0,phobert-base,0,2026,threads,test,0
correct_prediction,,True,6106,0,caption,1,1,phobert-base,1,2026,facebook,test,0
correct_prediction,,True,2521,0,caption,1,1,phobert-base,1,2026,facebook,test,0
correct_prediction,,True,990,0,caption,0,0,phobert-base,0,2026,threads,test,0
correct_prediction,,False,1503,0,caption,0,0,phobert-base,0,2026,threads,test,0
correct_prediction,,True,1490,0,caption,0,0,phobert-base,0,2026,threads,test,0
correct_prediction,,False,3623,0,caption,0,0,phobert-base,0,2026,threads,test,0
correct_prediction,,True,4401,0,caption,0,0,phobert-base,0,2026,threads,test,0
correct_prediction,,False,6855,0,caption,1,1,phobert-base,1,2026,facebook,test,0
correct_prediction,,True,6049,0,caption,0,0,phobert-base,0,2026,facebook,test,0
correct_prediction,,False,812,0,caption,0,0,phobert-base,0,2026,threads,test,0
correct_prediction,,False,4267,0,caption,0,0,phobert-base,0,2026,threads,test,0
correct_prediction,,True,4197,0,caption,0,0,phobert-base,0,2026,threads,test,1
correct_prediction,,True,2296,0,caption,0,0,phobert-base,0,2026,facebook,test,0
correct_prediction,,True,6594,0,caption,1,1,phobert-base,1,2026,facebook,test,0
correct_prediction,,True,6977,1,caption,1,1,phobert-base,1,2026,facebook,test,0
correct_prediction,,True,5139,0,caption,0,0,phobert-base,0,2026,threads,test,0
correct_prediction,,True,3289,0,caption,0,0,phobert-base,0,2026,threads,test,0
error_001,,True,1624,0,caption,1,1,phobert-base,0,2026,threads,test,0
correct_prediction,,False,3952,0,caption,0,0,phobert-base,0,2026,threads,test,1
correct_prediction,,True,6060,0,caption,0,0,phobert-base,0,2026,facebook,test,0
error_001,,False,3824,0,caption,1,1,phobert-base,0,2026,threads,test,0
correct_prediction,,True,5482,0,caption,0,0,phobert-base,0,2026,threads,test,0
correct_prediction,,False,5568,0,caption,0,0,phobert-base,0,2026,threads,test,0
false_positive,,True,3913,0,caption,0,0,phobert-base,1,2026,threads,test,0
correct_prediction,,True,7004,0,caption,1,1,phobert-base,1,2026,facebook,test,0
correct_prediction,,False,6664,0,caption,1,1,phobert-base,1,2026,facebook,test,1
false_positive,,False,4871,0,caption,0,0,phobert-base,1,2026,threads,test,0
correct_prediction,,True,3960,0,caption,0,0,phobert-base,0,2026,threads,test,0
correct_prediction,,False,4500,0,caption,1,1,phobert-base,1,2026,threads,test,0
correct_prediction,,True,1688,0,caption,0,0,phobert-base,0,2026,threads,test,0
correct_prediction,,False,7092,0,caption,1,1,phobert-base,1,2026,facebook,test,0
correct_prediction,,True,3491,0,caption,0,0,phobert-base,0,2026,threads,test,0
correct_prediction,,False,5564,0,caption,0,0,phobert-base,0,2026,threads,test,0
false_positive,,True,7220,1,caption,0,0,phobert-base,1,2026,facebook,test,0
false_positive,,True,6151,0,caption,0,0,phobert-base,1,2026,facebook,test,0
correct_prediction,,True,2470,1,caption,1,1,phobert-base,1,2026,facebook,test,0
correct_prediction,,True,1964,0,caption,0,0,phobert-base,0,2026,facebook,test,0
correct_prediction,,True,2382,1,caption,1,1,phobert-base,1,2026,facebook,test,0
correct_prediction,,True,4272,0,caption,0,0,phobert-base,0,2026,threads,test,0
correct_prediction,,False,1867,0,caption,1,1,phobert-base,1,2026,facebook,test,0
correct_prediction,,True,5421,0,caption,0,0,phobert-base,0,2026,threads,test,0
correct_prediction,,False,1268,0,caption,1,1,phobert-base,1,2026,threads,test,1
correct_prediction,,True,4755,0,caption,0,0,phobert-base,0,2026,threads,test,0
correct_prediction,,False,6523,0,caption,1,1,phobert-base,1,2026,facebook,test,1
false_positive,,False,826,0,caption,0,0,phobert-base,1,2026,threads,test,1
false_positive,,True,3167,0,caption,0,0,phobert-base,1,2026,threads,test,0
correct_prediction,,False,1463,0,caption,1,1,phobert-base,1,2026,threads,test,0
correct_prediction,,False,6823,0,caption,1,1,phobert-base,1,2026,facebook,test,0
correct_prediction,,True,4355,0,caption,1,1,phobert-base,1,2026,threads,test,0
correct_prediction,,True,1906,0,caption,1,1,phobert-base,1,2026,facebook,test,0
correct_prediction,,True,4344,0,caption,0,0,phobert-base,0,2026,threads,test,0
correct_prediction,,True,5788,0,caption,1,1,phobert-base,1,2026,facebook,test,0
correct_prediction,,True,3159,0,caption,0,0,phobert-base,0,2026,threads,test,0
correct_prediction,,True,4902,0,caption,0,0,phobert-base,0,2026,threads,test,0
false_positive,,True,6761,0,caption,0,0,phobert-base,1,2026,facebook,test,1
false_positive,,True,805,0,caption,0,0,phobert-base,1,2026,threads,test,0
correct_prediction,,True,7186,0,caption,1,1,phobert-base,1,2026,facebook,test,0
correct_prediction,,True,3182,0,caption,0,0,phobert-base,0,2026,threads,test,0
correct_prediction,,True,1303,1,caption,1,1,phobert-base,1,2026,threads,test,0
correct_prediction,,False,4092,0,caption,0,0,phobert-base,0,2026,threads,test,0
correct_prediction,,False,5450,0,caption,0,0,phobert-base,0,2026,threads,test,0
correct_prediction,,False,3378,0,caption,0,0,phobert-base,0,2026,threads,test,0
correct_prediction,,False,6551,0,caption,1,1,phobert-base,1,2026,facebook,test,0
correct_prediction,,True,3487,0,caption,1,1,phobert-base,1,2026,threads,test,0
correct_prediction,,True,2049,0,caption,1,1,phobert-base,1,2026,facebook,test,0
correct_prediction,,True,3667,0,caption,0,0,phobert-base,0,2026,threads,test,0
correct_prediction,,True,5702,0,caption,1,1,phobert-base,1,2026,facebook,test,1
correct_prediction,,True,7250,0,caption,1,1,phobert-base,1,2026,facebook,test,1
correct_prediction,,True,3969,0,caption,0,0,phobert-base,0,2026,threads,test,0
correct_prediction,,True,478,0,caption,0,0,phobert-base,0,2026,threads,test,1
false_positive,,True,5816,0,caption,0,0,phobert-base,1,2026,facebook,test,0
correct_prediction,,True,1043,0,caption,0,0,phobert-base,0,2026,threads,test,0
correct_prediction,,True,6451,1,caption,1,1,phobert-base,1,2026,facebook,test,0
correct_prediction,,True,2990,0,caption,0,0,phobert-base,0,2026,facebook,test,0
correct_prediction,,False,5193,0,caption,0,0,phobert-base,0,2026,threads,test,0
correct_prediction,,True,6509,1,caption,1,1,phobert-base,1,2026,facebook,test,0
false_positive,,True,7159,0,caption,0,0,phobert-base,1,2026,facebook,test,0
correct_prediction,,True,6556,0,caption,0,0,phobert-base,0,2026,facebook,test,0
correct_prediction,,False,4752,0,caption,0,0,phobert-base,0,2026,threads,test,0
correct_prediction,,True,7277,1,caption,1,1,phobert-base,1,2026,facebook,test,0
correct_prediction,,False,6546,0,caption,1,1,phobert-base,1,2026,facebook,test,1
correct_prediction,,False,6960,0,caption,1,1,phobert-base,1,2026,facebook,test,0
correct_prediction,,True,3837,0,caption,1,1,phobert-base,1,2026,threads,test,1
correct_prediction,,False,4514,0,caption,0,0,phobert-base,0,2026,threads,test,0
correct_prediction,,False,2739,0,caption,1,1,phobert-base,1,2026,facebook,test,1
false_positive,,False,5281,0,caption,0,0,phobert-base,1,2026,threads,test,0
false_positive,,False,555,0,caption,0,0,phobert-base,1,2026,threads,test,0
correct_prediction,,True,7074,1,caption,1,1,phobert-base,1,2026,facebook,test,0
correct_prediction,,False,4038,0,caption,0,0,phobert-base,0,2026,threads,test,0
error_001,,False,5054,0,caption,1,1,phobert-base,0,2026,threads,test,0
false_positive,,True,6051,0,caption,0,0,phobert-base,1,2026,facebook,test,0
correct_prediction,,True,6443,0,caption,0,0,phobert-base,0,2026,facebook,test,0
correct_prediction,,True,6603,1,caption,1,1,phobert-base,1,2026,facebook,test,0
correct_prediction,,False,5760,0,caption,1,1,phobert-base,1,2026,facebook,test,0
correct_prediction,,True,2538,1,caption,1,1,phobert-base,1,2026,facebook,test,0
false_positive,,True,3665,0,caption,0,0,phobert-base,1,2026,threads,test,0
correct_prediction,,True,2529,1,caption,1,1,phobert-base,1,2026,facebook,test,0
false_positive,,False,4427,0,caption,0,0,phobert-base,1,2026,threads,test,0
correct_prediction,,False,1432,0,caption,1,1,phobert-base,1,2026,threads,test,0
correct_prediction,,False,127,0,caption,0,0,phobert-base,0,2026,threads,test,0
correct_prediction,,True,101,0,caption,1,1,phobert-base,1,2026,threads,test,1
correct_prediction,,True,4199,0,caption,0,0,phobert-base,0,2026,threads,test,0
correct_prediction,,True,6899,1,caption,1,1,phobert-base,1,2026,facebook,test,0
correct_prediction,,True,523,0,caption,0,0,phobert-base,0,2026,threads,test,0
correct_prediction,,True,4642,0,caption,0,0,phobert-base,0,2026,threads,test,0
correct_prediction,,True,3187,0,caption,0,0,phobert-base,0,2026,threads,test,0
correct_prediction,,True,1354,0,caption,0,0,phobert-base,0,2026,threads,test,0
correct_prediction,,True,383,1,caption,0,0,phobert-base,0,2026,threads,test,0
correct_prediction,,True,313,0,caption,0,0,phobert-base,0,2026,threads,test,0
correct_prediction,,False,6790,0,caption,1,1,phobert-base,1,2026,facebook,test,0
false_positive,,True,5964,0,caption,0,0,phobert-base,1,2026,facebook,test,0
error_001,,True,2999,0,caption,1,1,phobert-base,0,2026,facebook,test,0
error_001,,False,4614,0,caption,1,1,phobert-base,0,2026,threads,test,0
correct_prediction,,False,4360,0,caption,0,0,phobert-base,0,2026,threads,test,0
correct_prediction,,False,3994,0,caption,0,0,phobert-base,0,2026,threads,test,0
correct_prediction,,True,7254,0,caption,1,1,phobert-base,1,2026,facebook,test,0
error_001,,False,3513,0,caption,1,1,phobert-base,0,2026,threads,test,0
correct_prediction,,True,1096,0,caption,1,1,phobert-base,1,2026,threads,test,1
error_001,,False,1479,0,caption,1,1,phobert-base,0,2026,threads,test,0
correct_prediction,,False,4739,0,caption,0,0,phobert-base,0,2026,threads,test,0
correct_prediction,,True,5826,1,caption,1,1,phobert-base,1,2026,facebook,test,0
error_001,,True,1802,0,caption,1,1,phobert-base,0,2026,threads,test,0
false_positive,,False,796,0,caption,0,0,phobert-base,1,2026,threads,test,0
false_positive,,False,6155,0,caption,0,0,phobert-base,1,2026,facebook,test,0
correct_prediction,,True,1808,0,caption,0,0,phobert-base,0,2026,threads,test,0
false_positive,,True,7291,0,caption,0,0,phobert-base,1,2026,facebook,test,0
false_positive,,True,6086,0,caption,0,0,phobert-base,1,2026,facebook,test,0
correct_prediction,,False,521,0,caption,1,1,phobert-base,1,2026,threads,test,0
correct_prediction,,True,4451,0,caption,0,0,phobert-base,0,2026,threads,test,0
correct_prediction,,True,6044,1,caption,1,1,phobert-base,1,2026,facebook,test,0
false_positive,,True,644,0,caption,0,0,phobert-base,1,2026,threads,test,0
false_positive,,True,4463,0,caption,0,0,phobert-base,1,2026,threads,test,0
correct_prediction,,True,3956,0,caption,0,0,phobert-base,0,2026,threads,test,0
correct_prediction,,True,1778,0,caption,0,0,phobert-base,0,2026,threads,test,0
false_positive,,True,6217,0,caption,0,0,phobert-base,1,2026,facebook,test,0
false_positive,,True,3497,0,caption,0,0,phobert-base,1,2026,threads,test,1
correct_prediction,,True,2376,1,caption,1,1,phobert-base,1,2026,facebook,test,0
correct_prediction,,False,2057,0,caption,1,1,phobert-base,1,2026,facebook,test,0
correct_prediction,,False,2567,0,caption,1,1,phobert-base,1,2026,facebook,test,0
correct_prediction,,True,6517,0,caption,1,1,phobert-base,1,2026,facebook,test,0
correct_prediction,,False,4432,0,caption,1,1,phobert-base,1,2026,threads,test,1
correct_prediction,,True,2622,0,caption,1,1,phobert-base,1,2026,facebook,test,0
false_positive,,False,5824,0,caption,0,0,phobert-base,1,2026,facebook,test,0
correct_prediction,,False,7239,0,caption,1,1,phobert-base,1,2026,facebook,test,0
false_positive,,True,4034,0,caption,0,0,phobert-base,1,2026,threads,test,0
correct_prediction,,False,892,0,caption,1,1,phobert-base,1,2026,threads,test,0
correct_prediction,,True,502,0,caption,1,1,phobert-base,1,2026,threads,test,0
error_001,,True,297,0,caption,1,1,phobert-base,0,2026,threads,test,0
error_001,,True,258,0,caption,1,1,phobert-base,0,2026,threads,test,0
correct_prediction,,False,4889,0,caption,0,0,phobert-base,0,2026,threads,test,0
false_positive,,True,3930,0,caption,0,0,phobert-base,1,2026,threads,test,0
correct_prediction,,True,5728,0,caption,1,1,phobert-base,1,2026,facebook,test,0
error_001,,True,4675,0,caption,1,1,phobert-base,0,2026,threads,test,0
false_positive,,True,6359,0,caption,0,0,phobert-base,1,2026,facebook,test,0
false_positive,,True,4492,0,caption,0,0,phobert-base,1,2026,threads,test,0
correct_prediction,,False,5272,0,caption,0,0,phobert-base,0,2026,threads,test,0
correct_prediction,,False,6574,0,caption,1,1,phobert-base,1,2026,facebook,test,0
correct_prediction,,False,6427,0,caption,1,1,phobert-base,1,2026,facebook,test,0
false_positive,,True,2327,0,caption,0,0,phobert-base,1,2026,facebook,test,0
correct_prediction,,False,5249,0,caption,0,0,phobert-base,0,2026,threads,test,0
correct_prediction,,False,5361,0,caption,0,0,phobert-base,0,2026,threads,test,0
correct_prediction,,True,2952,0,caption,1,1,phobert-base,1,2026,facebook,test,1
correct_prediction,,False,2053,0,caption,1,1,phobert-base,1,2026,facebook,test,0
false_positive,,False,1020,0,caption,0,0,phobert-base,1,2026,threads,test,0
false_positive,,True,1604,0,caption,0,0,phobert-base,1,2026,threads,test,0
correct_prediction,,True,2832,0,caption,0,0,phobert-base,0,2026,facebook,test,1
false_positive,,True,5579,0,caption,0,0,phobert-base,1,2026,threads,test,0
false_positive,,False,1977,0,caption,0,0,phobert-base,1,2026,facebook,test,0
correct_prediction,,True,4790,0,caption,0,0,phobert-base,0,2026,threads,test,0
correct_prediction,,True,2839,0,caption,1,1,phobert-base,1,2026,facebook,test,0
false_positive,,False,4604,0,caption,0,0,phobert-base,1,2026,threads,test,0
correct_prediction,,True,490,0,caption,0,0,phobert-base,0,2026,threads,test,0
false_positive,,False,4900,0,caption,0,0,phobert-base,1,2026,threads,test,0
correct_prediction,,False,1206,0,caption,0,0,phobert-base,0,2026,threads,test,0
correct_prediction,,False,6919,0,caption,1,1,phobert-base,1,2026,facebook,test,0
false_positive,,False,5013,0,caption,0,0,phobert-base,1,2026,threads,test,0
correct_prediction,,False,530,0,caption,1,1,phobert-base,1,2026,threads,test,1
correct_prediction,,True,7127,0,caption,0,0,phobert-base,0,2026,facebook,test,0
correct_prediction,,True,5130,0,caption,0,0,phobert-base,0,2026,threads,test,0
false_positive,,True,6450,0,caption,0,0,phobert-base,1,2026,facebook,test,0
correct_prediction,,False,3798,0,caption,1,1,phobert-base,1,2026,threads,test,1
correct_prediction,,True,3230,0,caption,0,0,phobert-base,0,2026,threads,test,0
correct_prediction,,True,4827,0,caption,0,0,phobert-base,0,2026,threads,test,0
correct_prediction,,True,1022,0,caption,0,0,phobert-base,0,2026,threads,test,0
correct_prediction,,False,5302,0,caption,0,0,phobert-base,0,2026,threads,test,0
false_positive,,True,3645,0,caption,0,0,phobert-base,1,2026,threads,test,0
correct_prediction,,True,1037,0,caption,0,0,phobert-base,0,2026,threads,test,1
correct_prediction,,True,6000,0,caption,1,1,phobert-base,1,2026,facebook,test,0
correct_prediction,,True,3179,0,caption,0,0,phobert-base,0,2026,threads,test,0
correct_prediction,,True,4101,1,caption,1,1,phobert-base,1,2026,threads,test,0
error_001,,True,618,0,caption,1,1,phobert-base,0,2026,threads,test,0
correct_prediction,,True,1671,0,caption,1,1,phobert-base,1,2026,threads,test,1
false_positive,,True,4369,0,caption,0,0,phobert-base,1,2026,threads,test,0
correct_prediction,,True,2428,0,caption,0,0,phobert-base,0,2026,facebook,test,0
correct_prediction,,True,4304,0,caption,0,0,phobert-base,0,2026,threads,test,0
correct_prediction,,True,2113,0,caption,1,1,phobert-base,1,2026,facebook,test,0
correct_prediction,,False,5930,0,caption,1,1,phobert-base,1,2026,facebook,test,0
correct_prediction,,False,5205,0,caption,0,0,phobert-base,0,2026,threads,test,0
correct_prediction,,True,411,0,caption,1,1,phobert-base,1,2026,threads,test,1
correct_prediction,,False,743,0,caption,0,0,phobert-base,0,2026,threads,test,0
correct_prediction,,True,2558,1,caption,1,1,phobert-base,1,2026,facebook,test,0
correct_prediction,,False,426,0,caption,0,0,phobert-base,0,2026,threads,test,0
correct_prediction,,True,7221,0,caption,1,1,phobert-base,1,2026,facebook,test,0
correct_prediction,,True,1653,0,caption,1,1,phobert-base,1,2026,threads,test,1
correct_prediction,,True,4744,0,caption,0,0,phobert-base,0,2026,threads,test,0
correct_prediction,,True,7014,1,caption,1,1,phobert-base,1,2026,facebook,test,0
correct_prediction,,True,6677,0,caption,1,1,phobert-base,1,2026,facebook,test,0
correct_prediction,,False,5282,0,caption,0,0,phobert-base,0,2026,threads,test,0
correct_prediction,,True,4241,0,caption,0,0,phobert-base,0,2026,threads,test,0
false_positive,,False,16,0,caption,0,0,phobert-base,1,2026,threads,test,0
false_positive,,True,256,0,caption,0,0,phobert-base,1,2026,threads,test,1
correct_prediction,,True,6856,1,caption,0,0,phobert-base,0,2026,facebook,test,0
correct_prediction,,True,4132,0,caption,0,0,phobert-base,0,2026,threads,test,0
correct_prediction,,True,3518,0,caption,0,0,phobert-base,0,2026,threads,test,0
correct_prediction,,False,1348,0,caption,0,0,phobert-base,0,2026,threads,test,0
correct_prediction,,True,4057,0,caption,0,0,phobert-base,0,2026,threads,test,0
correct_prediction,,False,2729,0,caption,1,1,phobert-base,1,2026,facebook,test,0
false_positive,,True,3110,0,caption,0,0,phobert-base,1,2026,threads,test,0
correct_prediction,,False,1217,0,caption,0,0,phobert-base,0,2026,threads,test,0
correct_prediction,,False,5119,0,caption,0,0,phobert-base,0,2026,threads,test,0
false_positive,,True,4123,0,caption,0,0,phobert-base,1,2026,threads,test,0
correct_prediction,,True,3371,0,caption,0,0,phobert-base,0,2026,threads,test,0
correct_prediction,,True,1717,0,caption,1,1,phobert-base,1,2026,threads,test,1
correct_prediction,,False,4607,0,caption,0,0,phobert-base,0,2026,threads,test,0
correct_prediction,,True,6410,0,caption,1,1,phobert-base,1,2026,facebook,test,0
correct_prediction,,True,2435,1,caption,0,0,phobert-base,0,2026,facebook,test,0
false_positive,,True,5547,0,caption,0,0,phobert-base,1,2026,threads,test,0
correct_prediction,,True,1901,0,caption,1,1,phobert-base,1,2026,facebook,test,1
error_001,,True,4258,0,caption,1,1,phobert-base,0,2026,threads,test,0
correct_prediction,,True,6271,0,caption,1,1,phobert-base,1,2026,facebook,test,1
correct_prediction,,True,6067,0,caption,0,0,phobert-base,0,2026,facebook,test,0
correct_prediction,,True,406,0,caption,0,0,phobert-base,0,2026,threads,test,0
error_001,,True,3143,0,caption,1,1,phobert-base,0,2026,threads,test,0
correct_prediction,,True,2992,0,caption,0,0,phobert-base,0,2026,facebook,test,1
correct_prediction,,False,2792,0,caption,1,1,phobert-base,1,2026,facebook,test,0
false_positive,,True,4507,0,caption,0,0,phobert-base,1,2026,threads,test,0
error_001,,True,2308,0,caption,1,1,phobert-base,0,2026,facebook,test,0
correct_prediction,,False,774,0,caption,1,1,phobert-base,1,2026,threads,test,1
correct_prediction,,True,1248,0,caption,0,0,phobert-base,0,2026,threads,test,0
correct_prediction,,True,5925,0,caption,1,1,phobert-base,1,2026,facebook,test,0
correct_prediction,,True,1397,0,caption,0,0,phobert-base,0,2026,threads,test,0
correct_prediction,,False,4052,0,caption,0,0,phobert-base,0,2026,threads,test,0
false_positive,,False,665,0,caption,0,0,phobert-base,1,2026,threads,test,0
correct_prediction,,True,462,0,caption,0,0,phobert-base,0,2026,threads,test,0
correct_prediction,,True,2337,1,caption,1,1,phobert-base,1,2026,facebook,test,0
correct_prediction,,True,3260,0,caption,1,1,phobert-base,1,2026,threads,test,0
correct_prediction,,False,5255,0,caption,0,0,phobert-base,0,2026,threads,test,0
false_positive,,False,3503,0,caption,0,0,phobert-base,1,2026,threads,test,0
correct_prediction,,False,2054,0,caption,1,1,phobert-base,1,2026,facebook,test,1
error_001,,False,3209,0,caption,1,1,phobert-base,0,2026,threads,test,0
correct_prediction,,False,3099,0,caption,0,0,phobert-base,0,2026,facebook,test,1
false_positive,,True,7058,0,caption,0,0,phobert-base,1,2026,facebook,test,0
correct_prediction,,True,6116,1,caption,1,1,phobert-base,1,2026,facebook,test,0
false_positive,,False,4698,0,caption,0,0,phobert-base,1,2026,threads,test,0
correct_prediction,,True,1079,0,caption,0,0,phobert-base,0,2026,threads,test,0
correct_prediction,,True,4362,1,caption,1,1,phobert-base,1,2026,threads,test,0
false_positive,,True,2338,1,caption,0,0,phobert-base,1,2026,facebook,test,0
correct_prediction,,True,7314,0,caption,1,1,phobert-base,1,2026,facebook,test,1
correct_prediction,,False,629,0,caption,0,0,phobert-base,0,2026,threads,test,0
error_001,,True,3883,0,caption,1,1,phobert-base,0,2026,threads,test,0
false_positive,,True,5786,0,caption,0,0,phobert-base,1,2026,facebook,test,0
correct_prediction,,False,3119,0,caption,0,0,phobert-base,0,2026,threads,test,0
correct_prediction,,False,5894,0,caption,1,1,phobert-base,1,2026,facebook,test,0
correct_prediction,,True,5084,0,caption,0,0,phobert-base,0,2026,threads,test,0
correct_prediction,,False,5343,0,caption,0,0,phobert-base,0,2026,threads,test,0
correct_prediction,,False,4324,0,caption,0,0,phobert-base,0,2026,threads,test,0
false_positive,,False,2006,0,caption,0,0,phobert-base,1,2026,facebook,test,0
correct_prediction,,False,228,0,caption,1,1,phobert-base,1,2026,threads,test,1
correct_prediction,,True,5661,0,caption,0,0,phobert-base,0,2026,threads,test,0
correct_prediction,,True,5640,0,caption,0,0,phobert-base,0,2026,threads,test,0
correct_prediction,,True,5765,0,caption,1,1,phobert-base,1,2026,facebook,test,0
false_positive,,True,5803,0,caption,0,0,phobert-base,1,42,facebook,test,0
correct_prediction,,True,6388,1,caption,1,1,phobert-base,1,42,facebook,test,0
false_positive,,True,5990,0,caption,0,0,phobert-base,1,42,facebook,test,0
correct_prediction,,True,1024,0,caption,0,0,phobert-base,0,42,threads,test,0
false_positive,,True,1075,0,caption,0,0,phobert-base,1,42,threads,test,0
false_positive,,True,4170,0,caption,0,0,phobert-base,1,42,threads,test,0
false_positive,,True,599,0,caption,0,0,phobert-base,1,42,threads,test,0
correct_prediction,,False,371,0,caption,0,0,phobert-base,0,42,threads,test,0
false_positive,,False,5811,0,caption,0,0,phobert-base,1,42,facebook,test,0
false_positive,,True,5986,0,caption,0,0,phobert-base,1,42,facebook,test,0
correct_prediction,,True,6826,0,caption,1,1,phobert-base,1,42,facebook,test,0
false_positive,,False,859,0,caption,0,0,phobert-base,1,42,threads,test,0
correct_prediction,,False,6562,0,caption,1,1,phobert-base,1,42,facebook,test,0
correct_prediction,,True,2399,1,caption,1,1,phobert-base,1,42,facebook,test,0
correct_prediction,,False,6505,0,caption,1,1,phobert-base,1,42,facebook,test,0
correct_prediction,,True,7292,0,caption,1,1,phobert-base,1,42,facebook,test,0
correct_prediction,,True,6818,1,caption,1,1,phobert-base,1,42,facebook,test,0
false_positive,,False,4909,0,caption,0,0,phobert-base,1,42,threads,test,0
correct_prediction,,False,4190,0,caption,0,0,phobert-base,0,42,threads,test,0
false_positive,,True,6100,0,caption,0,0,phobert-base,1,42,facebook,test,0
correct_prediction,,True,5033,0,caption,0,0,phobert-base,0,42,threads,test,0
correct_prediction,,True,5608,0,caption,1,1,phobert-base,1,42,threads,test,0
correct_prediction,,False,4177,0,caption,0,0,phobert-base,0,42,threads,test,0
false_positive,,True,3845,0,caption,0,0,phobert-base,1,42,threads,test,0
correct_prediction,,False,2129,0,caption,1,1,phobert-base,1,42,facebook,test,0
correct_prediction,,False,540,0,caption,1,1,phobert-base,1,42,threads,test,1
correct_prediction,,True,3054,0,caption,0,0,phobert-base,0,42,facebook,test,0
correct_prediction,,True,3867,0,caption,0,0,phobert-base,0,42,threads,test,0
correct_prediction,,False,4031,0,caption,0,0,phobert-base,0,42,threads,test,0
false_positive,,True,1767,1,caption,0,0,phobert-base,1,42,threads,test,0
correct_prediction,,True,1598,0,caption,1,1,phobert-base,1,42,threads,test,0
correct_prediction,,False,850,0,caption,0,0,phobert-base,0,42,threads,test,0
error_001,,True,5978,0,caption,1,1,phobert-base,0,42,facebook,test,0
correct_prediction,,True,3709,0,caption,0,0,phobert-base,0,42,threads,test,0
correct_prediction,,True,5963,1,caption,1,1,phobert-base,1,42,facebook,test,0
correct_prediction,,True,5782,1,caption,1,1,phobert-base,1,42,facebook,test,0
correct_prediction,,True,4722,0,caption,0,0,phobert-base,0,42,threads,test,0
correct_prediction,,True,1801,0,caption,1,1,phobert-base,1,42,threads,test,0
correct_prediction,,False,2768,0,caption,1,1,phobert-base,1,42,facebook,test,0
correct_prediction,,False,5737,0,caption,1,1,phobert-base,1,42,facebook,test,0
correct_prediction,,False,1824,0,caption,1,1,phobert-base,1,42,threads,test,0
error_001,,True,2321,0,caption,1,1,phobert-base,0,42,facebook,test,0
correct_prediction,,False,2851,0,caption,1,1,phobert-base,1,42,facebook,test,1
correct_prediction,,True,255,0,caption,0,0,phobert-base,0,42,threads,test,0
correct_prediction,,True,1103,0,caption,0,0,phobert-base,0,42,threads,test,0
correct_prediction,,True,1228,1,caption,1,1,phobert-base,1,42,threads,test,0
correct_prediction,,True,4004,0,caption,1,1,phobert-base,1,42,threads,test,0
correct_prediction,,False,1591,0,caption,0,0,phobert-base,0,42,threads,test,0
false_positive,,False,2861,0,caption,0,0,phobert-base,1,42,facebook,test,0
error_001,,True,797,0,caption,1,1,phobert-base,0,42,threads,test,0
correct_prediction,,True,2913,0,caption,1,1,phobert-base,1,42,facebook,test,1
correct_prediction,,False,7007,0,caption,1,1,phobert-base,1,42,facebook,test,0
correct_prediction,,True,2333,1,caption,1,1,phobert-base,1,42,facebook,test,0
correct_prediction,,True,1448,0,caption,0,0,phobert-base,0,42,threads,test,1
correct_prediction,,True,993,0,caption,0,0,phobert-base,0,42,threads,test,0
correct_prediction,,False,1978,0,caption,1,1,phobert-base,1,42,facebook,test,0
correct_prediction,,False,5035,0,caption,0,0,phobert-base,0,42,threads,test,0
correct_prediction,,False,4647,0,caption,0,0,phobert-base,0,42,threads,test,0
false_positive,,False,4922,0,caption,0,0,phobert-base,1,42,threads,test,0
correct_prediction,,False,525,0,caption,0,0,phobert-base,0,42,threads,test,0
correct_prediction,,True,3878,0,caption,0,0,phobert-base,0,42,threads,test,0
correct_prediction,,False,1254,0,caption,1,1,phobert-base,1,42,threads,test,1
false_positive,,True,2139,0,caption,0,0,phobert-base,1,42,facebook,test,0
correct_prediction,,True,314,0,caption,0,0,phobert-base,0,42,threads,test,0
false_positive,,True,2482,1,caption,0,0,phobert-base,1,42,facebook,test,0
false_positive,,False,5580,0,caption,0,0,phobert-base,1,42,threads,test,0
correct_prediction,,True,196,0,caption,0,0,phobert-base,0,42,threads,test,0
correct_prediction,,True,6755,1,caption,1,1,phobert-base,1,42,facebook,test,0
correct_prediction,,False,6488,0,caption,1,1,phobert-base,1,42,facebook,test,1
correct_prediction,,True,5335,0,caption,0,0,phobert-base,0,42,threads,test,0
false_positive,,True,592,0,caption,0,0,phobert-base,1,42,threads,test,0
false_positive,,True,6168,0,caption,0,0,phobert-base,1,42,facebook,test,0
correct_prediction,,False,5293,0,caption,0,0,phobert-base,0,42,threads,test,0
correct_prediction,,True,423,0,caption,0,0,phobert-base,0,42,threads,test,0
false_positive,,True,6189,0,caption,0,0,phobert-base,1,42,facebook,test,0
correct_prediction,,True,1155,0,caption,0,0,phobert-base,0,42,threads,test,0
false_positive,,False,5197,0,caption,0,0,phobert-base,1,42,threads,test,0
correct_prediction,,True,464,0,caption,0,0,phobert-base,0,42,threads,test,0
correct_prediction,,True,6645,1,caption,1,1,phobert-base,1,42,facebook,test,0
false_positive,,False,3992,0,caption,0,0,phobert-base,1,42,threads,test,0
correct_prediction,,True,2916,0,caption,1,1,phobert-base,1,42,facebook,test,0
correct_prediction,,True,6098,0,caption,1,1,phobert-base,1,42,facebook,test,0
false_positive,,False,735,0,caption,0,0,phobert-base,1,42,threads,test,0
correct_prediction,,True,134,1,caption,0,0,phobert-base,0,42,threads,test,0
correct_prediction,,False,6907,0,caption,1,1,phobert-base,1,42,facebook,test,1
correct_prediction,,True,793,0,caption,0,0,phobert-base,0,42,threads,test,0
error_001,,False,4475,0,caption,1,1,phobert-base,0,42,threads,test,0
correct_prediction,,True,4403,0,caption,0,0,phobert-base,0,42,threads,test,0
correct_prediction,,True,533,0,caption,0,0,phobert-base,0,42,threads,test,1
correct_prediction,,False,6861,0,caption,1,1,phobert-base,1,42,facebook,test,0
correct_prediction,,True,4136,0,caption,0,0,phobert-base,0,42,threads,test,0
correct_prediction,,True,6962,0,caption,1,1,phobert-base,1,42,facebook,test,0
correct_prediction,,True,1716,0,caption,1,1,phobert-base,1,42,threads,test,0
correct_prediction,,True,6983,0,caption,1,1,phobert-base,1,42,facebook,test,0
false_positive,,True,3705,0,caption,0,0,phobert-base,1,42,threads,test,0
correct_prediction,,True,3887,0,caption,0,0,phobert-base,0,42,threads,test,0
correct_prediction,,True,4269,0,caption,0,0,phobert-base,0,42,threads,test,0
correct_prediction,,True,860,0,caption,0,0,phobert-base,0,42,threads,test,0
correct_prediction,,True,2042,0,caption,1,1,phobert-base,1,42,facebook,test,0
correct_prediction,,True,5835,0,caption,1,1,phobert-base,1,42,facebook,test,0
false_positive,,False,1953,0,caption,0,0,phobert-base,1,42,facebook,test,0
correct_prediction,,False,6414,0,caption,1,1,phobert-base,1,42,facebook,test,0
correct_prediction,,False,6537,0,caption,1,1,phobert-base,1,42,facebook,test,0
false_positive,,False,5825,0,caption,0,0,phobert-base,1,42,facebook,test,0
false_positive,,True,2096,0,caption,0,0,phobert-base,1,42,facebook,test,1
false_positive,,True,2627,0,caption,0,0,phobert-base,1,42,facebook,test,0
false_positive,,False,2757,0,caption,0,0,phobert-base,1,42,facebook,test,0
correct_prediction,,True,1684,0,caption,0,0,phobert-base,0,42,threads,test,0
correct_prediction,,True,2005,0,caption,1,1,phobert-base,1,42,facebook,test,0
correct_prediction,,True,5927,0,caption,1,1,phobert-base,1,42,facebook,test,1
correct_prediction,,True,5014,0,caption,0,0,phobert-base,0,42,threads,test,0
correct_prediction,,True,4892,0,caption,0,0,phobert-base,0,42,threads,test,0
false_positive,,False,5589,0,caption,0,0,phobert-base,1,42,threads,test,0
false_positive,,True,2206,0,caption,0,0,phobert-base,1,42,facebook,test,1
correct_prediction,,False,5202,0,caption,0,0,phobert-base,0,42,threads,test,0
correct_prediction,,False,2656,1,caption,1,1,phobert-base,1,42,facebook,test,1
correct_prediction,,True,1329,0,caption,0,0,phobert-base,0,42,threads,test,1
correct_prediction,,True,613,1,caption,1,1,phobert-base,1,42,threads,test,1
error_001,,True,47,0,caption,1,1,phobert-base,0,42,threads,test,0
correct_prediction,,True,6746,1,caption,1,1,phobert-base,1,42,facebook,test,0
correct_prediction,,False,3398,0,caption,1,1,phobert-base,1,42,threads,test,0
false_positive,,False,3695,0,caption,0,0,phobert-base,1,42,threads,test,0
correct_prediction,,True,3365,0,caption,0,0,phobert-base,0,42,threads,test,1
false_positive,,True,513,0,caption,0,0,phobert-base,1,42,threads,test,0
false_positive,,False,7022,0,caption,0,0,phobert-base,1,42,facebook,test,0
false_positive,,True,2459,0,caption,0,0,phobert-base,1,42,facebook,test,0
error_001,,True,1813,0,caption,1,1,phobert-base,0,42,threads,test,0
false_positive,,True,1761,0,caption,0,0,phobert-base,1,42,threads,test,0
correct_prediction,,False,800,0,caption,0,0,phobert-base,0,42,threads,test,0
false_positive,,True,107,0,caption,0,0,phobert-base,1,42,threads,test,1
correct_prediction,,True,980,0,caption,0,0,phobert-base,0,42,threads,test,0
correct_prediction,,False,4819,0,caption,0,0,phobert-base,0,42,threads,test,0
false_positive,,True,4321,0,caption,0,0,phobert-base,1,42,threads,test,0
correct_prediction,,True,2506,1,caption,1,1,phobert-base,1,42,facebook,test,0
error_001,,True,1126,0,caption,1,1,phobert-base,0,42,threads,test,0
correct_prediction,,True,1570,0,caption,0,0,phobert-base,0,42,threads,test,0
false_positive,,True,2368,1,caption,0,0,phobert-base,1,42,facebook,test,0
correct_prediction,,True,4037,0,caption,0,0,phobert-base,0,42,threads,test,0
correct_prediction,,True,1863,1,caption,1,1,phobert-base,1,42,facebook,test,0
correct_prediction,,True,1635,0,caption,0,0,phobert-base,0,42,threads,test,0
correct_prediction,,False,6894,0,caption,1,1,phobert-base,1,42,facebook,test,0
correct_prediction,,False,5474,0,caption,0,0,phobert-base,0,42,threads,test,0
correct_prediction,,True,1791,0,caption,0,0,phobert-base,0,42,threads,test,1
correct_prediction,,False,6547,0,caption,1,1,phobert-base,1,42,facebook,test,1
correct_prediction,,True,7209,0,caption,1,1,phobert-base,1,42,facebook,test,0
correct_prediction,,True,5072,0,caption,0,0,phobert-base,0,42,threads,test,0
correct_prediction,,True,7123,0,caption,0,0,phobert-base,0,42,facebook,test,0
false_positive,,True,2233,1,caption,0,0,phobert-base,1,42,facebook,test,0
correct_prediction,,False,2015,0,caption,1,1,phobert-base,1,42,facebook,test,0
error_001,,False,6784,0,caption,1,1,phobert-base,0,42,facebook,test,0
correct_prediction,,True,403,0,caption,0,0,phobert-base,0,42,threads,test,0
false_positive,,True,6090,0,caption,0,0,phobert-base,1,42,facebook,test,0
correct_prediction,,False,677,0,caption,0,0,phobert-base,0,42,threads,test,0
correct_prediction,,True,6493,0,caption,1,1,phobert-base,1,42,facebook,test,0
correct_prediction,,False,5495,0,caption,0,0,phobert-base,0,42,threads,test,0
correct_prediction,,True,5802,0,caption,1,1,phobert-base,1,42,facebook,test,0
correct_prediction,,True,6800,0,caption,1,1,phobert-base,1,42,facebook,test,0
correct_prediction,,False,3949,0,caption,0,0,phobert-base,0,42,threads,test,0
correct_prediction,,True,2320,0,caption,1,1,phobert-base,1,42,facebook,test,0
correct_prediction,,False,3805,0,caption,0,0,phobert-base,0,42,threads,test,0
false_positive,,True,6404,0,caption,0,0,phobert-base,1,42,facebook,test,0
correct_prediction,,False,4036,0,caption,0,0,phobert-base,0,42,threads,test,0
correct_prediction,,True,2397,1,caption,1,1,phobert-base,1,42,facebook,test,0
correct_prediction,,True,3609,0,caption,0,0,phobert-base,0,42,threads,test,0
correct_prediction,,False,4950,0,caption,0,0,phobert-base,0,42,threads,test,0
correct_prediction,,False,6884,0,caption,1,1,phobert-base,1,42,facebook,test,1
correct_prediction,,False,7228,0,caption,1,1,phobert-base,1,42,facebook,test,0
correct_prediction,,False,4770,0,caption,0,0,phobert-base,0,42,threads,test,0
correct_prediction,,True,2744,0,caption,1,1,phobert-base,1,42,facebook,test,0
correct_prediction,,True,4924,0,caption,0,0,phobert-base,0,42,threads,test,0
correct_prediction,,True,5906,0,caption,0,0,phobert-base,0,42,facebook,test,0
false_positive,,True,6375,0,caption,0,0,phobert-base,1,42,facebook,test,0
error_001,,True,2438,0,caption,1,1,phobert-base,0,42,facebook,test,0
correct_prediction,,True,7181,0,caption,1,1,phobert-base,1,42,facebook,test,1
error_001,,False,4611,0,caption,1,1,phobert-base,0,42,threads,test,0
error_001,,True,3164,0,caption,1,1,phobert-base,0,42,threads,test,0
correct_prediction,,True,2929,0,caption,1,1,phobert-base,1,42,facebook,test,0
error_001,,False,6564,0,caption,1,1,phobert-base,0,42,facebook,test,0
correct_prediction,,True,3857,0,caption,0,0,phobert-base,0,42,threads,test,0
correct_prediction,,True,1054,0,caption,0,0,phobert-base,0,42,threads,test,0
correct_prediction,,False,6734,0,caption,1,1,phobert-base,1,42,facebook,test,0
correct_prediction,,True,7011,1,caption,1,1,phobert-base,1,42,facebook,test,0
false_positive,,False,5961,0,caption,0,0,phobert-base,1,42,facebook,test,0
correct_prediction,,True,4574,0,caption,1,1,phobert-base,1,42,threads,test,1
false_positive,,True,2064,0,caption,0,0,phobert-base,1,42,facebook,test,0
correct_prediction,,False,3666,0,caption,0,0,phobert-base,0,42,threads,test,0
correct_prediction,,True,3040,0,caption,1,1,phobert-base,1,42,facebook,test,1
error_001,,False,1392,0,caption,1,1,phobert-base,0,42,threads,test,0
correct_prediction,,True,3125,0,caption,0,0,phobert-base,0,42,threads,test,0
correct_prediction,,True,5288,0,caption,0,0,phobert-base,0,42,threads,test,0
correct_prediction,,False,6679,0,caption,1,1,phobert-base,1,42,facebook,test,1
error_001,,False,591,0,caption,1,1,phobert-base,0,42,threads,test,0
correct_prediction,,False,6634,0,caption,1,1,phobert-base,1,42,facebook,test,0
correct_prediction,,True,3875,1,caption,1,1,phobert-base,1,42,threads,test,0
correct_prediction,,True,1280,1,caption,1,1,phobert-base,1,42,threads,test,0
correct_prediction,,True,430,1,caption,1,1,phobert-base,1,42,threads,test,0
false_positive,,False,889,0,caption,0,0,phobert-base,1,42,threads,test,0
correct_prediction,,False,5371,0,caption,0,0,phobert-base,0,42,threads,test,0
correct_prediction,,True,715,0,caption,0,0,phobert-base,0,42,threads,test,0
false_positive,,True,2463,0,caption,0,0,phobert-base,1,42,facebook,test,0
correct_prediction,,True,4461,0,caption,1,1,phobert-base,1,42,threads,test,0
correct_prediction,,True,4232,0,caption,0,0,phobert-base,0,42,threads,test,0
error_001,,True,3372,0,caption,1,1,phobert-base,0,42,threads,test,0
correct_prediction,,False,4881,0,caption,0,0,phobert-base,0,42,threads,test,0
correct_prediction,,True,1480,0,caption,0,0,phobert-base,0,42,threads,test,1
correct_prediction,,True,116,0,caption,1,1,phobert-base,1,42,threads,test,0
false_positive,,True,6181,0,caption,0,0,phobert-base,1,42,facebook,test,0
correct_prediction,,False,721,0,caption,0,0,phobert-base,0,42,threads,test,0
correct_prediction,,False,5590,0,caption,0,0,phobert-base,0,42,threads,test,0
false_positive,,False,4504,0,caption,0,0,phobert-base,1,42,threads,test,0
correct_prediction,,False,1121,0,caption,0,0,phobert-base,0,42,threads,test,0
correct_prediction,,False,5224,0,caption,0,0,phobert-base,0,42,threads,test,0
correct_prediction,,True,1623,0,caption,0,0,phobert-base,0,42,threads,test,0
false_positive,,False,4503,0,caption,0,0,phobert-base,1,42,threads,test,0
correct_prediction,,True,188,0,caption,0,0,phobert-base,0,42,threads,test,1
error_001,,True,276,0,caption,1,1,phobert-base,0,42,threads,test,0
correct_prediction,,False,4625,0,caption,0,0,phobert-base,0,42,threads,test,0
correct_prediction,,True,4164,0,caption,0,0,phobert-base,0,42,threads,test,0
error_001,,True,6329,0,caption,1,1,phobert-base,0,42,facebook,test,0
correct_prediction,,True,4964,0,caption,0,0,phobert-base,0,42,threads,test,0
correct_prediction,,True,4669,0,caption,0,0,phobert-base,0,42,threads,test,0
correct_prediction,,True,4201,0,caption,0,0,phobert-base,0,42,threads,test,0
correct_prediction,,False,2830,1,caption,1,1,phobert-base,1,42,facebook,test,1
correct_prediction,,True,1714,0,caption,1,1,phobert-base,1,42,threads,test,0
error_001,,True,209,0,caption,1,1,phobert-base,0,42,threads,test,0
correct_prediction,,True,4048,0,caption,1,1,phobert-base,1,42,threads,test,0
correct_prediction,,True,6968,1,caption,1,1,phobert-base,1,42,facebook,test,0
correct_prediction,,True,2151,1,caption,1,1,phobert-base,1,42,facebook,test,0
correct_prediction,,True,5565,0,caption,0,0,phobert-base,0,42,threads,test,0
correct_prediction,,False,6476,0,caption,1,1,phobert-base,1,42,facebook,test,0
correct_prediction,,True,5666,0,caption,0,0,phobert-base,0,42,threads,test,0
correct_prediction,,False,3827,0,caption,0,0,phobert-base,0,42,threads,test,0
correct_prediction,,False,1207,0,caption,1,1,phobert-base,1,42,threads,test,0
false_positive,,True,6735,0,caption,0,0,phobert-base,1,42,facebook,test,0
correct_prediction,,False,2077,0,caption,1,1,phobert-base,1,42,facebook,test,1
false_positive,,True,932,0,caption,0,0,phobert-base,1,42,threads,test,0
correct_prediction,,True,235,0,caption,0,0,phobert-base,0,42,threads,test,0
correct_prediction,,False,593,0,caption,0,0,phobert-base,0,42,threads,test,0
false_positive,,True,2166,0,caption,0,0,phobert-base,1,42,facebook,test,0
correct_prediction,,True,6353,0,caption,0,0,phobert-base,0,42,facebook,test,0
false_positive,,True,137,0,caption,0,0,phobert-base,1,42,threads,test,0
correct_prediction,,False,4545,0,caption,0,0,phobert-base,0,42,threads,test,0
correct_prediction,,False,4901,0,caption,0,0,phobert-base,0,42,threads,test,0
false_positive,,True,333,0,caption,0,0,phobert-base,1,42,threads,test,0
correct_prediction,,False,4040,0,caption,0,0,phobert-base,0,42,threads,test,0
false_positive,,True,289,0,caption,0,0,phobert-base,1,42,threads,test,0
correct_prediction,,True,361,0,caption,0,0,phobert-base,0,42,threads,test,0
false_positive,,True,2216,0,caption,0,0,phobert-base,1,42,facebook,test,0
correct_prediction,,True,2356,1,caption,1,1,phobert-base,1,42,facebook,test,0
correct_prediction,,True,1686,0,caption,0,0,phobert-base,0,42,threads,test,0
correct_prediction,,False,6644,0,caption,1,1,phobert-base,1,42,facebook,test,0
false_positive,,True,2715,0,caption,0,0,phobert-base,1,42,facebook,test,0
correct_prediction,,True,3510,0,caption,0,0,phobert-base,0,42,threads,test,0
error_001,,True,5575,0,caption,1,1,phobert-base,0,42,threads,test,0
correct_prediction,,True,548,0,caption,0,0,phobert-base,0,42,threads,test,0
correct_prediction,,True,427,0,caption,0,0,phobert-base,0,42,threads,test,0
false_positive,,True,5880,0,caption,0,0,phobert-base,1,42,facebook,test,0
correct_prediction,,False,4651,0,caption,0,0,phobert-base,0,42,threads,test,0
correct_prediction,,True,3635,0,caption,0,0,phobert-base,0,42,threads,test,0
correct_prediction,,False,4510,0,caption,0,0,phobert-base,0,42,threads,test,0
false_positive,,True,5245,0,caption,0,0,phobert-base,1,42,threads,test,0
correct_prediction,,False,2629,0,caption,1,1,phobert-base,1,42,facebook,test,0
correct_prediction,,True,5061,0,caption,0,0,phobert-base,0,42,threads,test,0
correct_prediction,,True,2280,1,caption,1,1,phobert-base,1,42,facebook,test,0
correct_prediction,,False,6615,1,caption,1,1,phobert-base,1,42,facebook,test,1
correct_prediction,,True,3850,0,caption,0,0,phobert-base,0,42,threads,test,0
correct_prediction,,False,3533,0,caption,0,0,phobert-base,0,42,threads,test,0
false_positive,,True,7009,0,caption,0,0,phobert-base,1,42,facebook,test,0
false_positive,,True,5548,0,caption,0,0,phobert-base,1,42,threads,test,0
false_positive,,True,2215,0,caption,0,0,phobert-base,1,42,facebook,test,0
correct_prediction,,True,2229,0,caption,0,0,phobert-base,0,42,facebook,test,0
correct_prediction,,False,5999,0,caption,1,1,phobert-base,1,42,facebook,test,1
correct_prediction,,True,2947,0,caption,1,1,phobert-base,1,42,facebook,test,0
correct_prediction,,True,4088,0,caption,0,0,phobert-base,0,42,threads,test,0
correct_prediction,,False,1574,0,caption,0,0,phobert-base,0,42,threads,test,0
correct_prediction,,False,2713,0,caption,1,1,phobert-base,1,42,facebook,test,0
correct_prediction,,True,3881,0,caption,0,0,phobert-base,0,42,threads,test,0
correct_prediction,,True,1734,0,caption,0,0,phobert-base,0,42,threads,test,0
false_positive,,True,6961,0,caption,0,0,phobert-base,1,42,facebook,test,0
false_positive,,True,4575,0,caption,0,0,phobert-base,1,42,threads,test,0
correct_prediction,,True,1417,0,caption,0,0,phobert-base,0,42,threads,test,0
correct_prediction,,True,3267,0,caption,0,0,phobert-base,0,42,threads,test,0
correct_prediction,,False,1298,0,caption,0,0,phobert-base,0,42,threads,test,0
correct_prediction,,True,7214,0,caption,1,1,phobert-base,1,42,facebook,test,0
correct_prediction,,False,5140,0,caption,0,0,phobert-base,0,42,threads,test,0
false_positive,,True,7215,0,caption,0,0,phobert-base,1,42,facebook,test,0
correct_prediction,,True,619,0,caption,1,1,phobert-base,1,42,threads,test,0
correct_prediction,,True,2544,1,caption,1,1,phobert-base,1,42,facebook,test,0
correct_prediction,,True,2894,0,caption,1,1,phobert-base,1,42,facebook,test,0
correct_prediction,,True,668,0,caption,0,0,phobert-base,0,42,threads,test,0
error_001,,True,308,0,caption,1,1,phobert-base,0,42,threads,test,0
correct_prediction,,True,2727,1,caption,1,1,phobert-base,1,42,facebook,test,0
correct_prediction,,False,1107,0,caption,0,0,phobert-base,0,42,threads,test,1
correct_prediction,,False,834,0,caption,0,0,phobert-base,0,42,threads,test,0
correct_prediction,,True,30,0,caption,0,0,phobert-base,0,42,threads,test,0
false_positive,,True,2564,0,caption,0,0,phobert-base,1,42,facebook,test,0
correct_prediction,,False,3673,0,caption,0,0,phobert-base,0,42,threads,test,0
false_positive,,True,2048,0,caption,0,0,phobert-base,1,42,facebook,test,0
correct_prediction,,True,2303,0,caption,0,0,phobert-base,0,42,facebook,test,0
correct_prediction,,True,4498,0,caption,0,0,phobert-base,0,42,threads,test,0
correct_prediction,,False,5995,0,caption,1,1,phobert-base,1,42,facebook,test,0
correct_prediction,,True,1464,0,caption,0,0,phobert-base,0,42,threads,test,0
correct_prediction,,False,2831,0,caption,1,1,phobert-base,1,42,facebook,test,1
correct_prediction,,True,147,0,caption,0,0,phobert-base,0,42,threads,test,0
correct_prediction,,True,6310,1,caption,1,1,phobert-base,1,42,facebook,test,0
correct_prediction,,True,7328,0,caption,1,1,phobert-base,1,42,facebook,test,0
false_positive,,False,2818,0,caption,0,0,phobert-base,1,42,facebook,test,0
false_positive,,True,5703,0,caption,0,0,phobert-base,1,42,facebook,test,0
correct_prediction,,True,691,0,caption,1,1,phobert-base,1,42,threads,test,1
correct_prediction,,False,817,0,caption,0,0,phobert-base,0,42,threads,test,0
correct_prediction,,False,3622,0,caption,0,0,phobert-base,0,42,threads,test,0
correct_prediction,,False,5024,0,caption,0,0,phobert-base,0,42,threads,test,0
correct_prediction,,False,2203,0,caption,1,1,phobert-base,1,42,facebook,test,0
correct_prediction,,False,6536,0,caption,1,1,phobert-base,1,42,facebook,test,0
correct_prediction,,False,204,0,caption,0,0,phobert-base,0,42,threads,test,1
error_001,,True,491,0,caption,1,1,phobert-base,0,42,threads,test,0
false_positive,,False,1960,0,caption,0,0,phobert-base,1,42,facebook,test,0
correct_prediction,,False,718,0,caption,0,0,phobert-base,0,42,threads,test,0
false_positive,,True,6394,0,caption,0,0,phobert-base,1,42,facebook,test,0
error_001,,False,53,0,caption,1,1,phobert-base,0,42,threads,test,0
false_positive,,False,2787,0,caption,0,0,phobert-base,1,42,facebook,test,0
correct_prediction,,True,5089,0,caption,0,0,phobert-base,0,42,threads,test,0
correct_prediction,,True,2882,0,caption,1,1,phobert-base,1,42,facebook,test,1
correct_prediction,,True,1789,0,caption,0,0,phobert-base,0,42,threads,test,1
correct_prediction,,False,6978,0,caption,1,1,phobert-base,1,42,facebook,test,0
correct_prediction,,True,6577,0,caption,1,1,phobert-base,1,42,facebook,test,0
correct_prediction,,True,3769,0,caption,0,0,phobert-base,0,42,threads,test,0
correct_prediction,,False,335,0,caption,0,0,phobert-base,0,42,threads,test,0
correct_prediction,,True,5219,0,caption,0,0,phobert-base,0,42,threads,test,0
false_positive,,True,7086,0,caption,0,0,phobert-base,1,42,facebook,test,0
error_001,,True,3896,0,caption,1,1,phobert-base,0,42,threads,test,0
correct_prediction,,False,1930,0,caption,1,1,phobert-base,1,42,facebook,test,1
correct_prediction,,True,2590,0,caption,0,0,phobert-base,0,42,facebook,test,0
false_positive,,True,7049,0,caption,0,0,phobert-base,1,42,facebook,test,0
correct_prediction,,False,2805,0,caption,1,1,phobert-base,1,42,facebook,test,0
correct_prediction,,True,3496,0,caption,0,0,phobert-base,0,42,threads,test,0
correct_prediction,,True,2367,1,caption,1,1,phobert-base,1,42,facebook,test,0
error_001,,True,3746,0,caption,1,1,phobert-base,0,42,threads,test,0
false_positive,,True,6337,0,caption,0,0,phobert-base,1,42,facebook,test,0
error_001,,True,4887,0,caption,1,1,phobert-base,0,42,threads,test,0
correct_prediction,,True,2585,1,caption,1,1,phobert-base,1,42,facebook,test,0
correct_prediction,,True,2288,1,caption,1,1,phobert-base,1,42,facebook,test,0
false_positive,,True,2134,0,caption,0,0,phobert-base,1,42,facebook,test,0
correct_prediction,,False,3685,0,caption,0,0,phobert-base,0,42,threads,test,0
correct_prediction,,False,5736,0,caption,1,1,phobert-base,1,42,facebook,test,0
correct_prediction,,True,3225,0,caption,0,0,phobert-base,0,42,threads,test,0
correct_prediction,,False,675,0,caption,1,1,phobert-base,1,42,threads,test,1
correct_prediction,,True,5074,0,caption,0,0,phobert-base,0,42,threads,test,0
correct_prediction,,True,3866,0,caption,0,0,phobert-base,0,42,threads,test,0
correct_prediction,,True,2695,0,caption,1,1,phobert-base,1,42,facebook,test,1
false_positive,,True,3968,0,caption,0,0,phobert-base,1,42,threads,test,0
correct_prediction,,True,6957,1,caption,1,1,phobert-base,1,42,facebook,test,0
correct_prediction,,False,4720,0,caption,0,0,phobert-base,0,42,threads,test,0
correct_prediction,,False,3713,0,caption,0,0,phobert-base,0,42,threads,test,0
correct_prediction,,False,1809,0,caption,0,0,phobert-base,0,42,threads,test,0
correct_prediction,,True,3043,0,caption,1,1,phobert-base,1,42,facebook,test,1
correct_prediction,,False,6942,0,caption,1,1,phobert-base,1,42,facebook,test,1
correct_prediction,,True,3678,0,caption,0,0,phobert-base,0,42,threads,test,0
correct_prediction,,True,7289,1,caption,1,1,phobert-base,1,42,facebook,test,0
false_positive,,False,1974,0,caption,0,0,phobert-base,1,42,facebook,test,0
correct_prediction,,False,4805,0,caption,0,0,phobert-base,0,42,threads,test,0
false_positive,,True,4026,0,caption,0,0,phobert-base,1,42,threads,test,1
false_positive,,True,557,0,caption,0,0,phobert-base,1,42,threads,test,0
correct_prediction,,True,7287,0,caption,1,1,phobert-base,1,42,facebook,test,1
correct_prediction,,True,2187,0,caption,1,1,phobert-base,1,42,facebook,test,0
error_001,,True,1647,0,caption,1,1,phobert-base,0,42,threads,test,0
correct_prediction,,True,3485,0,caption,1,1,phobert-base,1,42,threads,test,1
correct_prediction,,True,6436,0,caption,1,1,phobert-base,1,42,facebook,test,0
correct_prediction,,True,4220,0,caption,0,0,phobert-base,0,42,threads,test,0
correct_prediction,,False,138,0,caption,0,0,phobert-base,0,42,threads,test,0
correct_prediction,,True,2639,0,caption,1,1,phobert-base,1,42,facebook,test,0
correct_prediction,,False,4705,0,caption,0,0,phobert-base,0,42,threads,test,0
correct_prediction,,True,3475,0,caption,0,0,phobert-base,0,42,threads,test,0
correct_prediction,,True,1056,0,caption,0,0,phobert-base,0,42,threads,test,0
error_001,,True,1453,0,caption,1,1,phobert-base,0,42,threads,test,0
correct_prediction,,True,5220,0,caption,1,1,phobert-base,1,42,threads,test,0
correct_prediction,,False,6847,0,caption,1,1,phobert-base,1,42,facebook,test,0
correct_prediction,,False,3219,0,caption,0,0,phobert-base,0,42,threads,test,0
correct_prediction,,True,1040,0,caption,0,0,phobert-base,0,42,threads,test,0
correct_prediction,,True,1271,0,caption,0,0,phobert-base,0,42,threads,test,0
correct_prediction,,True,2870,0,caption,1,1,phobert-base,1,42,facebook,test,1
false_positive,,True,4764,0,caption,0,0,phobert-base,1,42,threads,test,0
correct_prediction,,True,5650,0,caption,1,1,phobert-base,1,42,threads,test,1
correct_prediction,,False,4635,0,caption,0,0,phobert-base,0,42,threads,test,0
correct_prediction,,True,4713,0,caption,0,0,phobert-base,0,42,threads,test,0
correct_prediction,,True,4718,0,caption,0,0,phobert-base,0,42,threads,test,0
correct_prediction,,True,5865,1,caption,1,1,phobert-base,1,42,facebook,test,0
false_positive,,False,5047,0,caption,0,0,phobert-base,1,42,threads,test,0
correct_prediction,,True,2358,0,caption,1,1,phobert-base,1,42,facebook,test,0
correct_prediction,,True,2093,0,caption,0,0,phobert-base,0,42,facebook,test,0
correct_prediction,,False,5077,0,caption,0,0,phobert-base,0,42,threads,test,0
error_001,,False,3731,0,caption,1,1,phobert-base,0,42,threads,test,0
correct_prediction,,False,3788,0,caption,0,0,phobert-base,0,42,threads,test,0
correct_prediction,,True,4435,0,caption,0,0,phobert-base,0,42,threads,test,0
false_positive,,True,3079,0,caption,0,0,phobert-base,1,42,facebook,test,0
correct_prediction,,True,5515,0,caption,0,0,phobert-base,0,42,threads,test,0
correct_prediction,,True,5562,0,caption,0,0,phobert-base,0,42,threads,test,0
false_positive,,True,7331,0,caption,0,0,phobert-base,1,42,facebook,test,0
correct_prediction,,False,6680,0,caption,1,1,phobert-base,1,42,facebook,test,0
correct_prediction,,False,7141,0,caption,1,1,phobert-base,1,42,facebook,test,0
false_positive,,True,7295,0,caption,0,0,phobert-base,1,42,facebook,test,0
correct_prediction,,True,7100,0,caption,0,0,phobert-base,0,42,facebook,test,0
correct_prediction,,True,4456,0,caption,0,0,phobert-base,0,42,threads,test,0
false_positive,,False,1369,0,caption,0,0,phobert-base,1,42,threads,test,0
false_positive,,True,3015,0,caption,0,0,phobert-base,1,42,facebook,test,1
correct_prediction,,True,5378,0,caption,0,0,phobert-base,0,42,threads,test,0
correct_prediction,,True,2763,0,caption,0,0,phobert-base,0,42,facebook,test,0
correct_prediction,,False,6360,0,caption,0,0,phobert-base,0,42,facebook,test,0
correct_prediction,,True,3117,0,caption,0,0,phobert-base,0,42,threads,test,0
error_001,,True,6106,0,caption,1,1,phobert-base,0,42,facebook,test,0
correct_prediction,,True,2521,0,caption,1,1,phobert-base,1,42,facebook,test,0
correct_prediction,,True,990,0,caption,0,0,phobert-base,0,42,threads,test,0
correct_prediction,,False,1503,0,caption,0,0,phobert-base,0,42,threads,test,0
correct_prediction,,True,1490,0,caption,0,0,phobert-base,0,42,threads,test,0
correct_prediction,,False,3623,0,caption,0,0,phobert-base,0,42,threads,test,0
correct_prediction,,True,987,1,caption,1,1,phobert-base,1,42,threads,test,1
correct_prediction,,True,4401,0,caption,0,0,phobert-base,0,42,threads,test,0
correct_prediction,,False,6855,0,caption,1,1,phobert-base,1,42,facebook,test,0
correct_prediction,,True,6049,0,caption,0,0,phobert-base,0,42,facebook,test,0
correct_prediction,,False,812,0,caption,0,0,phobert-base,0,42,threads,test,0
correct_prediction,,False,4267,0,caption,0,0,phobert-base,0,42,threads,test,0
correct_prediction,,True,4197,0,caption,0,0,phobert-base,0,42,threads,test,1
false_positive,,True,2296,0,caption,0,0,phobert-base,1,42,facebook,test,0
correct_prediction,,True,6594,0,caption,1,1,phobert-base,1,42,facebook,test,0
correct_prediction,,True,5139,0,caption,0,0,phobert-base,0,42,threads,test,0
correct_prediction,,True,3289,0,caption,0,0,phobert-base,0,42,threads,test,0
error_001,,True,1624,0,caption,1,1,phobert-base,0,42,threads,test,0
false_positive,,False,3952,0,caption,0,0,phobert-base,1,42,threads,test,1
false_positive,,True,6060,0,caption,0,0,phobert-base,1,42,facebook,test,0
error_001,,False,3824,0,caption,1,1,phobert-base,0,42,threads,test,0
correct_prediction,,True,5482,0,caption,0,0,phobert-base,0,42,threads,test,0
correct_prediction,,False,5568,0,caption,0,0,phobert-base,0,42,threads,test,0
false_positive,,True,3913,0,caption,0,0,phobert-base,1,42,threads,test,0
correct_prediction,,True,7004,0,caption,1,1,phobert-base,1,42,facebook,test,0
correct_prediction,,False,6664,0,caption,1,1,phobert-base,1,42,facebook,test,1
correct_prediction,,False,4871,0,caption,0,0,phobert-base,0,42,threads,test,0
correct_prediction,,True,3960,0,caption,0,0,phobert-base,0,42,threads,test,0
error_001,,False,4500,0,caption,1,1,phobert-base,0,42,threads,test,0
correct_prediction,,True,1688,0,caption,0,0,phobert-base,0,42,threads,test,0
correct_prediction,,False,7092,0,caption,1,1,phobert-base,1,42,facebook,test,0
correct_prediction,,True,3491,0,caption,0,0,phobert-base,0,42,threads,test,0
correct_prediction,,False,5564,0,caption,0,0,phobert-base,0,42,threads,test,0
false_positive,,True,7220,1,caption,0,0,phobert-base,1,42,facebook,test,0
false_positive,,True,6151,0,caption,0,0,phobert-base,1,42,facebook,test,0
correct_prediction,,True,2470,1,caption,1,1,phobert-base,1,42,facebook,test,0
false_positive,,True,1964,0,caption,0,0,phobert-base,1,42,facebook,test,0
correct_prediction,,True,2382,1,caption,1,1,phobert-base,1,42,facebook,test,0
correct_prediction,,True,4272,0,caption,0,0,phobert-base,0,42,threads,test,0
correct_prediction,,False,1867,0,caption,1,1,phobert-base,1,42,facebook,test,0
correct_prediction,,True,5421,0,caption,0,0,phobert-base,0,42,threads,test,0
correct_prediction,,False,1268,0,caption,1,1,phobert-base,1,42,threads,test,1
correct_prediction,,True,4755,0,caption,0,0,phobert-base,0,42,threads,test,0
correct_prediction,,False,6523,0,caption,1,1,phobert-base,1,42,facebook,test,1
false_positive,,False,826,0,caption,0,0,phobert-base,1,42,threads,test,1
false_positive,,True,3167,0,caption,0,0,phobert-base,1,42,threads,test,0
correct_prediction,,False,1463,0,caption,1,1,phobert-base,1,42,threads,test,0
correct_prediction,,False,6823,0,caption,1,1,phobert-base,1,42,facebook,test,0
error_001,,True,4355,0,caption,1,1,phobert-base,0,42,threads,test,0
correct_prediction,,True,1906,0,caption,1,1,phobert-base,1,42,facebook,test,0
correct_prediction,,True,4344,0,caption,0,0,phobert-base,0,42,threads,test,0
error_001,,True,5788,0,caption,1,1,phobert-base,0,42,facebook,test,0
correct_prediction,,True,3159,0,caption,0,0,phobert-base,0,42,threads,test,0
correct_prediction,,True,4902,0,caption,0,0,phobert-base,0,42,threads,test,0
correct_prediction,,True,144,0,caption,1,1,phobert-base,1,42,threads,test,1
false_positive,,True,6761,0,caption,0,0,phobert-base,1,42,facebook,test,1
false_positive,,True,805,0,caption,0,0,phobert-base,1,42,threads,test,0
correct_prediction,,True,7186,0,caption,1,1,phobert-base,1,42,facebook,test,0
correct_prediction,,True,3182,0,caption,0,0,phobert-base,0,42,threads,test,0
correct_prediction,,True,1303,1,caption,1,1,phobert-base,1,42,threads,test,0
correct_prediction,,False,4092,0,caption,0,0,phobert-base,0,42,threads,test,0
correct_prediction,,False,5450,0,caption,0,0,phobert-base,0,42,threads,test,0
false_positive,,False,3378,0,caption,0,0,phobert-base,1,42,threads,test,0
correct_prediction,,False,6551,0,caption,1,1,phobert-base,1,42,facebook,test,0
error_001,,True,3487,0,caption,1,1,phobert-base,0,42,threads,test,0
correct_prediction,,True,2049,0,caption,1,1,phobert-base,1,42,facebook,test,0
correct_prediction,,True,3667,0,caption,0,0,phobert-base,0,42,threads,test,0
correct_prediction,,True,5702,0,caption,1,1,phobert-base,1,42,facebook,test,1
correct_prediction,,True,7250,0,caption,1,1,phobert-base,1,42,facebook,test,1
false_positive,,True,3969,0,caption,0,0,phobert-base,1,42,threads,test,0
correct_prediction,,True,478,0,caption,0,0,phobert-base,0,42,threads,test,1
false_positive,,True,5816,0,caption,0,0,phobert-base,1,42,facebook,test,0
correct_prediction,,True,1043,0,caption,0,0,phobert-base,0,42,threads,test,0
correct_prediction,,True,6451,1,caption,1,1,phobert-base,1,42,facebook,test,0
correct_prediction,,True,2990,0,caption,0,0,phobert-base,0,42,facebook,test,0
correct_prediction,,False,5193,0,caption,0,0,phobert-base,0,42,threads,test,0
correct_prediction,,True,6509,1,caption,1,1,phobert-base,1,42,facebook,test,0
correct_prediction,,True,7159,0,caption,0,0,phobert-base,0,42,facebook,test,0
correct_prediction,,True,6556,0,caption,0,0,phobert-base,0,42,facebook,test,0
correct_prediction,,False,4752,0,caption,0,0,phobert-base,0,42,threads,test,0
correct_prediction,,True,7277,1,caption,1,1,phobert-base,1,42,facebook,test,0
correct_prediction,,False,6546,0,caption,1,1,phobert-base,1,42,facebook,test,1
correct_prediction,,False,6960,0,caption,1,1,phobert-base,1,42,facebook,test,0
correct_prediction,,False,4514,0,caption,0,0,phobert-base,0,42,threads,test,0
correct_prediction,,False,2739,0,caption,1,1,phobert-base,1,42,facebook,test,1
false_positive,,False,5281,0,caption,0,0,phobert-base,1,42,threads,test,0
false_positive,,False,555,0,caption,0,0,phobert-base,1,42,threads,test,0
correct_prediction,,True,7074,1,caption,1,1,phobert-base,1,42,facebook,test,0
correct_prediction,,False,4038,0,caption,0,0,phobert-base,0,42,threads,test,0
error_001,,False,5054,0,caption,1,1,phobert-base,0,42,threads,test,0
false_positive,,True,6051,0,caption,0,0,phobert-base,1,42,facebook,test,0
correct_prediction,,True,6443,0,caption,0,0,phobert-base,0,42,facebook,test,0
correct_prediction,,True,6603,1,caption,1,1,phobert-base,1,42,facebook,test,0
correct_prediction,,False,5760,0,caption,1,1,phobert-base,1,42,facebook,test,0
correct_prediction,,True,2538,1,caption,1,1,phobert-base,1,42,facebook,test,0
false_positive,,True,3665,0,caption,0,0,phobert-base,1,42,threads,test,0
correct_prediction,,True,2529,1,caption,1,1,phobert-base,1,42,facebook,test,0
false_positive,,False,4427,0,caption,0,0,phobert-base,1,42,threads,test,0
correct_prediction,,False,1432,0,caption,1,1,phobert-base,1,42,threads,test,0
correct_prediction,,False,127,0,caption,0,0,phobert-base,0,42,threads,test,0
correct_prediction,,True,2469,1,caption,1,1,phobert-base,1,42,facebook,test,0
correct_prediction,,True,101,0,caption,1,1,phobert-base,1,42,threads,test,1
correct_prediction,,True,4199,0,caption,0,0,phobert-base,0,42,threads,test,0
correct_prediction,,True,6899,1,caption,1,1,phobert-base,1,42,facebook,test,0
correct_prediction,,True,523,0,caption,0,0,phobert-base,0,42,threads,test,0
correct_prediction,,True,4642,0,caption,0,0,phobert-base,0,42,threads,test,0
correct_prediction,,True,3187,0,caption,0,0,phobert-base,0,42,threads,test,0
correct_prediction,,True,1354,0,caption,0,0,phobert-base,0,42,threads,test,0
correct_prediction,,True,383,1,caption,0,0,phobert-base,0,42,threads,test,0
correct_prediction,,True,313,0,caption,0,0,phobert-base,0,42,threads,test,0
correct_prediction,,False,6790,0,caption,1,1,phobert-base,1,42,facebook,test,0
false_positive,,True,5964,0,caption,0,0,phobert-base,1,42,facebook,test,0
correct_prediction,,True,2999,0,caption,1,1,phobert-base,1,42,facebook,test,0
correct_prediction,,False,4614,0,caption,1,1,phobert-base,1,42,threads,test,0
correct_prediction,,False,4360,0,caption,0,0,phobert-base,0,42,threads,test,0
correct_prediction,,False,3994,0,caption,0,0,phobert-base,0,42,threads,test,0
correct_prediction,,True,7254,0,caption,1,1,phobert-base,1,42,facebook,test,0
error_001,,False,3513,0,caption,1,1,phobert-base,0,42,threads,test,0
error_001,,False,1479,0,caption,1,1,phobert-base,0,42,threads,test,0
correct_prediction,,False,4739,0,caption,0,0,phobert-base,0,42,threads,test,0
correct_prediction,,True,5826,1,caption,1,1,phobert-base,1,42,facebook,test,0
error_001,,True,1802,0,caption,1,1,phobert-base,0,42,threads,test,0
correct_prediction,,False,796,0,caption,0,0,phobert-base,0,42,threads,test,0
false_positive,,False,6155,0,caption,0,0,phobert-base,1,42,facebook,test,0
correct_prediction,,True,1808,0,caption,0,0,phobert-base,0,42,threads,test,0
false_positive,,True,7291,0,caption,0,0,phobert-base,1,42,facebook,test,0
false_positive,,True,6086,0,caption,0,0,phobert-base,1,42,facebook,test,0
error_001,,False,521,0,caption,1,1,phobert-base,0,42,threads,test,0
correct_prediction,,True,4451,0,caption,0,0,phobert-base,0,42,threads,test,0
correct_prediction,,True,6044,1,caption,1,1,phobert-base,1,42,facebook,test,0
correct_prediction,,True,644,0,caption,0,0,phobert-base,0,42,threads,test,0
false_positive,,True,4463,0,caption,0,0,phobert-base,1,42,threads,test,0
correct_prediction,,True,3956,0,caption,0,0,phobert-base,0,42,threads,test,0
false_positive,,True,1778,0,caption,0,0,phobert-base,1,42,threads,test,0
false_positive,,True,6217,0,caption,0,0,phobert-base,1,42,facebook,test,0
correct_prediction,,True,2426,1,caption,1,1,phobert-base,1,42,facebook,test,0
false_positive,,True,3497,0,caption,0,0,phobert-base,1,42,threads,test,1
correct_prediction,,True,2376,1,caption,1,1,phobert-base,1,42,facebook,test,0
correct_prediction,,False,2057,0,caption,1,1,phobert-base,1,42,facebook,test,0
correct_prediction,,False,2567,0,caption,1,1,phobert-base,1,42,facebook,test,0
correct_prediction,,True,6517,0,caption,1,1,phobert-base,1,42,facebook,test,0
correct_prediction,,False,4432,0,caption,1,1,phobert-base,1,42,threads,test,1
correct_prediction,,True,2622,0,caption,1,1,phobert-base,1,42,facebook,test,0
false_positive,,False,5824,0,caption,0,0,phobert-base,1,42,facebook,test,0
correct_prediction,,False,7239,0,caption,1,1,phobert-base,1,42,facebook,test,0
false_positive,,True,4034,0,caption,0,0,phobert-base,1,42,threads,test,0
correct_prediction,,False,892,0,caption,1,1,phobert-base,1,42,threads,test,0
correct_prediction,,True,502,0,caption,1,1,phobert-base,1,42,threads,test,0
error_001,,True,297,0,caption,1,1,phobert-base,0,42,threads,test,0
error_001,,True,258,0,caption,1,1,phobert-base,0,42,threads,test,0
correct_prediction,,False,4889,0,caption,0,0,phobert-base,0,42,threads,test,0
correct_prediction,,True,3930,0,caption,0,0,phobert-base,0,42,threads,test,0
error_001,,True,5728,0,caption,1,1,phobert-base,0,42,facebook,test,0
correct_prediction,,True,4675,0,caption,1,1,phobert-base,1,42,threads,test,0
false_positive,,True,6359,0,caption,0,0,phobert-base,1,42,facebook,test,0
correct_prediction,,True,4492,0,caption,0,0,phobert-base,0,42,threads,test,0
correct_prediction,,False,5272,0,caption,0,0,phobert-base,0,42,threads,test,0
correct_prediction,,False,6574,0,caption,1,1,phobert-base,1,42,facebook,test,0
correct_prediction,,False,6427,0,caption,1,1,phobert-base,1,42,facebook,test,0
false_positive,,True,2327,0,caption,0,0,phobert-base,1,42,facebook,test,0
correct_prediction,,False,5249,0,caption,0,0,phobert-base,0,42,threads,test,0
correct_prediction,,False,5361,0,caption,0,0,phobert-base,0,42,threads,test,0
correct_prediction,,True,2952,0,caption,1,1,phobert-base,1,42,facebook,test,1
correct_prediction,,False,2053,0,caption,1,1,phobert-base,1,42,facebook,test,0
false_positive,,False,1020,0,caption,0,0,phobert-base,1,42,threads,test,0
correct_prediction,,True,1604,0,caption,0,0,phobert-base,0,42,threads,test,0
correct_prediction,,True,2832,0,caption,0,0,phobert-base,0,42,facebook,test,1
correct_prediction,,True,5579,0,caption,0,0,phobert-base,0,42,threads,test,0
false_positive,,False,1977,0,caption,0,0,phobert-base,1,42,facebook,test,0
correct_prediction,,True,4790,0,caption,0,0,phobert-base,0,42,threads,test,0
correct_prediction,,True,2839,0,caption,1,1,phobert-base,1,42,facebook,test,0
correct_prediction,,False,4604,0,caption,0,0,phobert-base,0,42,threads,test,0
correct_prediction,,True,490,0,caption,0,0,phobert-base,0,42,threads,test,0
correct_prediction,,False,4900,0,caption,0,0,phobert-base,0,42,threads,test,0
correct_prediction,,False,1206,0,caption,0,0,phobert-base,0,42,threads,test,0
correct_prediction,,False,6919,0,caption,1,1,phobert-base,1,42,facebook,test,0
correct_prediction,,False,5013,0,caption,0,0,phobert-base,0,42,threads,test,0
correct_prediction,,False,530,0,caption,1,1,phobert-base,1,42,threads,test,1
correct_prediction,,True,7127,0,caption,0,0,phobert-base,0,42,facebook,test,0
correct_prediction,,True,5130,0,caption,0,0,phobert-base,0,42,threads,test,0
correct_prediction,,True,6450,0,caption,0,0,phobert-base,0,42,facebook,test,0
correct_prediction,,False,3798,0,caption,1,1,phobert-base,1,42,threads,test,1
correct_prediction,,True,3230,0,caption,0,0,phobert-base,0,42,threads,test,0
correct_prediction,,True,4827,0,caption,0,0,phobert-base,0,42,threads,test,0
correct_prediction,,True,1022,0,caption,0,0,phobert-base,0,42,threads,test,0
correct_prediction,,False,5302,0,caption,0,0,phobert-base,0,42,threads,test,0
false_positive,,True,3645,0,caption,0,0,phobert-base,1,42,threads,test,0
correct_prediction,,True,1037,0,caption,0,0,phobert-base,0,42,threads,test,1
correct_prediction,,True,6000,0,caption,1,1,phobert-base,1,42,facebook,test,0
correct_prediction,,True,3179,0,caption,0,0,phobert-base,0,42,threads,test,0
correct_prediction,,True,4101,1,caption,1,1,phobert-base,1,42,threads,test,0
correct_prediction,,True,618,0,caption,1,1,phobert-base,1,42,threads,test,0
false_positive,,True,4369,0,caption,0,0,phobert-base,1,42,threads,test,0
correct_prediction,,True,2428,0,caption,0,0,phobert-base,0,42,facebook,test,0
correct_prediction,,True,4304,0,caption,0,0,phobert-base,0,42,threads,test,0
correct_prediction,,True,2113,0,caption,1,1,phobert-base,1,42,facebook,test,0
correct_prediction,,False,2724,0,caption,1,1,phobert-base,1,42,facebook,test,1
correct_prediction,,False,5930,0,caption,1,1,phobert-base,1,42,facebook,test,0
correct_prediction,,False,5205,0,caption,0,0,phobert-base,0,42,threads,test,0
correct_prediction,,True,411,0,caption,1,1,phobert-base,1,42,threads,test,1
correct_prediction,,False,743,0,caption,0,0,phobert-base,0,42,threads,test,0
correct_prediction,,True,2558,1,caption,1,1,phobert-base,1,42,facebook,test,0
correct_prediction,,False,426,0,caption,0,0,phobert-base,0,42,threads,test,0
correct_prediction,,True,7221,0,caption,1,1,phobert-base,1,42,facebook,test,0
correct_prediction,,True,1653,0,caption,1,1,phobert-base,1,42,threads,test,1
correct_prediction,,True,4744,0,caption,0,0,phobert-base,0,42,threads,test,0
correct_prediction,,True,7014,1,caption,1,1,phobert-base,1,42,facebook,test,0
correct_prediction,,True,6677,0,caption,1,1,phobert-base,1,42,facebook,test,0
correct_prediction,,False,5282,0,caption,0,0,phobert-base,0,42,threads,test,0
correct_prediction,,True,6037,1,caption,1,1,phobert-base,1,42,facebook,test,0
correct_prediction,,True,4241,0,caption,0,0,phobert-base,0,42,threads,test,0
false_positive,,False,16,0,caption,0,0,phobert-base,1,42,threads,test,0
false_positive,,True,256,0,caption,0,0,phobert-base,1,42,threads,test,1
correct_prediction,,True,6856,1,caption,0,0,phobert-base,0,42,facebook,test,0
false_positive,,True,4132,0,caption,0,0,phobert-base,1,42,threads,test,0
false_positive,,True,3518,0,caption,0,0,phobert-base,1,42,threads,test,0
correct_prediction,,False,1348,0,caption,0,0,phobert-base,0,42,threads,test,0
correct_prediction,,True,4057,0,caption,0,0,phobert-base,0,42,threads,test,0
correct_prediction,,False,2729,0,caption,1,1,phobert-base,1,42,facebook,test,0
correct_prediction,,True,3110,0,caption,0,0,phobert-base,0,42,threads,test,0
correct_prediction,,False,1217,0,caption,0,0,phobert-base,0,42,threads,test,0
correct_prediction,,False,5119,0,caption,0,0,phobert-base,0,42,threads,test,0
false_positive,,True,4123,0,caption,0,0,phobert-base,1,42,threads,test,0
correct_prediction,,True,3371,0,caption,0,0,phobert-base,0,42,threads,test,0
correct_prediction,,False,4607,0,caption,0,0,phobert-base,0,42,threads,test,0
correct_prediction,,True,6410,0,caption,1,1,phobert-base,1,42,facebook,test,0
false_positive,,True,2435,1,caption,0,0,phobert-base,1,42,facebook,test,0
correct_prediction,,True,5547,0,caption,0,0,phobert-base,0,42,threads,test,0
correct_prediction,,True,1901,0,caption,1,1,phobert-base,1,42,facebook,test,1
error_001,,True,4258,0,caption,1,1,phobert-base,0,42,threads,test,0
correct_prediction,,True,6271,0,caption,1,1,phobert-base,1,42,facebook,test,1
correct_prediction,,True,6067,0,caption,0,0,phobert-base,0,42,facebook,test,0
correct_prediction,,True,406,0,caption,0,0,phobert-base,0,42,threads,test,0
error_001,,True,3143,0,caption,1,1,phobert-base,0,42,threads,test,0
correct_prediction,,True,2992,0,caption,0,0,phobert-base,0,42,facebook,test,1
correct_prediction,,False,2792,0,caption,1,1,phobert-base,1,42,facebook,test,0
correct_prediction,,True,4507,0,caption,0,0,phobert-base,0,42,threads,test,0
error_001,,True,2308,0,caption,1,1,phobert-base,0,42,facebook,test,0
correct_prediction,,True,1248,0,caption,0,0,phobert-base,0,42,threads,test,0
correct_prediction,,True,6011,0,caption,1,1,phobert-base,1,42,facebook,test,1
correct_prediction,,True,5925,0,caption,1,1,phobert-base,1,42,facebook,test,0
correct_prediction,,True,1397,0,caption,0,0,phobert-base,0,42,threads,test,0
correct_prediction,,False,4052,0,caption,0,0,phobert-base,0,42,threads,test,0
false_positive,,False,665,0,caption,0,0,phobert-base,1,42,threads,test,0
correct_prediction,,True,462,0,caption,0,0,phobert-base,0,42,threads,test,0
correct_prediction,,True,2337,1,caption,1,1,phobert-base,1,42,facebook,test,0
error_001,,True,3260,0,caption,1,1,phobert-base,0,42,threads,test,0
correct_prediction,,False,5255,0,caption,0,0,phobert-base,0,42,threads,test,0
false_positive,,False,3503,0,caption,0,0,phobert-base,1,42,threads,test,0
correct_prediction,,False,2054,0,caption,1,1,phobert-base,1,42,facebook,test,1
error_001,,False,3209,0,caption,1,1,phobert-base,0,42,threads,test,0
correct_prediction,,False,3099,0,caption,0,0,phobert-base,0,42,facebook,test,1
false_positive,,True,7058,0,caption,0,0,phobert-base,1,42,facebook,test,0
correct_prediction,,True,6116,1,caption,1,1,phobert-base,1,42,facebook,test,0
correct_prediction,,False,4698,0,caption,0,0,phobert-base,0,42,threads,test,0
correct_prediction,,True,1079,0,caption,0,0,phobert-base,0,42,threads,test,0
correct_prediction,,True,4362,1,caption,1,1,phobert-base,1,42,threads,test,0
correct_prediction,,True,2338,1,caption,0,0,phobert-base,0,42,facebook,test,0
correct_prediction,,True,7314,0,caption,1,1,phobert-base,1,42,facebook,test,1
correct_prediction,,False,629,0,caption,0,0,phobert-base,0,42,threads,test,0
error_001,,True,3883,0,caption,1,1,phobert-base,0,42,threads,test,0
correct_prediction,,True,5786,0,caption,0,0,phobert-base,0,42,facebook,test,0
correct_prediction,,False,3119,0,caption,0,0,phobert-base,0,42,threads,test,0
correct_prediction,,False,5894,0,caption,1,1,phobert-base,1,42,facebook,test,0
correct_prediction,,True,5084,0,caption,0,0,phobert-base,0,42,threads,test,0
correct_prediction,,False,5343,0,caption,0,0,phobert-base,0,42,threads,test,0
correct_prediction,,False,4324,0,caption,0,0,phobert-base,0,42,threads,test,0
correct_prediction,,True,1216,1,caption,1,1,phobert-base,1,42,threads,test,0
false_positive,,False,2006,0,caption,0,0,phobert-base,1,42,facebook,test,0
correct_prediction,,False,228,0,caption,1,1,phobert-base,1,42,threads,test,1
correct_prediction,,True,5661,0,caption,0,0,phobert-base,0,42,threads,test,0
correct_prediction,,True,5640,0,caption,0,0,phobert-base,0,42,threads,test,0
correct_prediction,,True,5765,0,caption,1,1,phobert-base,1,42,facebook,test,0
false_positive,,True,5803,0,caption_ocr,0,0,phobert-base,1,123,facebook,test,0
correct_prediction,,True,6388,1,caption_ocr,1,1,phobert-base,1,123,facebook,test,0
false_positive,,True,5990,0,caption_ocr,0,0,phobert-base,1,123,facebook,test,0
false_positive,,True,1024,0,caption_ocr,0,0,phobert-base,1,123,threads,test,0
correct_prediction,,True,1075,0,caption_ocr,0,0,phobert-base,0,123,threads,test,0
false_positive,,True,4170,0,caption_ocr,0,0,phobert-base,1,123,threads,test,0
correct_prediction,,True,599,0,caption_ocr,0,0,phobert-base,0,123,threads,test,0
false_positive,,False,371,0,caption_ocr,0,0,phobert-base,1,123,threads,test,0
false_positive,,False,5811,0,caption_ocr,0,0,phobert-base,1,123,facebook,test,0
false_positive,,True,5986,0,caption_ocr,0,0,phobert-base,1,123,facebook,test,0
correct_prediction,,True,6456,1,caption_ocr,1,1,phobert-base,1,123,facebook,test,1
correct_prediction,,True,6826,0,caption_ocr,1,1,phobert-base,1,123,facebook,test,0
correct_prediction,,False,859,0,caption_ocr,0,0,phobert-base,0,123,threads,test,0
correct_prediction,,False,6562,0,caption_ocr,1,1,phobert-base,1,123,facebook,test,0
correct_prediction,,True,2399,1,caption_ocr,1,1,phobert-base,1,123,facebook,test,0
correct_prediction,,False,6505,0,caption_ocr,1,1,phobert-base,1,123,facebook,test,0
error_001,,True,7292,0,caption_ocr,1,1,phobert-base,0,123,facebook,test,0
correct_prediction,,True,6818,1,caption_ocr,1,1,phobert-base,1,123,facebook,test,0
correct_prediction,,False,4909,0,caption_ocr,0,0,phobert-base,0,123,threads,test,0
correct_prediction,,False,4190,0,caption_ocr,0,0,phobert-base,0,123,threads,test,0
false_positive,,True,6100,0,caption_ocr,0,0,phobert-base,1,123,facebook,test,0
correct_prediction,,True,5033,0,caption_ocr,0,0,phobert-base,0,123,threads,test,0
correct_prediction,,True,5608,0,caption_ocr,1,1,phobert-base,1,123,threads,test,0
correct_prediction,,False,4177,0,caption_ocr,0,0,phobert-base,0,123,threads,test,0
false_positive,,True,3845,0,caption_ocr,0,0,phobert-base,1,123,threads,test,0
correct_prediction,,False,2129,0,caption_ocr,1,1,phobert-base,1,123,facebook,test,0
correct_prediction,,True,3054,0,caption_ocr,0,0,phobert-base,0,123,facebook,test,0
correct_prediction,,True,3867,0,caption_ocr,0,0,phobert-base,0,123,threads,test,0
correct_prediction,,False,4031,0,caption_ocr,0,0,phobert-base,0,123,threads,test,0
correct_prediction,,True,1767,1,caption_ocr,0,0,phobert-base,0,123,threads,test,0
correct_prediction,,True,1598,0,caption_ocr,1,1,phobert-base,1,123,threads,test,0
correct_prediction,,False,850,0,caption_ocr,0,0,phobert-base,0,123,threads,test,0
error_001,,True,5978,0,caption_ocr,1,1,phobert-base,0,123,facebook,test,0
correct_prediction,,True,3709,0,caption_ocr,0,0,phobert-base,0,123,threads,test,0
correct_prediction,,True,5963,1,caption_ocr,1,1,phobert-base,1,123,facebook,test,0
correct_prediction,,True,5782,1,caption_ocr,1,1,phobert-base,1,123,facebook,test,0
correct_prediction,,True,4722,0,caption_ocr,0,0,phobert-base,0,123,threads,test,0
correct_prediction,,True,1801,0,caption_ocr,1,1,phobert-base,1,123,threads,test,0
correct_prediction,,False,2768,0,caption_ocr,1,1,phobert-base,1,123,facebook,test,0
correct_prediction,,False,5737,0,caption_ocr,1,1,phobert-base,1,123,facebook,test,0
error_001,,False,1824,0,caption_ocr,1,1,phobert-base,0,123,threads,test,0
error_001,,True,2321,0,caption_ocr,1,1,phobert-base,0,123,facebook,test,0
correct_prediction,,True,6447,1,caption_ocr,1,1,phobert-base,1,123,facebook,test,0
correct_prediction,,False,2851,0,caption_ocr,1,1,phobert-base,1,123,facebook,test,1
false_positive,,True,255,0,caption_ocr,0,0,phobert-base,1,123,threads,test,0
correct_prediction,,True,1103,0,caption_ocr,0,0,phobert-base,0,123,threads,test,0
correct_prediction,,True,1228,1,caption_ocr,1,1,phobert-base,1,123,threads,test,0
correct_prediction,,True,4004,0,caption_ocr,1,1,phobert-base,1,123,threads,test,0
correct_prediction,,False,1591,0,caption_ocr,0,0,phobert-base,0,123,threads,test,0
false_positive,,False,2861,0,caption_ocr,0,0,phobert-base,1,123,facebook,test,0
correct_prediction,,True,797,0,caption_ocr,1,1,phobert-base,1,123,threads,test,0
correct_prediction,,True,2913,0,caption_ocr,1,1,phobert-base,1,123,facebook,test,1
correct_prediction,,True,6159,1,caption_ocr,1,1,phobert-base,1,123,facebook,test,0
correct_prediction,,False,7007,0,caption_ocr,1,1,phobert-base,1,123,facebook,test,0
correct_prediction,,True,2333,1,caption_ocr,1,1,phobert-base,1,123,facebook,test,0
false_positive,,True,1448,0,caption_ocr,0,0,phobert-base,1,123,threads,test,1
correct_prediction,,True,993,0,caption_ocr,0,0,phobert-base,0,123,threads,test,0
correct_prediction,,False,1978,0,caption_ocr,1,1,phobert-base,1,123,facebook,test,0
correct_prediction,,False,5035,0,caption_ocr,0,0,phobert-base,0,123,threads,test,0
correct_prediction,,False,4647,0,caption_ocr,0,0,phobert-base,0,123,threads,test,0
correct_prediction,,False,4922,0,caption_ocr,0,0,phobert-base,0,123,threads,test,0
correct_prediction,,False,525,0,caption_ocr,0,0,phobert-base,0,123,threads,test,0
correct_prediction,,True,3878,0,caption_ocr,0,0,phobert-base,0,123,threads,test,0
correct_prediction,,False,1254,0,caption_ocr,1,1,phobert-base,1,123,threads,test,1
false_positive,,True,2139,0,caption_ocr,0,0,phobert-base,1,123,facebook,test,0
correct_prediction,,True,314,0,caption_ocr,0,0,phobert-base,0,123,threads,test,0
false_positive,,True,2482,1,caption_ocr,0,0,phobert-base,1,123,facebook,test,0
correct_prediction,,False,5580,0,caption_ocr,0,0,phobert-base,0,123,threads,test,0
false_positive,,True,196,0,caption_ocr,0,0,phobert-base,1,123,threads,test,0
correct_prediction,,True,6755,1,caption_ocr,1,1,phobert-base,1,123,facebook,test,0
correct_prediction,,False,6488,0,caption_ocr,1,1,phobert-base,1,123,facebook,test,1
false_positive,,True,5335,0,caption_ocr,0,0,phobert-base,1,123,threads,test,0
false_positive,,True,592,0,caption_ocr,0,0,phobert-base,1,123,threads,test,0
false_positive,,True,6168,0,caption_ocr,0,0,phobert-base,1,123,facebook,test,0
correct_prediction,,False,5293,0,caption_ocr,0,0,phobert-base,0,123,threads,test,0
correct_prediction,,True,423,0,caption_ocr,0,0,phobert-base,0,123,threads,test,0
false_positive,,True,6189,0,caption_ocr,0,0,phobert-base,1,123,facebook,test,0
correct_prediction,,True,1155,0,caption_ocr,0,0,phobert-base,0,123,threads,test,0
correct_prediction,,False,5197,0,caption_ocr,0,0,phobert-base,0,123,threads,test,0
correct_prediction,,True,464,0,caption_ocr,0,0,phobert-base,0,123,threads,test,0
correct_prediction,,True,6645,1,caption_ocr,1,1,phobert-base,1,123,facebook,test,0
false_positive,,False,3992,0,caption_ocr,0,0,phobert-base,1,123,threads,test,0
correct_prediction,,True,2916,0,caption_ocr,1,1,phobert-base,1,123,facebook,test,0
correct_prediction,,True,1234,0,caption_ocr,1,1,phobert-base,1,123,threads,test,1
correct_prediction,,True,6098,0,caption_ocr,1,1,phobert-base,1,123,facebook,test,0
correct_prediction,,False,735,0,caption_ocr,0,0,phobert-base,0,123,threads,test,0
false_positive,,True,134,1,caption_ocr,0,0,phobert-base,1,123,threads,test,0
correct_prediction,,False,6907,0,caption_ocr,1,1,phobert-base,1,123,facebook,test,1
correct_prediction,,True,793,0,caption_ocr,0,0,phobert-base,0,123,threads,test,0
error_001,,False,4475,0,caption_ocr,1,1,phobert-base,0,123,threads,test,0
correct_prediction,,True,4403,0,caption_ocr,0,0,phobert-base,0,123,threads,test,0
correct_prediction,,True,1657,0,caption_ocr,1,1,phobert-base,1,123,threads,test,1
correct_prediction,,True,6491,1,caption_ocr,1,1,phobert-base,1,123,facebook,test,1
false_positive,,True,533,0,caption_ocr,0,0,phobert-base,1,123,threads,test,1
correct_prediction,,False,6861,0,caption_ocr,1,1,phobert-base,1,123,facebook,test,0
correct_prediction,,True,4136,0,caption_ocr,0,0,phobert-base,0,123,threads,test,0
correct_prediction,,True,6962,0,caption_ocr,1,1,phobert-base,1,123,facebook,test,0
error_001,,True,1716,0,caption_ocr,1,1,phobert-base,0,123,threads,test,0
correct_prediction,,True,6983,0,caption_ocr,1,1,phobert-base,1,123,facebook,test,0
false_positive,,True,3705,0,caption_ocr,0,0,phobert-base,1,123,threads,test,0
correct_prediction,,True,3887,0,caption_ocr,0,0,phobert-base,0,123,threads,test,0
correct_prediction,,True,4269,0,caption_ocr,0,0,phobert-base,0,123,threads,test,0
correct_prediction,,True,860,0,caption_ocr,0,0,phobert-base,0,123,threads,test,0
correct_prediction,,True,2042,0,caption_ocr,1,1,phobert-base,1,123,facebook,test,0
error_001,,True,5835,0,caption_ocr,1,1,phobert-base,0,123,facebook,test,0
false_positive,,False,1953,0,caption_ocr,0,0,phobert-base,1,123,facebook,test,0
correct_prediction,,False,6414,0,caption_ocr,1,1,phobert-base,1,123,facebook,test,0
correct_prediction,,False,6537,0,caption_ocr,1,1,phobert-base,1,123,facebook,test,0
false_positive,,False,5825,0,caption_ocr,0,0,phobert-base,1,123,facebook,test,0
false_positive,,True,2096,0,caption_ocr,0,0,phobert-base,1,123,facebook,test,1
false_positive,,True,2627,0,caption_ocr,0,0,phobert-base,1,123,facebook,test,0
false_positive,,False,2757,0,caption_ocr,0,0,phobert-base,1,123,facebook,test,0
correct_prediction,,True,1684,0,caption_ocr,0,0,phobert-base,0,123,threads,test,0
error_001,,True,2005,0,caption_ocr,1,1,phobert-base,0,123,facebook,test,0
correct_prediction,,True,5927,0,caption_ocr,1,1,phobert-base,1,123,facebook,test,1
correct_prediction,,True,5014,0,caption_ocr,0,0,phobert-base,0,123,threads,test,0
correct_prediction,,True,4892,0,caption_ocr,0,0,phobert-base,0,123,threads,test,0
correct_prediction,,False,5589,0,caption_ocr,0,0,phobert-base,0,123,threads,test,0
correct_prediction,,True,2206,0,caption_ocr,0,0,phobert-base,0,123,facebook,test,1
correct_prediction,,False,5202,0,caption_ocr,0,0,phobert-base,0,123,threads,test,0
correct_prediction,,False,2656,1,caption_ocr,1,1,phobert-base,1,123,facebook,test,1
correct_prediction,,True,1329,0,caption_ocr,0,0,phobert-base,0,123,threads,test,1
error_001,,True,47,0,caption_ocr,1,1,phobert-base,0,123,threads,test,0
correct_prediction,,True,6746,1,caption_ocr,1,1,phobert-base,1,123,facebook,test,0
error_001,,False,3398,0,caption_ocr,1,1,phobert-base,0,123,threads,test,0
correct_prediction,,False,3695,0,caption_ocr,0,0,phobert-base,0,123,threads,test,0
correct_prediction,,True,3365,0,caption_ocr,0,0,phobert-base,0,123,threads,test,1
correct_prediction,,True,513,0,caption_ocr,0,0,phobert-base,0,123,threads,test,0
false_positive,,False,7022,0,caption_ocr,0,0,phobert-base,1,123,facebook,test,0
false_positive,,True,2459,0,caption_ocr,0,0,phobert-base,1,123,facebook,test,0
correct_prediction,,True,1813,0,caption_ocr,1,1,phobert-base,1,123,threads,test,0
correct_prediction,,True,1761,0,caption_ocr,0,0,phobert-base,0,123,threads,test,0
correct_prediction,,False,800,0,caption_ocr,0,0,phobert-base,0,123,threads,test,0
false_positive,,True,107,0,caption_ocr,0,0,phobert-base,1,123,threads,test,1
correct_prediction,,True,980,0,caption_ocr,0,0,phobert-base,0,123,threads,test,0
correct_prediction,,False,4819,0,caption_ocr,0,0,phobert-base,0,123,threads,test,0
correct_prediction,,True,4321,0,caption_ocr,0,0,phobert-base,0,123,threads,test,0
correct_prediction,,True,2506,1,caption_ocr,1,1,phobert-base,1,123,facebook,test,0
error_001,,True,1126,0,caption_ocr,1,1,phobert-base,0,123,threads,test,0
correct_prediction,,True,1570,0,caption_ocr,0,0,phobert-base,0,123,threads,test,0
false_positive,,True,2368,1,caption_ocr,0,0,phobert-base,1,123,facebook,test,0
correct_prediction,,True,4037,0,caption_ocr,0,0,phobert-base,0,123,threads,test,0
correct_prediction,,True,1863,1,caption_ocr,1,1,phobert-base,1,123,facebook,test,0
correct_prediction,,True,1635,0,caption_ocr,0,0,phobert-base,0,123,threads,test,0
correct_prediction,,True,1027,1,caption_ocr,1,1,phobert-base,1,123,threads,test,0
correct_prediction,,False,6894,0,caption_ocr,1,1,phobert-base,1,123,facebook,test,0
correct_prediction,,False,5474,0,caption_ocr,0,0,phobert-base,0,123,threads,test,0
false_positive,,True,1791,0,caption_ocr,0,0,phobert-base,1,123,threads,test,1
correct_prediction,,False,6547,0,caption_ocr,1,1,phobert-base,1,123,facebook,test,1
correct_prediction,,True,7209,0,caption_ocr,1,1,phobert-base,1,123,facebook,test,0
correct_prediction,,True,5072,0,caption_ocr,0,0,phobert-base,0,123,threads,test,0
false_positive,,True,7123,0,caption_ocr,0,0,phobert-base,1,123,facebook,test,0
correct_prediction,,True,2233,1,caption_ocr,0,0,phobert-base,0,123,facebook,test,0
correct_prediction,,True,1452,1,caption_ocr,1,1,phobert-base,1,123,threads,test,0
correct_prediction,,False,2015,0,caption_ocr,1,1,phobert-base,1,123,facebook,test,0
error_001,,False,6784,0,caption_ocr,1,1,phobert-base,0,123,facebook,test,0
correct_prediction,,True,403,0,caption_ocr,0,0,phobert-base,0,123,threads,test,0
false_positive,,True,6090,0,caption_ocr,0,0,phobert-base,1,123,facebook,test,0
correct_prediction,,False,677,0,caption_ocr,0,0,phobert-base,0,123,threads,test,0
correct_prediction,,True,6493,0,caption_ocr,1,1,phobert-base,1,123,facebook,test,0
correct_prediction,,False,5495,0,caption_ocr,0,0,phobert-base,0,123,threads,test,0
correct_prediction,,True,5802,0,caption_ocr,1,1,phobert-base,1,123,facebook,test,0
correct_prediction,,True,6800,0,caption_ocr,1,1,phobert-base,1,123,facebook,test,0
correct_prediction,,False,3949,0,caption_ocr,0,0,phobert-base,0,123,threads,test,0
correct_prediction,,True,2320,0,caption_ocr,1,1,phobert-base,1,123,facebook,test,0
correct_prediction,,False,3805,0,caption_ocr,0,0,phobert-base,0,123,threads,test,0
correct_prediction,,True,6404,0,caption_ocr,0,0,phobert-base,0,123,facebook,test,0
correct_prediction,,False,4036,0,caption_ocr,0,0,phobert-base,0,123,threads,test,0
correct_prediction,,True,2397,1,caption_ocr,1,1,phobert-base,1,123,facebook,test,0
correct_prediction,,True,3609,0,caption_ocr,0,0,phobert-base,0,123,threads,test,0
correct_prediction,,False,4950,0,caption_ocr,0,0,phobert-base,0,123,threads,test,0
correct_prediction,,False,6884,0,caption_ocr,1,1,phobert-base,1,123,facebook,test,1
correct_prediction,,False,7228,0,caption_ocr,1,1,phobert-base,1,123,facebook,test,0
correct_prediction,,False,4770,0,caption_ocr,0,0,phobert-base,0,123,threads,test,0
correct_prediction,,True,2744,0,caption_ocr,1,1,phobert-base,1,123,facebook,test,0
false_positive,,True,4924,0,caption_ocr,0,0,phobert-base,1,123,threads,test,0
correct_prediction,,True,3104,0,caption_ocr,1,1,phobert-base,1,123,threads,test,1
correct_prediction,,True,5906,0,caption_ocr,0,0,phobert-base,0,123,facebook,test,0
false_positive,,True,6375,0,caption_ocr,0,0,phobert-base,1,123,facebook,test,0
correct_prediction,,True,2438,0,caption_ocr,1,1,phobert-base,1,123,facebook,test,0
correct_prediction,,True,7181,0,caption_ocr,1,1,phobert-base,1,123,facebook,test,1
error_001,,False,4611,0,caption_ocr,1,1,phobert-base,0,123,threads,test,0
correct_prediction,,True,3164,0,caption_ocr,1,1,phobert-base,1,123,threads,test,0
correct_prediction,,True,2929,0,caption_ocr,1,1,phobert-base,1,123,facebook,test,0
error_001,,False,6564,0,caption_ocr,1,1,phobert-base,0,123,facebook,test,0
false_positive,,True,3857,0,caption_ocr,0,0,phobert-base,1,123,threads,test,0
false_positive,,True,1054,0,caption_ocr,0,0,phobert-base,1,123,threads,test,0
correct_prediction,,False,6734,0,caption_ocr,1,1,phobert-base,1,123,facebook,test,0
correct_prediction,,True,7011,1,caption_ocr,1,1,phobert-base,1,123,facebook,test,0
false_positive,,False,5961,0,caption_ocr,0,0,phobert-base,1,123,facebook,test,0
correct_prediction,,True,2064,0,caption_ocr,0,0,phobert-base,0,123,facebook,test,0
correct_prediction,,False,3666,0,caption_ocr,0,0,phobert-base,0,123,threads,test,0
correct_prediction,,True,3040,0,caption_ocr,1,1,phobert-base,1,123,facebook,test,1
error_001,,False,1392,0,caption_ocr,1,1,phobert-base,0,123,threads,test,0
false_positive,,True,3125,0,caption_ocr,0,0,phobert-base,1,123,threads,test,0
correct_prediction,,True,5288,0,caption_ocr,0,0,phobert-base,0,123,threads,test,0
correct_prediction,,False,6679,0,caption_ocr,1,1,phobert-base,1,123,facebook,test,1
error_001,,False,591,0,caption_ocr,1,1,phobert-base,0,123,threads,test,0
correct_prediction,,False,6634,0,caption_ocr,1,1,phobert-base,1,123,facebook,test,0
correct_prediction,,True,1280,1,caption_ocr,1,1,phobert-base,1,123,threads,test,0
correct_prediction,,True,430,1,caption_ocr,1,1,phobert-base,1,123,threads,test,0
correct_prediction,,False,889,0,caption_ocr,0,0,phobert-base,0,123,threads,test,0
correct_prediction,,False,5371,0,caption_ocr,0,0,phobert-base,0,123,threads,test,0
correct_prediction,,True,715,0,caption_ocr,0,0,phobert-base,0,123,threads,test,0
false_positive,,True,2463,0,caption_ocr,0,0,phobert-base,1,123,facebook,test,0
correct_prediction,,True,4461,0,caption_ocr,1,1,phobert-base,1,123,threads,test,0
correct_prediction,,True,4232,0,caption_ocr,0,0,phobert-base,0,123,threads,test,0
correct_prediction,,True,3372,0,caption_ocr,1,1,phobert-base,1,123,threads,test,0
correct_prediction,,False,4881,0,caption_ocr,0,0,phobert-base,0,123,threads,test,0
correct_prediction,,True,1480,0,caption_ocr,0,0,phobert-base,0,123,threads,test,1
correct_prediction,,True,116,0,caption_ocr,1,1,phobert-base,1,123,threads,test,0
false_positive,,True,6181,0,caption_ocr,0,0,phobert-base,1,123,facebook,test,0
correct_prediction,,False,721,0,caption_ocr,0,0,phobert-base,0,123,threads,test,0
correct_prediction,,False,5590,0,caption_ocr,0,0,phobert-base,0,123,threads,test,0
correct_prediction,,True,5322,0,caption_ocr,1,1,phobert-base,1,123,threads,test,1
false_positive,,False,4504,0,caption_ocr,0,0,phobert-base,1,123,threads,test,0
correct_prediction,,False,1121,0,caption_ocr,0,0,phobert-base,0,123,threads,test,0
correct_prediction,,False,5224,0,caption_ocr,0,0,phobert-base,0,123,threads,test,0
correct_prediction,,True,1623,0,caption_ocr,0,0,phobert-base,0,123,threads,test,0
correct_prediction,,False,4503,0,caption_ocr,0,0,phobert-base,0,123,threads,test,0
correct_prediction,,True,188,0,caption_ocr,0,0,phobert-base,0,123,threads,test,1
error_001,,True,276,0,caption_ocr,1,1,phobert-base,0,123,threads,test,0
correct_prediction,,False,4625,0,caption_ocr,0,0,phobert-base,0,123,threads,test,0
correct_prediction,,True,4164,0,caption_ocr,0,0,phobert-base,0,123,threads,test,0
correct_prediction,,True,6329,0,caption_ocr,1,1,phobert-base,1,123,facebook,test,0
correct_prediction,,True,4964,0,caption_ocr,0,0,phobert-base,0,123,threads,test,0
correct_prediction,,True,4669,0,caption_ocr,0,0,phobert-base,0,123,threads,test,0
false_positive,,True,4201,0,caption_ocr,0,0,phobert-base,1,123,threads,test,0
correct_prediction,,False,2830,1,caption_ocr,1,1,phobert-base,1,123,facebook,test,1
correct_prediction,,True,1714,0,caption_ocr,1,1,phobert-base,1,123,threads,test,0
error_001,,True,209,0,caption_ocr,1,1,phobert-base,0,123,threads,test,0
correct_prediction,,True,4048,0,caption_ocr,1,1,phobert-base,1,123,threads,test,0
correct_prediction,,True,6968,1,caption_ocr,1,1,phobert-base,1,123,facebook,test,0
correct_prediction,,True,2151,1,caption_ocr,1,1,phobert-base,1,123,facebook,test,0
correct_prediction,,True,5565,0,caption_ocr,0,0,phobert-base,0,123,threads,test,0
correct_prediction,,False,6476,0,caption_ocr,1,1,phobert-base,1,123,facebook,test,0
correct_prediction,,True,5666,0,caption_ocr,0,0,phobert-base,0,123,threads,test,0
correct_prediction,,False,3827,0,caption_ocr,0,0,phobert-base,0,123,threads,test,0
error_001,,False,1207,0,caption_ocr,1,1,phobert-base,0,123,threads,test,0
false_positive,,True,6735,0,caption_ocr,0,0,phobert-base,1,123,facebook,test,0
correct_prediction,,False,2077,0,caption_ocr,1,1,phobert-base,1,123,facebook,test,1
correct_prediction,,True,932,0,caption_ocr,0,0,phobert-base,0,123,threads,test,0
correct_prediction,,True,235,0,caption_ocr,0,0,phobert-base,0,123,threads,test,0
correct_prediction,,False,593,0,caption_ocr,0,0,phobert-base,0,123,threads,test,0
false_positive,,True,2166,0,caption_ocr,0,0,phobert-base,1,123,facebook,test,0
false_positive,,True,6353,0,caption_ocr,0,0,phobert-base,1,123,facebook,test,0
correct_prediction,,True,137,0,caption_ocr,0,0,phobert-base,0,123,threads,test,0
correct_prediction,,False,4545,0,caption_ocr,0,0,phobert-base,0,123,threads,test,0
correct_prediction,,False,4901,0,caption_ocr,0,0,phobert-base,0,123,threads,test,0
false_positive,,True,333,0,caption_ocr,0,0,phobert-base,1,123,threads,test,0
correct_prediction,,False,4040,0,caption_ocr,0,0,phobert-base,0,123,threads,test,0
correct_prediction,,True,289,0,caption_ocr,0,0,phobert-base,0,123,threads,test,0
correct_prediction,,True,361,0,caption_ocr,0,0,phobert-base,0,123,threads,test,0
false_positive,,True,2216,0,caption_ocr,0,0,phobert-base,1,123,facebook,test,0
correct_prediction,,True,2356,1,caption_ocr,1,1,phobert-base,1,123,facebook,test,0
correct_prediction,,True,1686,0,caption_ocr,0,0,phobert-base,0,123,threads,test,0
correct_prediction,,False,6644,0,caption_ocr,1,1,phobert-base,1,123,facebook,test,0
false_positive,,True,2715,0,caption_ocr,0,0,phobert-base,1,123,facebook,test,0
correct_prediction,,True,3510,0,caption_ocr,0,0,phobert-base,0,123,threads,test,0
error_001,,True,5575,0,caption_ocr,1,1,phobert-base,0,123,threads,test,0
correct_prediction,,True,548,0,caption_ocr,0,0,phobert-base,0,123,threads,test,0
correct_prediction,,True,427,0,caption_ocr,0,0,phobert-base,0,123,threads,test,0
false_positive,,True,5880,0,caption_ocr,0,0,phobert-base,1,123,facebook,test,0
correct_prediction,,False,4651,0,caption_ocr,0,0,phobert-base,0,123,threads,test,0
correct_prediction,,True,3635,0,caption_ocr,0,0,phobert-base,0,123,threads,test,0
correct_prediction,,True,1325,1,caption_ocr,1,1,phobert-base,1,123,threads,test,0
correct_prediction,,False,4510,0,caption_ocr,0,0,phobert-base,0,123,threads,test,0
false_positive,,True,5245,0,caption_ocr,0,0,phobert-base,1,123,threads,test,0
correct_prediction,,True,5533,0,caption_ocr,1,1,phobert-base,1,123,threads,test,1
correct_prediction,,False,2629,0,caption_ocr,1,1,phobert-base,1,123,facebook,test,0
correct_prediction,,True,5061,0,caption_ocr,0,0,phobert-base,0,123,threads,test,0
correct_prediction,,True,2280,1,caption_ocr,1,1,phobert-base,1,123,facebook,test,0
correct_prediction,,False,6615,1,caption_ocr,1,1,phobert-base,1,123,facebook,test,1
false_positive,,True,3850,0,caption_ocr,0,0,phobert-base,1,123,threads,test,0
correct_prediction,,False,3533,0,caption_ocr,0,0,phobert-base,0,123,threads,test,0
false_positive,,True,7009,0,caption_ocr,0,0,phobert-base,1,123,facebook,test,0
correct_prediction,,True,5548,0,caption_ocr,0,0,phobert-base,0,123,threads,test,0
false_positive,,True,2215,0,caption_ocr,0,0,phobert-base,1,123,facebook,test,0
false_positive,,True,2229,0,caption_ocr,0,0,phobert-base,1,123,facebook,test,0
correct_prediction,,False,5999,0,caption_ocr,1,1,phobert-base,1,123,facebook,test,1
error_001,,True,2947,0,caption_ocr,1,1,phobert-base,0,123,facebook,test,0
correct_prediction,,True,4088,0,caption_ocr,0,0,phobert-base,0,123,threads,test,0
correct_prediction,,False,1574,0,caption_ocr,0,0,phobert-base,0,123,threads,test,0
correct_prediction,,False,2713,0,caption_ocr,1,1,phobert-base,1,123,facebook,test,0
false_positive,,True,3881,0,caption_ocr,0,0,phobert-base,1,123,threads,test,0
correct_prediction,,True,1734,0,caption_ocr,0,0,phobert-base,0,123,threads,test,0
correct_prediction,,True,6961,0,caption_ocr,0,0,phobert-base,0,123,facebook,test,0
correct_prediction,,True,4575,0,caption_ocr,0,0,phobert-base,0,123,threads,test,0
correct_prediction,,True,1417,0,caption_ocr,0,0,phobert-base,0,123,threads,test,0
false_positive,,True,3267,0,caption_ocr,0,0,phobert-base,1,123,threads,test,0
correct_prediction,,False,1298,0,caption_ocr,0,0,phobert-base,0,123,threads,test,0
correct_prediction,,True,7214,0,caption_ocr,1,1,phobert-base,1,123,facebook,test,0
correct_prediction,,False,5140,0,caption_ocr,0,0,phobert-base,0,123,threads,test,0
false_positive,,True,7215,0,caption_ocr,0,0,phobert-base,1,123,facebook,test,0
correct_prediction,,True,619,0,caption_ocr,1,1,phobert-base,1,123,threads,test,0
correct_prediction,,True,2544,1,caption_ocr,1,1,phobert-base,1,123,facebook,test,0
correct_prediction,,True,2894,0,caption_ocr,1,1,phobert-base,1,123,facebook,test,0
correct_prediction,,True,668,0,caption_ocr,0,0,phobert-base,0,123,threads,test,0
correct_prediction,,True,308,0,caption_ocr,1,1,phobert-base,1,123,threads,test,0
correct_prediction,,True,2727,1,caption_ocr,1,1,phobert-base,1,123,facebook,test,0
correct_prediction,,False,1107,0,caption_ocr,0,0,phobert-base,0,123,threads,test,1
correct_prediction,,False,834,0,caption_ocr,0,0,phobert-base,0,123,threads,test,0
correct_prediction,,True,30,0,caption_ocr,0,0,phobert-base,0,123,threads,test,0
false_positive,,True,2564,0,caption_ocr,0,0,phobert-base,1,123,facebook,test,0
correct_prediction,,False,3673,0,caption_ocr,0,0,phobert-base,0,123,threads,test,0
correct_prediction,,True,2048,0,caption_ocr,0,0,phobert-base,0,123,facebook,test,0
false_positive,,True,2303,0,caption_ocr,0,0,phobert-base,1,123,facebook,test,0
correct_prediction,,True,4498,0,caption_ocr,0,0,phobert-base,0,123,threads,test,0
correct_prediction,,False,5995,0,caption_ocr,1,1,phobert-base,1,123,facebook,test,0
correct_prediction,,True,1464,0,caption_ocr,0,0,phobert-base,0,123,threads,test,0
correct_prediction,,False,2831,0,caption_ocr,1,1,phobert-base,1,123,facebook,test,1
correct_prediction,,True,147,0,caption_ocr,0,0,phobert-base,0,123,threads,test,0
correct_prediction,,True,6310,1,caption_ocr,1,1,phobert-base,1,123,facebook,test,0
correct_prediction,,True,7328,0,caption_ocr,1,1,phobert-base,1,123,facebook,test,0
false_positive,,False,2818,0,caption_ocr,0,0,phobert-base,1,123,facebook,test,0
false_positive,,True,5703,0,caption_ocr,0,0,phobert-base,1,123,facebook,test,0
correct_prediction,,True,691,0,caption_ocr,1,1,phobert-base,1,123,threads,test,1
correct_prediction,,False,817,0,caption_ocr,0,0,phobert-base,0,123,threads,test,0
correct_prediction,,False,3622,0,caption_ocr,0,0,phobert-base,0,123,threads,test,0
correct_prediction,,False,5024,0,caption_ocr,0,0,phobert-base,0,123,threads,test,0
correct_prediction,,False,2203,0,caption_ocr,1,1,phobert-base,1,123,facebook,test,0
correct_prediction,,False,6536,0,caption_ocr,1,1,phobert-base,1,123,facebook,test,0
correct_prediction,,False,204,0,caption_ocr,0,0,phobert-base,0,123,threads,test,1
error_001,,True,491,0,caption_ocr,1,1,phobert-base,0,123,threads,test,0
correct_prediction,,False,1960,0,caption_ocr,0,0,phobert-base,0,123,facebook,test,0
correct_prediction,,False,718,0,caption_ocr,0,0,phobert-base,0,123,threads,test,0
false_positive,,True,6394,0,caption_ocr,0,0,phobert-base,1,123,facebook,test,0
error_001,,False,53,0,caption_ocr,1,1,phobert-base,0,123,threads,test,0
false_positive,,False,2787,0,caption_ocr,0,0,phobert-base,1,123,facebook,test,0
correct_prediction,,True,5089,0,caption_ocr,0,0,phobert-base,0,123,threads,test,0
correct_prediction,,True,1789,0,caption_ocr,0,0,phobert-base,0,123,threads,test,1
correct_prediction,,False,6978,0,caption_ocr,1,1,phobert-base,1,123,facebook,test,0
correct_prediction,,True,6577,0,caption_ocr,1,1,phobert-base,1,123,facebook,test,0
correct_prediction,,True,3769,0,caption_ocr,0,0,phobert-base,0,123,threads,test,0
correct_prediction,,False,335,0,caption_ocr,0,0,phobert-base,0,123,threads,test,0
correct_prediction,,True,5219,0,caption_ocr,0,0,phobert-base,0,123,threads,test,0
false_positive,,True,7086,0,caption_ocr,0,0,phobert-base,1,123,facebook,test,0
error_001,,True,3896,0,caption_ocr,1,1,phobert-base,0,123,threads,test,0
correct_prediction,,False,1930,0,caption_ocr,1,1,phobert-base,1,123,facebook,test,1
correct_prediction,,True,2590,0,caption_ocr,0,0,phobert-base,0,123,facebook,test,0
false_positive,,True,7049,0,caption_ocr,0,0,phobert-base,1,123,facebook,test,0
correct_prediction,,False,2805,0,caption_ocr,1,1,phobert-base,1,123,facebook,test,0
correct_prediction,,True,3496,0,caption_ocr,0,0,phobert-base,0,123,threads,test,0
correct_prediction,,True,2367,1,caption_ocr,1,1,phobert-base,1,123,facebook,test,0
correct_prediction,,True,3746,0,caption_ocr,1,1,phobert-base,1,123,threads,test,0
false_positive,,True,6337,0,caption_ocr,0,0,phobert-base,1,123,facebook,test,0
error_001,,True,4887,0,caption_ocr,1,1,phobert-base,0,123,threads,test,0
correct_prediction,,True,2585,1,caption_ocr,1,1,phobert-base,1,123,facebook,test,0
correct_prediction,,True,2288,1,caption_ocr,1,1,phobert-base,1,123,facebook,test,0
false_positive,,True,2134,0,caption_ocr,0,0,phobert-base,1,123,facebook,test,0
correct_prediction,,False,3685,0,caption_ocr,0,0,phobert-base,0,123,threads,test,0
correct_prediction,,False,5736,0,caption_ocr,1,1,phobert-base,1,123,facebook,test,0
correct_prediction,,True,3225,0,caption_ocr,0,0,phobert-base,0,123,threads,test,0
correct_prediction,,True,5074,0,caption_ocr,0,0,phobert-base,0,123,threads,test,0
correct_prediction,,True,3866,0,caption_ocr,0,0,phobert-base,0,123,threads,test,0
correct_prediction,,True,2695,0,caption_ocr,1,1,phobert-base,1,123,facebook,test,1
false_positive,,True,3968,0,caption_ocr,0,0,phobert-base,1,123,threads,test,0
correct_prediction,,True,6957,1,caption_ocr,1,1,phobert-base,1,123,facebook,test,0
correct_prediction,,False,4720,0,caption_ocr,0,0,phobert-base,0,123,threads,test,0
correct_prediction,,False,3713,0,caption_ocr,0,0,phobert-base,0,123,threads,test,0
correct_prediction,,False,1809,0,caption_ocr,0,0,phobert-base,0,123,threads,test,0
correct_prediction,,True,3043,0,caption_ocr,1,1,phobert-base,1,123,facebook,test,1
correct_prediction,,False,6942,0,caption_ocr,1,1,phobert-base,1,123,facebook,test,1
correct_prediction,,True,3678,0,caption_ocr,0,0,phobert-base,0,123,threads,test,0
correct_prediction,,True,7289,1,caption_ocr,1,1,phobert-base,1,123,facebook,test,0
false_positive,,False,1974,0,caption_ocr,0,0,phobert-base,1,123,facebook,test,0
correct_prediction,,False,4805,0,caption_ocr,0,0,phobert-base,0,123,threads,test,0
correct_prediction,,True,3940,0,caption_ocr,1,1,phobert-base,1,123,threads,test,1
false_positive,,True,4026,0,caption_ocr,0,0,phobert-base,1,123,threads,test,1
false_positive,,True,557,0,caption_ocr,0,0,phobert-base,1,123,threads,test,0
correct_prediction,,True,7287,0,caption_ocr,1,1,phobert-base,1,123,facebook,test,1
correct_prediction,,True,2187,0,caption_ocr,1,1,phobert-base,1,123,facebook,test,0
error_001,,True,1647,0,caption_ocr,1,1,phobert-base,0,123,threads,test,0
correct_prediction,,True,3485,0,caption_ocr,1,1,phobert-base,1,123,threads,test,1
correct_prediction,,True,6436,0,caption_ocr,1,1,phobert-base,1,123,facebook,test,0
false_positive,,True,4220,0,caption_ocr,0,0,phobert-base,1,123,threads,test,0
correct_prediction,,False,138,0,caption_ocr,0,0,phobert-base,0,123,threads,test,0
correct_prediction,,True,2639,0,caption_ocr,1,1,phobert-base,1,123,facebook,test,0
correct_prediction,,False,4705,0,caption_ocr,0,0,phobert-base,0,123,threads,test,0
correct_prediction,,True,3475,0,caption_ocr,0,0,phobert-base,0,123,threads,test,0
correct_prediction,,True,1056,0,caption_ocr,0,0,phobert-base,0,123,threads,test,0
error_001,,True,1453,0,caption_ocr,1,1,phobert-base,0,123,threads,test,0
correct_prediction,,True,1702,0,caption_ocr,1,1,phobert-base,1,123,threads,test,1
correct_prediction,,True,5220,0,caption_ocr,1,1,phobert-base,1,123,threads,test,0
correct_prediction,,False,6847,0,caption_ocr,1,1,phobert-base,1,123,facebook,test,0
correct_prediction,,False,3219,0,caption_ocr,0,0,phobert-base,0,123,threads,test,0
correct_prediction,,True,1040,0,caption_ocr,0,0,phobert-base,0,123,threads,test,0
correct_prediction,,True,1271,0,caption_ocr,0,0,phobert-base,0,123,threads,test,0
correct_prediction,,True,2870,0,caption_ocr,1,1,phobert-base,1,123,facebook,test,1
false_positive,,True,4764,0,caption_ocr,0,0,phobert-base,1,123,threads,test,0
correct_prediction,,False,4635,0,caption_ocr,0,0,phobert-base,0,123,threads,test,0
correct_prediction,,True,4713,0,caption_ocr,0,0,phobert-base,0,123,threads,test,0
correct_prediction,,True,4718,0,caption_ocr,0,0,phobert-base,0,123,threads,test,0
correct_prediction,,True,5865,1,caption_ocr,1,1,phobert-base,1,123,facebook,test,0
correct_prediction,,False,5047,0,caption_ocr,0,0,phobert-base,0,123,threads,test,0
correct_prediction,,True,2358,0,caption_ocr,1,1,phobert-base,1,123,facebook,test,0
false_positive,,True,2093,0,caption_ocr,0,0,phobert-base,1,123,facebook,test,0
correct_prediction,,False,5077,0,caption_ocr,0,0,phobert-base,0,123,threads,test,0
error_001,,False,3731,0,caption_ocr,1,1,phobert-base,0,123,threads,test,0
correct_prediction,,True,1660,0,caption_ocr,1,1,phobert-base,1,123,threads,test,1
correct_prediction,,False,3788,0,caption_ocr,0,0,phobert-base,0,123,threads,test,0
correct_prediction,,True,4435,0,caption_ocr,0,0,phobert-base,0,123,threads,test,0
correct_prediction,,True,3079,0,caption_ocr,0,0,phobert-base,0,123,facebook,test,0
correct_prediction,,True,5515,0,caption_ocr,0,0,phobert-base,0,123,threads,test,0
correct_prediction,,True,5562,0,caption_ocr,0,0,phobert-base,0,123,threads,test,0
correct_prediction,,True,7331,0,caption_ocr,0,0,phobert-base,0,123,facebook,test,0
correct_prediction,,False,6680,0,caption_ocr,1,1,phobert-base,1,123,facebook,test,0
correct_prediction,,False,7141,0,caption_ocr,1,1,phobert-base,1,123,facebook,test,0
false_positive,,True,7295,0,caption_ocr,0,0,phobert-base,1,123,facebook,test,0
false_positive,,True,7100,0,caption_ocr,0,0,phobert-base,1,123,facebook,test,0
correct_prediction,,True,902,0,caption_ocr,1,1,phobert-base,1,123,threads,test,1
correct_prediction,,True,4456,0,caption_ocr,0,0,phobert-base,0,123,threads,test,0
correct_prediction,,False,1369,0,caption_ocr,0,0,phobert-base,0,123,threads,test,0
false_positive,,True,3015,0,caption_ocr,0,0,phobert-base,1,123,facebook,test,1
correct_prediction,,True,5378,0,caption_ocr,0,0,phobert-base,0,123,threads,test,0
correct_prediction,,True,2763,0,caption_ocr,0,0,phobert-base,0,123,facebook,test,0
correct_prediction,,False,6360,0,caption_ocr,0,0,phobert-base,0,123,facebook,test,0
correct_prediction,,True,3117,0,caption_ocr,0,0,phobert-base,0,123,threads,test,0
error_001,,True,6106,0,caption_ocr,1,1,phobert-base,0,123,facebook,test,0
correct_prediction,,True,2521,0,caption_ocr,1,1,phobert-base,1,123,facebook,test,0
correct_prediction,,True,990,0,caption_ocr,0,0,phobert-base,0,123,threads,test,0
correct_prediction,,False,1503,0,caption_ocr,0,0,phobert-base,0,123,threads,test,0
correct_prediction,,True,1490,0,caption_ocr,0,0,phobert-base,0,123,threads,test,0
correct_prediction,,False,3623,0,caption_ocr,0,0,phobert-base,0,123,threads,test,0
correct_prediction,,True,987,1,caption_ocr,1,1,phobert-base,1,123,threads,test,1
correct_prediction,,True,4401,0,caption_ocr,0,0,phobert-base,0,123,threads,test,0
correct_prediction,,False,6855,0,caption_ocr,1,1,phobert-base,1,123,facebook,test,0
false_positive,,True,6049,0,caption_ocr,0,0,phobert-base,1,123,facebook,test,0
correct_prediction,,False,812,0,caption_ocr,0,0,phobert-base,0,123,threads,test,0
false_positive,,False,4267,0,caption_ocr,0,0,phobert-base,1,123,threads,test,0
correct_prediction,,True,4197,0,caption_ocr,0,0,phobert-base,0,123,threads,test,1
false_positive,,True,2296,0,caption_ocr,0,0,phobert-base,1,123,facebook,test,0
correct_prediction,,True,6594,0,caption_ocr,1,1,phobert-base,1,123,facebook,test,0
correct_prediction,,True,6977,1,caption_ocr,1,1,phobert-base,1,123,facebook,test,0
correct_prediction,,True,5139,0,caption_ocr,0,0,phobert-base,0,123,threads,test,0
false_positive,,True,3289,0,caption_ocr,0,0,phobert-base,1,123,threads,test,0
error_001,,True,1624,0,caption_ocr,1,1,phobert-base,0,123,threads,test,0
correct_prediction,,False,3952,0,caption_ocr,0,0,phobert-base,0,123,threads,test,1
correct_prediction,,True,6060,0,caption_ocr,0,0,phobert-base,0,123,facebook,test,0
error_001,,False,3824,0,caption_ocr,1,1,phobert-base,0,123,threads,test,0
correct_prediction,,True,5482,0,caption_ocr,0,0,phobert-base,0,123,threads,test,0
correct_prediction,,False,5568,0,caption_ocr,0,0,phobert-base,0,123,threads,test,0
false_positive,,True,3913,0,caption_ocr,0,0,phobert-base,1,123,threads,test,0
correct_prediction,,True,7004,0,caption_ocr,1,1,phobert-base,1,123,facebook,test,0
correct_prediction,,False,6664,0,caption_ocr,1,1,phobert-base,1,123,facebook,test,1
correct_prediction,,False,4871,0,caption_ocr,0,0,phobert-base,0,123,threads,test,0
correct_prediction,,True,3960,0,caption_ocr,0,0,phobert-base,0,123,threads,test,0
error_001,,False,4500,0,caption_ocr,1,1,phobert-base,0,123,threads,test,0
correct_prediction,,True,1688,0,caption_ocr,0,0,phobert-base,0,123,threads,test,0
correct_prediction,,False,7092,0,caption_ocr,1,1,phobert-base,1,123,facebook,test,0
correct_prediction,,True,3491,0,caption_ocr,0,0,phobert-base,0,123,threads,test,0
correct_prediction,,False,5564,0,caption_ocr,0,0,phobert-base,0,123,threads,test,0
false_positive,,True,7220,1,caption_ocr,0,0,phobert-base,1,123,facebook,test,0
false_positive,,True,6151,0,caption_ocr,0,0,phobert-base,1,123,facebook,test,0
correct_prediction,,True,2470,1,caption_ocr,1,1,phobert-base,1,123,facebook,test,0
false_positive,,True,1964,0,caption_ocr,0,0,phobert-base,1,123,facebook,test,0
correct_prediction,,True,2382,1,caption_ocr,1,1,phobert-base,1,123,facebook,test,0
correct_prediction,,True,4272,0,caption_ocr,0,0,phobert-base,0,123,threads,test,0
correct_prediction,,False,1867,0,caption_ocr,1,1,phobert-base,1,123,facebook,test,0
correct_prediction,,True,5421,0,caption_ocr,0,0,phobert-base,0,123,threads,test,0
correct_prediction,,False,1268,0,caption_ocr,1,1,phobert-base,1,123,threads,test,1
correct_prediction,,True,4755,0,caption_ocr,0,0,phobert-base,0,123,threads,test,0
false_positive,,False,826,0,caption_ocr,0,0,phobert-base,1,123,threads,test,1
false_positive,,True,3167,0,caption_ocr,0,0,phobert-base,1,123,threads,test,0
error_001,,False,1463,0,caption_ocr,1,1,phobert-base,0,123,threads,test,0
correct_prediction,,False,6823,0,caption_ocr,1,1,phobert-base,1,123,facebook,test,0
correct_prediction,,True,4355,0,caption_ocr,1,1,phobert-base,1,123,threads,test,0
correct_prediction,,True,1906,0,caption_ocr,1,1,phobert-base,1,123,facebook,test,0
correct_prediction,,True,4344,0,caption_ocr,0,0,phobert-base,0,123,threads,test,0
error_001,,True,5788,0,caption_ocr,1,1,phobert-base,0,123,facebook,test,0
correct_prediction,,True,3159,0,caption_ocr,0,0,phobert-base,0,123,threads,test,0
correct_prediction,,True,4902,0,caption_ocr,0,0,phobert-base,0,123,threads,test,0
correct_prediction,,True,144,0,caption_ocr,1,1,phobert-base,1,123,threads,test,1
false_positive,,True,6761,0,caption_ocr,0,0,phobert-base,1,123,facebook,test,1
false_positive,,True,805,0,caption_ocr,0,0,phobert-base,1,123,threads,test,0
correct_prediction,,True,7186,0,caption_ocr,1,1,phobert-base,1,123,facebook,test,0
correct_prediction,,True,3182,0,caption_ocr,0,0,phobert-base,0,123,threads,test,0
correct_prediction,,True,1303,1,caption_ocr,1,1,phobert-base,1,123,threads,test,0
correct_prediction,,False,4092,0,caption_ocr,0,0,phobert-base,0,123,threads,test,0
correct_prediction,,False,5450,0,caption_ocr,0,0,phobert-base,0,123,threads,test,0
correct_prediction,,False,3378,0,caption_ocr,0,0,phobert-base,0,123,threads,test,0
correct_prediction,,False,6551,0,caption_ocr,1,1,phobert-base,1,123,facebook,test,0
error_001,,True,3487,0,caption_ocr,1,1,phobert-base,0,123,threads,test,0
correct_prediction,,True,2049,0,caption_ocr,1,1,phobert-base,1,123,facebook,test,0
correct_prediction,,True,3667,0,caption_ocr,0,0,phobert-base,0,123,threads,test,0
false_positive,,True,3969,0,caption_ocr,0,0,phobert-base,1,123,threads,test,0
correct_prediction,,True,478,0,caption_ocr,0,0,phobert-base,0,123,threads,test,1
false_positive,,True,5816,0,caption_ocr,0,0,phobert-base,1,123,facebook,test,0
false_positive,,True,1043,0,caption_ocr,0,0,phobert-base,1,123,threads,test,0
correct_prediction,,True,6451,1,caption_ocr,1,1,phobert-base,1,123,facebook,test,0
false_positive,,True,2990,0,caption_ocr,0,0,phobert-base,1,123,facebook,test,0
correct_prediction,,False,5193,0,caption_ocr,0,0,phobert-base,0,123,threads,test,0
correct_prediction,,True,6509,1,caption_ocr,1,1,phobert-base,1,123,facebook,test,0
correct_prediction,,True,7159,0,caption_ocr,0,0,phobert-base,0,123,facebook,test,0
correct_prediction,,True,6556,0,caption_ocr,0,0,phobert-base,0,123,facebook,test,0
correct_prediction,,False,4752,0,caption_ocr,0,0,phobert-base,0,123,threads,test,0
correct_prediction,,True,7277,1,caption_ocr,1,1,phobert-base,1,123,facebook,test,0
correct_prediction,,False,6960,0,caption_ocr,1,1,phobert-base,1,123,facebook,test,0
correct_prediction,,True,3837,0,caption_ocr,1,1,phobert-base,1,123,threads,test,1
correct_prediction,,False,4514,0,caption_ocr,0,0,phobert-base,0,123,threads,test,0
correct_prediction,,False,2739,0,caption_ocr,1,1,phobert-base,1,123,facebook,test,1
false_positive,,False,5281,0,caption_ocr,0,0,phobert-base,1,123,threads,test,0
correct_prediction,,False,555,0,caption_ocr,0,0,phobert-base,0,123,threads,test,0
correct_prediction,,True,7074,1,caption_ocr,1,1,phobert-base,1,123,facebook,test,0
correct_prediction,,False,4038,0,caption_ocr,0,0,phobert-base,0,123,threads,test,0
error_001,,False,5054,0,caption_ocr,1,1,phobert-base,0,123,threads,test,0
false_positive,,True,6051,0,caption_ocr,0,0,phobert-base,1,123,facebook,test,0
correct_prediction,,True,6443,0,caption_ocr,0,0,phobert-base,0,123,facebook,test,0
correct_prediction,,True,6603,1,caption_ocr,1,1,phobert-base,1,123,facebook,test,0
correct_prediction,,False,5760,0,caption_ocr,1,1,phobert-base,1,123,facebook,test,0
correct_prediction,,True,2538,1,caption_ocr,1,1,phobert-base,1,123,facebook,test,0
correct_prediction,,True,3665,0,caption_ocr,0,0,phobert-base,0,123,threads,test,0
correct_prediction,,True,2529,1,caption_ocr,1,1,phobert-base,1,123,facebook,test,0
correct_prediction,,False,4427,0,caption_ocr,0,0,phobert-base,0,123,threads,test,0
correct_prediction,,False,1432,0,caption_ocr,1,1,phobert-base,1,123,threads,test,0
correct_prediction,,False,127,0,caption_ocr,0,0,phobert-base,0,123,threads,test,0
correct_prediction,,True,2469,1,caption_ocr,1,1,phobert-base,1,123,facebook,test,0
correct_prediction,,True,101,0,caption_ocr,1,1,phobert-base,1,123,threads,test,1
correct_prediction,,True,4199,0,caption_ocr,0,0,phobert-base,0,123,threads,test,0
correct_prediction,,True,6899,1,caption_ocr,1,1,phobert-base,1,123,facebook,test,0
correct_prediction,,True,523,0,caption_ocr,0,0,phobert-base,0,123,threads,test,0
correct_prediction,,True,4642,0,caption_ocr,0,0,phobert-base,0,123,threads,test,0
correct_prediction,,True,3187,0,caption_ocr,0,0,phobert-base,0,123,threads,test,0
correct_prediction,,True,1354,0,caption_ocr,0,0,phobert-base,0,123,threads,test,0
correct_prediction,,True,383,1,caption_ocr,0,0,phobert-base,0,123,threads,test,0
false_positive,,True,313,0,caption_ocr,0,0,phobert-base,1,123,threads,test,0
correct_prediction,,False,6790,0,caption_ocr,1,1,phobert-base,1,123,facebook,test,0
false_positive,,True,5964,0,caption_ocr,0,0,phobert-base,1,123,facebook,test,0
error_001,,True,2999,0,caption_ocr,1,1,phobert-base,0,123,facebook,test,0
error_001,,False,4614,0,caption_ocr,1,1,phobert-base,0,123,threads,test,0
correct_prediction,,False,4360,0,caption_ocr,0,0,phobert-base,0,123,threads,test,0
correct_prediction,,False,3994,0,caption_ocr,0,0,phobert-base,0,123,threads,test,0
correct_prediction,,True,7254,0,caption_ocr,1,1,phobert-base,1,123,facebook,test,0
error_001,,False,3513,0,caption_ocr,1,1,phobert-base,0,123,threads,test,0
correct_prediction,,True,1096,0,caption_ocr,1,1,phobert-base,1,123,threads,test,1
error_001,,False,1479,0,caption_ocr,1,1,phobert-base,0,123,threads,test,0
correct_prediction,,False,4739,0,caption_ocr,0,0,phobert-base,0,123,threads,test,0
correct_prediction,,True,5826,1,caption_ocr,1,1,phobert-base,1,123,facebook,test,0
correct_prediction,,True,1802,0,caption_ocr,1,1,phobert-base,1,123,threads,test,0
correct_prediction,,False,796,0,caption_ocr,0,0,phobert-base,0,123,threads,test,0
false_positive,,False,6155,0,caption_ocr,0,0,phobert-base,1,123,facebook,test,0
correct_prediction,,True,1808,0,caption_ocr,0,0,phobert-base,0,123,threads,test,0
false_positive,,True,7291,0,caption_ocr,0,0,phobert-base,1,123,facebook,test,0
false_positive,,True,6086,0,caption_ocr,0,0,phobert-base,1,123,facebook,test,0
error_001,,False,521,0,caption_ocr,1,1,phobert-base,0,123,threads,test,0
correct_prediction,,True,4451,0,caption_ocr,0,0,phobert-base,0,123,threads,test,0
correct_prediction,,True,6044,1,caption_ocr,1,1,phobert-base,1,123,facebook,test,0
false_positive,,True,644,0,caption_ocr,0,0,phobert-base,1,123,threads,test,0
false_positive,,True,4463,0,caption_ocr,0,0,phobert-base,1,123,threads,test,0
correct_prediction,,True,3956,0,caption_ocr,0,0,phobert-base,0,123,threads,test,0
false_positive,,True,1778,0,caption_ocr,0,0,phobert-base,1,123,threads,test,0
false_positive,,True,6217,0,caption_ocr,0,0,phobert-base,1,123,facebook,test,0
correct_prediction,,True,2426,1,caption_ocr,1,1,phobert-base,1,123,facebook,test,0
false_positive,,True,3497,0,caption_ocr,0,0,phobert-base,1,123,threads,test,1
correct_prediction,,True,2376,1,caption_ocr,1,1,phobert-base,1,123,facebook,test,0
correct_prediction,,False,2057,0,caption_ocr,1,1,phobert-base,1,123,facebook,test,0
correct_prediction,,False,2567,0,caption_ocr,1,1,phobert-base,1,123,facebook,test,0
correct_prediction,,True,6517,0,caption_ocr,1,1,phobert-base,1,123,facebook,test,0
correct_prediction,,False,4432,0,caption_ocr,1,1,phobert-base,1,123,threads,test,1
correct_prediction,,True,2622,0,caption_ocr,1,1,phobert-base,1,123,facebook,test,0
false_positive,,False,5824,0,caption_ocr,0,0,phobert-base,1,123,facebook,test,0
error_001,,False,7239,0,caption_ocr,1,1,phobert-base,0,123,facebook,test,0
false_positive,,True,4034,0,caption_ocr,0,0,phobert-base,1,123,threads,test,0
correct_prediction,,False,892,0,caption_ocr,1,1,phobert-base,1,123,threads,test,0
correct_prediction,,True,502,0,caption_ocr,1,1,phobert-base,1,123,threads,test,0
correct_prediction,,True,297,0,caption_ocr,1,1,phobert-base,1,123,threads,test,0
correct_prediction,,True,258,0,caption_ocr,1,1,phobert-base,1,123,threads,test,0
correct_prediction,,False,4889,0,caption_ocr,0,0,phobert-base,0,123,threads,test,0
correct_prediction,,True,1127,1,caption_ocr,1,1,phobert-base,1,123,threads,test,1
correct_prediction,,True,1768,0,caption_ocr,1,1,phobert-base,1,123,threads,test,1
correct_prediction,,True,3930,0,caption_ocr,0,0,phobert-base,0,123,threads,test,0
correct_prediction,,True,5728,0,caption_ocr,1,1,phobert-base,1,123,facebook,test,0
correct_prediction,,True,4675,0,caption_ocr,1,1,phobert-base,1,123,threads,test,0
false_positive,,True,6359,0,caption_ocr,0,0,phobert-base,1,123,facebook,test,0
correct_prediction,,True,4492,0,caption_ocr,0,0,phobert-base,0,123,threads,test,0
correct_prediction,,False,5272,0,caption_ocr,0,0,phobert-base,0,123,threads,test,0
correct_prediction,,False,6574,0,caption_ocr,1,1,phobert-base,1,123,facebook,test,0
correct_prediction,,False,6427,0,caption_ocr,1,1,phobert-base,1,123,facebook,test,0
correct_prediction,,True,884,1,caption_ocr,1,1,phobert-base,1,123,threads,test,1
correct_prediction,,True,2327,0,caption_ocr,0,0,phobert-base,0,123,facebook,test,0
correct_prediction,,False,5249,0,caption_ocr,0,0,phobert-base,0,123,threads,test,0
correct_prediction,,False,5361,0,caption_ocr,0,0,phobert-base,0,123,threads,test,0
correct_prediction,,True,2952,0,caption_ocr,1,1,phobert-base,1,123,facebook,test,1
correct_prediction,,False,2053,0,caption_ocr,1,1,phobert-base,1,123,facebook,test,0
correct_prediction,,False,1020,0,caption_ocr,0,0,phobert-base,0,123,threads,test,0
correct_prediction,,True,1604,0,caption_ocr,0,0,phobert-base,0,123,threads,test,0
correct_prediction,,True,2832,0,caption_ocr,0,0,phobert-base,0,123,facebook,test,1
correct_prediction,,True,5579,0,caption_ocr,0,0,phobert-base,0,123,threads,test,0
false_positive,,False,1977,0,caption_ocr,0,0,phobert-base,1,123,facebook,test,0
correct_prediction,,True,4790,0,caption_ocr,0,0,phobert-base,0,123,threads,test,0
correct_prediction,,True,2839,0,caption_ocr,1,1,phobert-base,1,123,facebook,test,0
correct_prediction,,False,4604,0,caption_ocr,0,0,phobert-base,0,123,threads,test,0
correct_prediction,,True,490,0,caption_ocr,0,0,phobert-base,0,123,threads,test,0
correct_prediction,,False,4900,0,caption_ocr,0,0,phobert-base,0,123,threads,test,0
correct_prediction,,False,1206,0,caption_ocr,0,0,phobert-base,0,123,threads,test,0
correct_prediction,,False,6919,0,caption_ocr,1,1,phobert-base,1,123,facebook,test,0
correct_prediction,,False,5013,0,caption_ocr,0,0,phobert-base,0,123,threads,test,0
correct_prediction,,False,530,0,caption_ocr,1,1,phobert-base,1,123,threads,test,1
false_positive,,True,7127,0,caption_ocr,0,0,phobert-base,1,123,facebook,test,0
correct_prediction,,True,5130,0,caption_ocr,0,0,phobert-base,0,123,threads,test,0
correct_prediction,,True,6450,0,caption_ocr,0,0,phobert-base,0,123,facebook,test,0
correct_prediction,,False,3798,0,caption_ocr,1,1,phobert-base,1,123,threads,test,1
correct_prediction,,True,3230,0,caption_ocr,0,0,phobert-base,0,123,threads,test,0
correct_prediction,,True,4827,0,caption_ocr,0,0,phobert-base,0,123,threads,test,0
correct_prediction,,True,2434,1,caption_ocr,1,1,phobert-base,1,123,facebook,test,0
correct_prediction,,True,1022,0,caption_ocr,0,0,phobert-base,0,123,threads,test,0
correct_prediction,,False,5302,0,caption_ocr,0,0,phobert-base,0,123,threads,test,0
false_positive,,True,3645,0,caption_ocr,0,0,phobert-base,1,123,threads,test,0
correct_prediction,,True,1037,0,caption_ocr,0,0,phobert-base,0,123,threads,test,1
correct_prediction,,True,6000,0,caption_ocr,1,1,phobert-base,1,123,facebook,test,0
correct_prediction,,True,3179,0,caption_ocr,0,0,phobert-base,0,123,threads,test,0
correct_prediction,,True,4101,1,caption_ocr,1,1,phobert-base,1,123,threads,test,0
error_001,,True,618,0,caption_ocr,1,1,phobert-base,0,123,threads,test,0
correct_prediction,,True,1671,0,caption_ocr,1,1,phobert-base,1,123,threads,test,1
false_positive,,True,4369,0,caption_ocr,0,0,phobert-base,1,123,threads,test,0
correct_prediction,,True,2428,0,caption_ocr,0,0,phobert-base,0,123,facebook,test,0
correct_prediction,,True,4304,0,caption_ocr,0,0,phobert-base,0,123,threads,test,0
error_001,,True,2113,0,caption_ocr,1,1,phobert-base,0,123,facebook,test,0
correct_prediction,,False,2724,0,caption_ocr,1,1,phobert-base,1,123,facebook,test,1
correct_prediction,,False,5930,0,caption_ocr,1,1,phobert-base,1,123,facebook,test,0
correct_prediction,,False,5205,0,caption_ocr,0,0,phobert-base,0,123,threads,test,0
correct_prediction,,True,411,0,caption_ocr,1,1,phobert-base,1,123,threads,test,1
correct_prediction,,False,743,0,caption_ocr,0,0,phobert-base,0,123,threads,test,0
correct_prediction,,True,2558,1,caption_ocr,1,1,phobert-base,1,123,facebook,test,0
correct_prediction,,True,113,0,caption_ocr,1,1,phobert-base,1,123,threads,test,1
correct_prediction,,False,426,0,caption_ocr,0,0,phobert-base,0,123,threads,test,0
correct_prediction,,True,7221,0,caption_ocr,1,1,phobert-base,1,123,facebook,test,0
correct_prediction,,True,4744,0,caption_ocr,0,0,phobert-base,0,123,threads,test,0
correct_prediction,,True,7014,1,caption_ocr,1,1,phobert-base,1,123,facebook,test,0
error_001,,True,6677,0,caption_ocr,1,1,phobert-base,0,123,facebook,test,0
correct_prediction,,False,5282,0,caption_ocr,0,0,phobert-base,0,123,threads,test,0
correct_prediction,,True,6037,1,caption_ocr,1,1,phobert-base,1,123,facebook,test,0
correct_prediction,,True,4241,0,caption_ocr,0,0,phobert-base,0,123,threads,test,0
false_positive,,False,16,0,caption_ocr,0,0,phobert-base,1,123,threads,test,0
correct_prediction,,True,26,0,caption_ocr,1,1,phobert-base,1,123,threads,test,1
false_positive,,True,256,0,caption_ocr,0,0,phobert-base,1,123,threads,test,1
correct_prediction,,True,6856,1,caption_ocr,0,0,phobert-base,0,123,facebook,test,0
correct_prediction,,True,4132,0,caption_ocr,0,0,phobert-base,0,123,threads,test,0
false_positive,,True,3518,0,caption_ocr,0,0,phobert-base,1,123,threads,test,0
correct_prediction,,False,1348,0,caption_ocr,0,0,phobert-base,0,123,threads,test,0
correct_prediction,,True,4057,0,caption_ocr,0,0,phobert-base,0,123,threads,test,0
error_001,,False,2729,0,caption_ocr,1,1,phobert-base,0,123,facebook,test,0
correct_prediction,,True,3110,0,caption_ocr,0,0,phobert-base,0,123,threads,test,0
correct_prediction,,False,1217,0,caption_ocr,0,0,phobert-base,0,123,threads,test,0
correct_prediction,,False,5119,0,caption_ocr,0,0,phobert-base,0,123,threads,test,0
false_positive,,True,4123,0,caption_ocr,0,0,phobert-base,1,123,threads,test,0
correct_prediction,,True,3371,0,caption_ocr,0,0,phobert-base,0,123,threads,test,0
correct_prediction,,False,4607,0,caption_ocr,0,0,phobert-base,0,123,threads,test,0
correct_prediction,,True,6410,0,caption_ocr,1,1,phobert-base,1,123,facebook,test,0
false_positive,,True,2435,1,caption_ocr,0,0,phobert-base,1,123,facebook,test,0
false_positive,,True,5547,0,caption_ocr,0,0,phobert-base,1,123,threads,test,0
correct_prediction,,True,1901,0,caption_ocr,1,1,phobert-base,1,123,facebook,test,1
correct_prediction,,True,4258,0,caption_ocr,1,1,phobert-base,1,123,threads,test,0
correct_prediction,,True,6271,0,caption_ocr,1,1,phobert-base,1,123,facebook,test,1
correct_prediction,,True,6067,0,caption_ocr,0,0,phobert-base,0,123,facebook,test,0
correct_prediction,,True,406,0,caption_ocr,0,0,phobert-base,0,123,threads,test,0
correct_prediction,,True,3143,0,caption_ocr,1,1,phobert-base,1,123,threads,test,0
correct_prediction,,True,2992,0,caption_ocr,0,0,phobert-base,0,123,facebook,test,1
correct_prediction,,False,2792,0,caption_ocr,1,1,phobert-base,1,123,facebook,test,0
false_positive,,True,4507,0,caption_ocr,0,0,phobert-base,1,123,threads,test,0
correct_prediction,,True,2308,0,caption_ocr,1,1,phobert-base,1,123,facebook,test,0
correct_prediction,,True,1248,0,caption_ocr,0,0,phobert-base,0,123,threads,test,0
correct_prediction,,True,6011,0,caption_ocr,1,1,phobert-base,1,123,facebook,test,1
correct_prediction,,True,5925,0,caption_ocr,1,1,phobert-base,1,123,facebook,test,0
correct_prediction,,True,1397,0,caption_ocr,0,0,phobert-base,0,123,threads,test,0
correct_prediction,,False,4052,0,caption_ocr,0,0,phobert-base,0,123,threads,test,0
correct_prediction,,False,665,0,caption_ocr,0,0,phobert-base,0,123,threads,test,0
correct_prediction,,True,462,0,caption_ocr,0,0,phobert-base,0,123,threads,test,0
correct_prediction,,True,2337,1,caption_ocr,1,1,phobert-base,1,123,facebook,test,0
correct_prediction,,True,3260,0,caption_ocr,1,1,phobert-base,1,123,threads,test,0
correct_prediction,,False,5255,0,caption_ocr,0,0,phobert-base,0,123,threads,test,0
false_positive,,False,3503,0,caption_ocr,0,0,phobert-base,1,123,threads,test,0
correct_prediction,,False,2054,0,caption_ocr,1,1,phobert-base,1,123,facebook,test,1
error_001,,False,3209,0,caption_ocr,1,1,phobert-base,0,123,threads,test,0
correct_prediction,,False,3099,0,caption_ocr,0,0,phobert-base,0,123,facebook,test,1
false_positive,,True,7058,0,caption_ocr,0,0,phobert-base,1,123,facebook,test,0
correct_prediction,,True,6116,1,caption_ocr,1,1,phobert-base,1,123,facebook,test,0
correct_prediction,,False,4698,0,caption_ocr,0,0,phobert-base,0,123,threads,test,0
false_positive,,True,1079,0,caption_ocr,0,0,phobert-base,1,123,threads,test,0
correct_prediction,,True,4362,1,caption_ocr,1,1,phobert-base,1,123,threads,test,0
false_positive,,True,2338,1,caption_ocr,0,0,phobert-base,1,123,facebook,test,0
correct_prediction,,True,7314,0,caption_ocr,1,1,phobert-base,1,123,facebook,test,1
correct_prediction,,False,629,0,caption_ocr,0,0,phobert-base,0,123,threads,test,0
error_001,,True,3883,0,caption_ocr,1,1,phobert-base,0,123,threads,test,0
false_positive,,True,5786,0,caption_ocr,0,0,phobert-base,1,123,facebook,test,0
correct_prediction,,False,3119,0,caption_ocr,0,0,phobert-base,0,123,threads,test,0
correct_prediction,,False,5894,0,caption_ocr,1,1,phobert-base,1,123,facebook,test,0
correct_prediction,,True,5084,0,caption_ocr,0,0,phobert-base,0,123,threads,test,0
correct_prediction,,False,5343,0,caption_ocr,0,0,phobert-base,0,123,threads,test,0
correct_prediction,,False,4324,0,caption_ocr,0,0,phobert-base,0,123,threads,test,0
correct_prediction,,True,1216,1,caption_ocr,1,1,phobert-base,1,123,threads,test,0
false_positive,,False,2006,0,caption_ocr,0,0,phobert-base,1,123,facebook,test,0
false_positive,,True,5661,0,caption_ocr,0,0,phobert-base,1,123,threads,test,0
correct_prediction,,True,5640,0,caption_ocr,0,0,phobert-base,0,123,threads,test,0
correct_prediction,,True,5765,0,caption_ocr,1,1,phobert-base,1,123,facebook,test,0
false_positive,,True,5803,0,caption_ocr,0,0,phobert-base,1,2026,facebook,test,0
false_positive,,True,5990,0,caption_ocr,0,0,phobert-base,1,2026,facebook,test,0
correct_prediction,,True,1024,0,caption_ocr,0,0,phobert-base,0,2026,threads,test,0
correct_prediction,,True,1075,0,caption_ocr,0,0,phobert-base,0,2026,threads,test,0
correct_prediction,,True,4170,0,caption_ocr,0,0,phobert-base,0,2026,threads,test,0
correct_prediction,,True,599,0,caption_ocr,0,0,phobert-base,0,2026,threads,test,0
correct_prediction,,False,371,0,caption_ocr,0,0,phobert-base,0,2026,threads,test,0
false_positive,,False,5811,0,caption_ocr,0,0,phobert-base,1,2026,facebook,test,0
false_positive,,True,5986,0,caption_ocr,0,0,phobert-base,1,2026,facebook,test,0
correct_prediction,,True,6456,1,caption_ocr,1,1,phobert-base,1,2026,facebook,test,1
correct_prediction,,True,6826,0,caption_ocr,1,1,phobert-base,1,2026,facebook,test,0
correct_prediction,,False,859,0,caption_ocr,0,0,phobert-base,0,2026,threads,test,0
correct_prediction,,False,6562,0,caption_ocr,1,1,phobert-base,1,2026,facebook,test,0
correct_prediction,,True,2399,1,caption_ocr,1,1,phobert-base,1,2026,facebook,test,0
correct_prediction,,False,6505,0,caption_ocr,1,1,phobert-base,1,2026,facebook,test,0
error_001,,True,7292,0,caption_ocr,1,1,phobert-base,0,2026,facebook,test,0
correct_prediction,,True,6818,1,caption_ocr,1,1,phobert-base,1,2026,facebook,test,0
correct_prediction,,False,4909,0,caption_ocr,0,0,phobert-base,0,2026,threads,test,0
correct_prediction,,False,4190,0,caption_ocr,0,0,phobert-base,0,2026,threads,test,0
false_positive,,True,6100,0,caption_ocr,0,0,phobert-base,1,2026,facebook,test,0
correct_prediction,,True,5033,0,caption_ocr,0,0,phobert-base,0,2026,threads,test,0
correct_prediction,,True,5608,0,caption_ocr,1,1,phobert-base,1,2026,threads,test,0
correct_prediction,,False,4177,0,caption_ocr,0,0,phobert-base,0,2026,threads,test,0
correct_prediction,,True,3845,0,caption_ocr,0,0,phobert-base,0,2026,threads,test,0
correct_prediction,,False,2129,0,caption_ocr,1,1,phobert-base,1,2026,facebook,test,0
correct_prediction,,False,540,0,caption_ocr,1,1,phobert-base,1,2026,threads,test,1
correct_prediction,,True,3054,0,caption_ocr,0,0,phobert-base,0,2026,facebook,test,0
correct_prediction,,True,3867,0,caption_ocr,0,0,phobert-base,0,2026,threads,test,0
correct_prediction,,False,4031,0,caption_ocr,0,0,phobert-base,0,2026,threads,test,0
correct_prediction,,True,1767,1,caption_ocr,0,0,phobert-base,0,2026,threads,test,0
correct_prediction,,True,1598,0,caption_ocr,1,1,phobert-base,1,2026,threads,test,0
correct_prediction,,False,850,0,caption_ocr,0,0,phobert-base,0,2026,threads,test,0
error_001,,True,5978,0,caption_ocr,1,1,phobert-base,0,2026,facebook,test,0
false_positive,,True,3709,0,caption_ocr,0,0,phobert-base,1,2026,threads,test,0
correct_prediction,,True,5963,1,caption_ocr,1,1,phobert-base,1,2026,facebook,test,0
correct_prediction,,True,5782,1,caption_ocr,1,1,phobert-base,1,2026,facebook,test,0
correct_prediction,,True,4722,0,caption_ocr,0,0,phobert-base,0,2026,threads,test,0
correct_prediction,,True,1801,0,caption_ocr,1,1,phobert-base,1,2026,threads,test,0
correct_prediction,,False,2768,0,caption_ocr,1,1,phobert-base,1,2026,facebook,test,0
correct_prediction,,False,5737,0,caption_ocr,1,1,phobert-base,1,2026,facebook,test,0
error_001,,False,1824,0,caption_ocr,1,1,phobert-base,0,2026,threads,test,0
error_001,,True,2321,0,caption_ocr,1,1,phobert-base,0,2026,facebook,test,0
correct_prediction,,True,6447,1,caption_ocr,1,1,phobert-base,1,2026,facebook,test,0
correct_prediction,,False,2851,0,caption_ocr,1,1,phobert-base,1,2026,facebook,test,1
false_positive,,True,255,0,caption_ocr,0,0,phobert-base,1,2026,threads,test,0
correct_prediction,,True,1103,0,caption_ocr,0,0,phobert-base,0,2026,threads,test,0
correct_prediction,,True,1228,1,caption_ocr,1,1,phobert-base,1,2026,threads,test,0
error_001,,True,4004,0,caption_ocr,1,1,phobert-base,0,2026,threads,test,0
correct_prediction,,False,1591,0,caption_ocr,0,0,phobert-base,0,2026,threads,test,0
correct_prediction,,False,2861,0,caption_ocr,0,0,phobert-base,0,2026,facebook,test,0
error_001,,True,797,0,caption_ocr,1,1,phobert-base,0,2026,threads,test,0
correct_prediction,,True,2913,0,caption_ocr,1,1,phobert-base,1,2026,facebook,test,1
correct_prediction,,True,6159,1,caption_ocr,1,1,phobert-base,1,2026,facebook,test,0
correct_prediction,,False,7007,0,caption_ocr,1,1,phobert-base,1,2026,facebook,test,0
correct_prediction,,True,2333,1,caption_ocr,1,1,phobert-base,1,2026,facebook,test,0
false_positive,,True,1448,0,caption_ocr,0,0,phobert-base,1,2026,threads,test,1
correct_prediction,,True,993,0,caption_ocr,0,0,phobert-base,0,2026,threads,test,0
correct_prediction,,False,1978,0,caption_ocr,1,1,phobert-base,1,2026,facebook,test,0
correct_prediction,,False,5035,0,caption_ocr,0,0,phobert-base,0,2026,threads,test,0
correct_prediction,,False,4647,0,caption_ocr,0,0,phobert-base,0,2026,threads,test,0
false_positive,,False,4922,0,caption_ocr,0,0,phobert-base,1,2026,threads,test,0
correct_prediction,,False,525,0,caption_ocr,0,0,phobert-base,0,2026,threads,test,0
correct_prediction,,True,3878,0,caption_ocr,0,0,phobert-base,0,2026,threads,test,0
correct_prediction,,False,1254,0,caption_ocr,1,1,phobert-base,1,2026,threads,test,1
correct_prediction,,True,2139,0,caption_ocr,0,0,phobert-base,0,2026,facebook,test,0
correct_prediction,,True,314,0,caption_ocr,0,0,phobert-base,0,2026,threads,test,0
correct_prediction,,True,2482,1,caption_ocr,0,0,phobert-base,0,2026,facebook,test,0
correct_prediction,,False,5580,0,caption_ocr,0,0,phobert-base,0,2026,threads,test,0
correct_prediction,,True,196,0,caption_ocr,0,0,phobert-base,0,2026,threads,test,0
correct_prediction,,True,6755,1,caption_ocr,1,1,phobert-base,1,2026,facebook,test,0
correct_prediction,,False,6488,0,caption_ocr,1,1,phobert-base,1,2026,facebook,test,1
correct_prediction,,True,5335,0,caption_ocr,0,0,phobert-base,0,2026,threads,test,0
false_positive,,True,592,0,caption_ocr,0,0,phobert-base,1,2026,threads,test,0
correct_prediction,,True,6168,0,caption_ocr,0,0,phobert-base,0,2026,facebook,test,0
correct_prediction,,False,5293,0,caption_ocr,0,0,phobert-base,0,2026,threads,test,0
correct_prediction,,True,423,0,caption_ocr,0,0,phobert-base,0,2026,threads,test,0
correct_prediction,,True,6189,0,caption_ocr,0,0,phobert-base,0,2026,facebook,test,0
correct_prediction,,True,1155,0,caption_ocr,0,0,phobert-base,0,2026,threads,test,0
correct_prediction,,False,5197,0,caption_ocr,0,0,phobert-base,0,2026,threads,test,0
correct_prediction,,False,779,0,caption_ocr,1,1,phobert-base,1,2026,threads,test,1
correct_prediction,,True,464,0,caption_ocr,0,0,phobert-base,0,2026,threads,test,0
correct_prediction,,True,6645,1,caption_ocr,1,1,phobert-base,1,2026,facebook,test,0
false_positive,,False,3992,0,caption_ocr,0,0,phobert-base,1,2026,threads,test,0
correct_prediction,,True,2916,0,caption_ocr,1,1,phobert-base,1,2026,facebook,test,0
correct_prediction,,True,1234,0,caption_ocr,1,1,phobert-base,1,2026,threads,test,1
correct_prediction,,True,6098,0,caption_ocr,1,1,phobert-base,1,2026,facebook,test,0
false_positive,,False,735,0,caption_ocr,0,0,phobert-base,1,2026,threads,test,0
false_positive,,True,134,1,caption_ocr,0,0,phobert-base,1,2026,threads,test,0
correct_prediction,,False,6907,0,caption_ocr,1,1,phobert-base,1,2026,facebook,test,1
false_positive,,True,793,0,caption_ocr,0,0,phobert-base,1,2026,threads,test,0
error_001,,False,4475,0,caption_ocr,1,1,phobert-base,0,2026,threads,test,0
correct_prediction,,True,4403,0,caption_ocr,0,0,phobert-base,0,2026,threads,test,0
correct_prediction,,True,1657,0,caption_ocr,1,1,phobert-base,1,2026,threads,test,1
correct_prediction,,True,533,0,caption_ocr,0,0,phobert-base,0,2026,threads,test,1
correct_prediction,,False,6861,0,caption_ocr,1,1,phobert-base,1,2026,facebook,test,0
correct_prediction,,True,4136,0,caption_ocr,0,0,phobert-base,0,2026,threads,test,0
correct_prediction,,True,6962,0,caption_ocr,1,1,phobert-base,1,2026,facebook,test,0
error_001,,True,1716,0,caption_ocr,1,1,phobert-base,0,2026,threads,test,0
correct_prediction,,True,6983,0,caption_ocr,1,1,phobert-base,1,2026,facebook,test,0
correct_prediction,,True,3705,0,caption_ocr,0,0,phobert-base,0,2026,threads,test,0
correct_prediction,,True,3887,0,caption_ocr,0,0,phobert-base,0,2026,threads,test,0
correct_prediction,,True,4269,0,caption_ocr,0,0,phobert-base,0,2026,threads,test,0
correct_prediction,,True,860,0,caption_ocr,0,0,phobert-base,0,2026,threads,test,0
correct_prediction,,True,2042,0,caption_ocr,1,1,phobert-base,1,2026,facebook,test,0
error_001,,True,5835,0,caption_ocr,1,1,phobert-base,0,2026,facebook,test,0
false_positive,,False,1953,0,caption_ocr,0,0,phobert-base,1,2026,facebook,test,0
correct_prediction,,False,6414,0,caption_ocr,1,1,phobert-base,1,2026,facebook,test,0
error_001,,False,6537,0,caption_ocr,1,1,phobert-base,0,2026,facebook,test,0
false_positive,,False,5825,0,caption_ocr,0,0,phobert-base,1,2026,facebook,test,0
false_positive,,True,2096,0,caption_ocr,0,0,phobert-base,1,2026,facebook,test,1
correct_prediction,,True,2627,0,caption_ocr,0,0,phobert-base,0,2026,facebook,test,0
false_positive,,False,2757,0,caption_ocr,0,0,phobert-base,1,2026,facebook,test,0
correct_prediction,,True,1684,0,caption_ocr,0,0,phobert-base,0,2026,threads,test,0
error_001,,True,2005,0,caption_ocr,1,1,phobert-base,0,2026,facebook,test,0
correct_prediction,,True,5927,0,caption_ocr,1,1,phobert-base,1,2026,facebook,test,1
correct_prediction,,True,5014,0,caption_ocr,0,0,phobert-base,0,2026,threads,test,0
correct_prediction,,True,4892,0,caption_ocr,0,0,phobert-base,0,2026,threads,test,0
correct_prediction,,False,5589,0,caption_ocr,0,0,phobert-base,0,2026,threads,test,0
correct_prediction,,True,2206,0,caption_ocr,0,0,phobert-base,0,2026,facebook,test,1
correct_prediction,,False,5202,0,caption_ocr,0,0,phobert-base,0,2026,threads,test,0
correct_prediction,,True,1329,0,caption_ocr,0,0,phobert-base,0,2026,threads,test,1
error_001,,True,47,0,caption_ocr,1,1,phobert-base,0,2026,threads,test,0
correct_prediction,,True,6746,1,caption_ocr,1,1,phobert-base,1,2026,facebook,test,0
correct_prediction,,False,3398,0,caption_ocr,1,1,phobert-base,1,2026,threads,test,0
correct_prediction,,False,3695,0,caption_ocr,0,0,phobert-base,0,2026,threads,test,0
correct_prediction,,True,3365,0,caption_ocr,0,0,phobert-base,0,2026,threads,test,1
correct_prediction,,True,513,0,caption_ocr,0,0,phobert-base,0,2026,threads,test,0
false_positive,,False,7022,0,caption_ocr,0,0,phobert-base,1,2026,facebook,test,0
false_positive,,True,2459,0,caption_ocr,0,0,phobert-base,1,2026,facebook,test,0
correct_prediction,,True,1813,0,caption_ocr,1,1,phobert-base,1,2026,threads,test,0
correct_prediction,,True,4433,0,caption_ocr,1,1,phobert-base,1,2026,threads,test,1
correct_prediction,,True,1761,0,caption_ocr,0,0,phobert-base,0,2026,threads,test,0
correct_prediction,,False,800,0,caption_ocr,0,0,phobert-base,0,2026,threads,test,0
false_positive,,True,107,0,caption_ocr,0,0,phobert-base,1,2026,threads,test,1
correct_prediction,,True,980,0,caption_ocr,0,0,phobert-base,0,2026,threads,test,0
correct_prediction,,False,4819,0,caption_ocr,0,0,phobert-base,0,2026,threads,test,0
correct_prediction,,True,4321,0,caption_ocr,0,0,phobert-base,0,2026,threads,test,0
correct_prediction,,True,2506,1,caption_ocr,1,1,phobert-base,1,2026,facebook,test,0
error_001,,True,1126,0,caption_ocr,1,1,phobert-base,0,2026,threads,test,0
correct_prediction,,True,1570,0,caption_ocr,0,0,phobert-base,0,2026,threads,test,0
correct_prediction,,True,2368,1,caption_ocr,0,0,phobert-base,0,2026,facebook,test,0
correct_prediction,,True,4037,0,caption_ocr,0,0,phobert-base,0,2026,threads,test,0
correct_prediction,,True,1863,1,caption_ocr,1,1,phobert-base,1,2026,facebook,test,0
correct_prediction,,True,1635,0,caption_ocr,0,0,phobert-base,0,2026,threads,test,0
correct_prediction,,True,1027,1,caption_ocr,1,1,phobert-base,1,2026,threads,test,0
correct_prediction,,False,6894,0,caption_ocr,1,1,phobert-base,1,2026,facebook,test,0
correct_prediction,,False,5474,0,caption_ocr,0,0,phobert-base,0,2026,threads,test,0
false_positive,,True,1791,0,caption_ocr,0,0,phobert-base,1,2026,threads,test,1
correct_prediction,,False,6547,0,caption_ocr,1,1,phobert-base,1,2026,facebook,test,1
correct_prediction,,True,7209,0,caption_ocr,1,1,phobert-base,1,2026,facebook,test,0
correct_prediction,,True,5072,0,caption_ocr,0,0,phobert-base,0,2026,threads,test,0
correct_prediction,,True,7123,0,caption_ocr,0,0,phobert-base,0,2026,facebook,test,0
false_positive,,True,2233,1,caption_ocr,0,0,phobert-base,1,2026,facebook,test,0
correct_prediction,,False,2015,0,caption_ocr,1,1,phobert-base,1,2026,facebook,test,0
error_001,,False,6784,0,caption_ocr,1,1,phobert-base,0,2026,facebook,test,0
correct_prediction,,True,403,0,caption_ocr,0,0,phobert-base,0,2026,threads,test,0
false_positive,,True,6090,0,caption_ocr,0,0,phobert-base,1,2026,facebook,test,0
correct_prediction,,False,677,0,caption_ocr,0,0,phobert-base,0,2026,threads,test,0
error_001,,True,6493,0,caption_ocr,1,1,phobert-base,0,2026,facebook,test,0
correct_prediction,,False,5495,0,caption_ocr,0,0,phobert-base,0,2026,threads,test,0
error_001,,True,5802,0,caption_ocr,1,1,phobert-base,0,2026,facebook,test,0
correct_prediction,,True,6800,0,caption_ocr,1,1,phobert-base,1,2026,facebook,test,0
correct_prediction,,False,3949,0,caption_ocr,0,0,phobert-base,0,2026,threads,test,0
error_001,,True,2320,0,caption_ocr,1,1,phobert-base,0,2026,facebook,test,0
correct_prediction,,False,3805,0,caption_ocr,0,0,phobert-base,0,2026,threads,test,0
correct_prediction,,True,6404,0,caption_ocr,0,0,phobert-base,0,2026,facebook,test,0
correct_prediction,,False,4036,0,caption_ocr,0,0,phobert-base,0,2026,threads,test,0
correct_prediction,,True,2397,1,caption_ocr,1,1,phobert-base,1,2026,facebook,test,0
correct_prediction,,True,3609,0,caption_ocr,0,0,phobert-base,0,2026,threads,test,0
correct_prediction,,False,4950,0,caption_ocr,0,0,phobert-base,0,2026,threads,test,0
correct_prediction,,False,6884,0,caption_ocr,1,1,phobert-base,1,2026,facebook,test,1
correct_prediction,,False,7228,0,caption_ocr,1,1,phobert-base,1,2026,facebook,test,0
correct_prediction,,False,4770,0,caption_ocr,0,0,phobert-base,0,2026,threads,test,0
correct_prediction,,True,2744,0,caption_ocr,1,1,phobert-base,1,2026,facebook,test,0
false_positive,,True,4924,0,caption_ocr,0,0,phobert-base,1,2026,threads,test,0
correct_prediction,,True,3104,0,caption_ocr,1,1,phobert-base,1,2026,threads,test,1
correct_prediction,,True,5906,0,caption_ocr,0,0,phobert-base,0,2026,facebook,test,0
correct_prediction,,True,6375,0,caption_ocr,0,0,phobert-base,0,2026,facebook,test,0
correct_prediction,,True,2438,0,caption_ocr,1,1,phobert-base,1,2026,facebook,test,0
error_001,,False,4611,0,caption_ocr,1,1,phobert-base,0,2026,threads,test,0
correct_prediction,,True,3164,0,caption_ocr,1,1,phobert-base,1,2026,threads,test,0
correct_prediction,,True,2929,0,caption_ocr,1,1,phobert-base,1,2026,facebook,test,0
error_001,,False,6564,0,caption_ocr,1,1,phobert-base,0,2026,facebook,test,0
false_positive,,True,3857,0,caption_ocr,0,0,phobert-base,1,2026,threads,test,0
false_positive,,True,1054,0,caption_ocr,0,0,phobert-base,1,2026,threads,test,0
correct_prediction,,False,6734,0,caption_ocr,1,1,phobert-base,1,2026,facebook,test,0
correct_prediction,,True,7011,1,caption_ocr,1,1,phobert-base,1,2026,facebook,test,0
false_positive,,False,5961,0,caption_ocr,0,0,phobert-base,1,2026,facebook,test,0
correct_prediction,,True,2064,0,caption_ocr,0,0,phobert-base,0,2026,facebook,test,0
correct_prediction,,False,3666,0,caption_ocr,0,0,phobert-base,0,2026,threads,test,0
correct_prediction,,True,3040,0,caption_ocr,1,1,phobert-base,1,2026,facebook,test,1
error_001,,False,1392,0,caption_ocr,1,1,phobert-base,0,2026,threads,test,0
false_positive,,True,3125,0,caption_ocr,0,0,phobert-base,1,2026,threads,test,0
correct_prediction,,True,5288,0,caption_ocr,0,0,phobert-base,0,2026,threads,test,0
correct_prediction,,False,6679,0,caption_ocr,1,1,phobert-base,1,2026,facebook,test,1
error_001,,False,591,0,caption_ocr,1,1,phobert-base,0,2026,threads,test,0
correct_prediction,,False,6634,0,caption_ocr,1,1,phobert-base,1,2026,facebook,test,0
correct_prediction,,True,1280,1,caption_ocr,1,1,phobert-base,1,2026,threads,test,0
correct_prediction,,True,430,1,caption_ocr,1,1,phobert-base,1,2026,threads,test,0
correct_prediction,,False,889,0,caption_ocr,0,0,phobert-base,0,2026,threads,test,0
correct_prediction,,False,5371,0,caption_ocr,0,0,phobert-base,0,2026,threads,test,0
correct_prediction,,True,715,0,caption_ocr,0,0,phobert-base,0,2026,threads,test,0
false_positive,,True,2463,0,caption_ocr,0,0,phobert-base,1,2026,facebook,test,0
correct_prediction,,True,4461,0,caption_ocr,1,1,phobert-base,1,2026,threads,test,0
correct_prediction,,True,4232,0,caption_ocr,0,0,phobert-base,0,2026,threads,test,0
error_001,,True,3372,0,caption_ocr,1,1,phobert-base,0,2026,threads,test,0
correct_prediction,,False,4881,0,caption_ocr,0,0,phobert-base,0,2026,threads,test,0
correct_prediction,,True,1480,0,caption_ocr,0,0,phobert-base,0,2026,threads,test,1
error_001,,True,116,0,caption_ocr,1,1,phobert-base,0,2026,threads,test,0
false_positive,,True,6181,0,caption_ocr,0,0,phobert-base,1,2026,facebook,test,0
correct_prediction,,False,721,0,caption_ocr,0,0,phobert-base,0,2026,threads,test,0
correct_prediction,,False,5590,0,caption_ocr,0,0,phobert-base,0,2026,threads,test,0
false_positive,,False,4504,0,caption_ocr,0,0,phobert-base,1,2026,threads,test,0
correct_prediction,,False,1121,0,caption_ocr,0,0,phobert-base,0,2026,threads,test,0
correct_prediction,,False,5224,0,caption_ocr,0,0,phobert-base,0,2026,threads,test,0
correct_prediction,,True,1623,0,caption_ocr,0,0,phobert-base,0,2026,threads,test,0
correct_prediction,,False,4503,0,caption_ocr,0,0,phobert-base,0,2026,threads,test,0
correct_prediction,,True,188,0,caption_ocr,0,0,phobert-base,0,2026,threads,test,1
error_001,,True,276,0,caption_ocr,1,1,phobert-base,0,2026,threads,test,0
correct_prediction,,False,4625,0,caption_ocr,0,0,phobert-base,0,2026,threads,test,0
correct_prediction,,True,4164,0,caption_ocr,0,0,phobert-base,0,2026,threads,test,0
error_001,,True,6329,0,caption_ocr,1,1,phobert-base,0,2026,facebook,test,0
correct_prediction,,True,4964,0,caption_ocr,0,0,phobert-base,0,2026,threads,test,0
correct_prediction,,True,4669,0,caption_ocr,0,0,phobert-base,0,2026,threads,test,0
false_positive,,True,4201,0,caption_ocr,0,0,phobert-base,1,2026,threads,test,0
correct_prediction,,False,2830,1,caption_ocr,1,1,phobert-base,1,2026,facebook,test,1
correct_prediction,,True,1714,0,caption_ocr,1,1,phobert-base,1,2026,threads,test,0
error_001,,True,209,0,caption_ocr,1,1,phobert-base,0,2026,threads,test,0
error_001,,True,4048,0,caption_ocr,1,1,phobert-base,0,2026,threads,test,0
correct_prediction,,True,6968,1,caption_ocr,1,1,phobert-base,1,2026,facebook,test,0
correct_prediction,,True,2151,1,caption_ocr,1,1,phobert-base,1,2026,facebook,test,0
correct_prediction,,True,5565,0,caption_ocr,0,0,phobert-base,0,2026,threads,test,0
correct_prediction,,False,6476,0,caption_ocr,1,1,phobert-base,1,2026,facebook,test,0
correct_prediction,,True,5666,0,caption_ocr,0,0,phobert-base,0,2026,threads,test,0
correct_prediction,,False,3827,0,caption_ocr,0,0,phobert-base,0,2026,threads,test,0
error_001,,False,1207,0,caption_ocr,1,1,phobert-base,0,2026,threads,test,0
false_positive,,True,6735,0,caption_ocr,0,0,phobert-base,1,2026,facebook,test,0
correct_prediction,,False,2077,0,caption_ocr,1,1,phobert-base,1,2026,facebook,test,1
correct_prediction,,True,932,0,caption_ocr,0,0,phobert-base,0,2026,threads,test,0
correct_prediction,,True,235,0,caption_ocr,0,0,phobert-base,0,2026,threads,test,0
correct_prediction,,False,593,0,caption_ocr,0,0,phobert-base,0,2026,threads,test,0
false_positive,,True,2166,0,caption_ocr,0,0,phobert-base,1,2026,facebook,test,0
correct_prediction,,True,6353,0,caption_ocr,0,0,phobert-base,0,2026,facebook,test,0
correct_prediction,,True,137,0,caption_ocr,0,0,phobert-base,0,2026,threads,test,0
correct_prediction,,False,4545,0,caption_ocr,0,0,phobert-base,0,2026,threads,test,0
correct_prediction,,False,4901,0,caption_ocr,0,0,phobert-base,0,2026,threads,test,0
correct_prediction,,True,333,0,caption_ocr,0,0,phobert-base,0,2026,threads,test,0
correct_prediction,,False,4040,0,caption_ocr,0,0,phobert-base,0,2026,threads,test,0
correct_prediction,,True,289,0,caption_ocr,0,0,phobert-base,0,2026,threads,test,0
correct_prediction,,True,361,0,caption_ocr,0,0,phobert-base,0,2026,threads,test,0
false_positive,,True,2216,0,caption_ocr,0,0,phobert-base,1,2026,facebook,test,0
correct_prediction,,True,2356,1,caption_ocr,1,1,phobert-base,1,2026,facebook,test,0
correct_prediction,,True,1686,0,caption_ocr,0,0,phobert-base,0,2026,threads,test,0
correct_prediction,,False,6644,0,caption_ocr,1,1,phobert-base,1,2026,facebook,test,0
false_positive,,True,2715,0,caption_ocr,0,0,phobert-base,1,2026,facebook,test,0
correct_prediction,,True,3510,0,caption_ocr,0,0,phobert-base,0,2026,threads,test,0
error_001,,True,5575,0,caption_ocr,1,1,phobert-base,0,2026,threads,test,0
correct_prediction,,True,548,0,caption_ocr,0,0,phobert-base,0,2026,threads,test,0
correct_prediction,,True,427,0,caption_ocr,0,0,phobert-base,0,2026,threads,test,0
false_positive,,True,5880,0,caption_ocr,0,0,phobert-base,1,2026,facebook,test,0
correct_prediction,,False,4651,0,caption_ocr,0,0,phobert-base,0,2026,threads,test,0
correct_prediction,,True,3635,0,caption_ocr,0,0,phobert-base,0,2026,threads,test,0
correct_prediction,,True,1325,1,caption_ocr,1,1,phobert-base,1,2026,threads,test,0
correct_prediction,,False,4510,0,caption_ocr,0,0,phobert-base,0,2026,threads,test,0
false_positive,,True,5245,0,caption_ocr,0,0,phobert-base,1,2026,threads,test,0
correct_prediction,,True,5533,0,caption_ocr,1,1,phobert-base,1,2026,threads,test,1
error_001,,False,2629,0,caption_ocr,1,1,phobert-base,0,2026,facebook,test,0
correct_prediction,,True,5061,0,caption_ocr,0,0,phobert-base,0,2026,threads,test,0
correct_prediction,,True,2280,1,caption_ocr,1,1,phobert-base,1,2026,facebook,test,0
correct_prediction,,False,6615,1,caption_ocr,1,1,phobert-base,1,2026,facebook,test,1
false_positive,,True,3850,0,caption_ocr,0,0,phobert-base,1,2026,threads,test,0
correct_prediction,,False,3533,0,caption_ocr,0,0,phobert-base,0,2026,threads,test,0
correct_prediction,,True,7009,0,caption_ocr,0,0,phobert-base,0,2026,facebook,test,0
correct_prediction,,True,5548,0,caption_ocr,0,0,phobert-base,0,2026,threads,test,0
false_positive,,True,2215,0,caption_ocr,0,0,phobert-base,1,2026,facebook,test,0
false_positive,,True,2229,0,caption_ocr,0,0,phobert-base,1,2026,facebook,test,0
correct_prediction,,False,5999,0,caption_ocr,1,1,phobert-base,1,2026,facebook,test,1
correct_prediction,,True,2947,0,caption_ocr,1,1,phobert-base,1,2026,facebook,test,0
correct_prediction,,True,4088,0,caption_ocr,0,0,phobert-base,0,2026,threads,test,0
correct_prediction,,False,1574,0,caption_ocr,0,0,phobert-base,0,2026,threads,test,0
correct_prediction,,False,2713,0,caption_ocr,1,1,phobert-base,1,2026,facebook,test,0
correct_prediction,,True,3881,0,caption_ocr,0,0,phobert-base,0,2026,threads,test,0
correct_prediction,,True,1734,0,caption_ocr,0,0,phobert-base,0,2026,threads,test,0
correct_prediction,,True,6961,0,caption_ocr,0,0,phobert-base,0,2026,facebook,test,0
correct_prediction,,True,4575,0,caption_ocr,0,0,phobert-base,0,2026,threads,test,0
correct_prediction,,True,1417,0,caption_ocr,0,0,phobert-base,0,2026,threads,test,0
false_positive,,True,3267,0,caption_ocr,0,0,phobert-base,1,2026,threads,test,0
correct_prediction,,False,1298,0,caption_ocr,0,0,phobert-base,0,2026,threads,test,0
correct_prediction,,True,7214,0,caption_ocr,1,1,phobert-base,1,2026,facebook,test,0
correct_prediction,,False,5140,0,caption_ocr,0,0,phobert-base,0,2026,threads,test,0
false_positive,,True,7215,0,caption_ocr,0,0,phobert-base,1,2026,facebook,test,0
correct_prediction,,True,619,0,caption_ocr,1,1,phobert-base,1,2026,threads,test,0
correct_prediction,,True,2544,1,caption_ocr,1,1,phobert-base,1,2026,facebook,test,0
correct_prediction,,True,2894,0,caption_ocr,1,1,phobert-base,1,2026,facebook,test,0
correct_prediction,,True,668,0,caption_ocr,0,0,phobert-base,0,2026,threads,test,0
correct_prediction,,True,308,0,caption_ocr,1,1,phobert-base,1,2026,threads,test,0
correct_prediction,,True,2727,1,caption_ocr,1,1,phobert-base,1,2026,facebook,test,0
correct_prediction,,False,1107,0,caption_ocr,0,0,phobert-base,0,2026,threads,test,1
correct_prediction,,False,834,0,caption_ocr,0,0,phobert-base,0,2026,threads,test,0
correct_prediction,,True,30,0,caption_ocr,0,0,phobert-base,0,2026,threads,test,0
false_positive,,True,2564,0,caption_ocr,0,0,phobert-base,1,2026,facebook,test,0
correct_prediction,,False,3673,0,caption_ocr,0,0,phobert-base,0,2026,threads,test,0
false_positive,,True,2048,0,caption_ocr,0,0,phobert-base,1,2026,facebook,test,0
correct_prediction,,True,2303,0,caption_ocr,0,0,phobert-base,0,2026,facebook,test,0
correct_prediction,,True,4498,0,caption_ocr,0,0,phobert-base,0,2026,threads,test,0
correct_prediction,,False,5995,0,caption_ocr,1,1,phobert-base,1,2026,facebook,test,0
correct_prediction,,True,1464,0,caption_ocr,0,0,phobert-base,0,2026,threads,test,0
correct_prediction,,False,2831,0,caption_ocr,1,1,phobert-base,1,2026,facebook,test,1
correct_prediction,,True,147,0,caption_ocr,0,0,phobert-base,0,2026,threads,test,0
correct_prediction,,True,6310,1,caption_ocr,1,1,phobert-base,1,2026,facebook,test,0
correct_prediction,,True,7328,0,caption_ocr,1,1,phobert-base,1,2026,facebook,test,0
false_positive,,False,2818,0,caption_ocr,0,0,phobert-base,1,2026,facebook,test,0
correct_prediction,,True,5703,0,caption_ocr,0,0,phobert-base,0,2026,facebook,test,0
correct_prediction,,False,817,0,caption_ocr,0,0,phobert-base,0,2026,threads,test,0
correct_prediction,,False,3622,0,caption_ocr,0,0,phobert-base,0,2026,threads,test,0
correct_prediction,,False,5024,0,caption_ocr,0,0,phobert-base,0,2026,threads,test,0
correct_prediction,,False,2203,0,caption_ocr,1,1,phobert-base,1,2026,facebook,test,0
correct_prediction,,False,6536,0,caption_ocr,1,1,phobert-base,1,2026,facebook,test,0
correct_prediction,,False,204,0,caption_ocr,0,0,phobert-base,0,2026,threads,test,1
error_001,,True,491,0,caption_ocr,1,1,phobert-base,0,2026,threads,test,0
correct_prediction,,False,1960,0,caption_ocr,0,0,phobert-base,0,2026,facebook,test,0
correct_prediction,,False,718,0,caption_ocr,0,0,phobert-base,0,2026,threads,test,0
false_positive,,True,6394,0,caption_ocr,0,0,phobert-base,1,2026,facebook,test,0
error_001,,False,53,0,caption_ocr,1,1,phobert-base,0,2026,threads,test,0
false_positive,,False,2787,0,caption_ocr,0,0,phobert-base,1,2026,facebook,test,0
correct_prediction,,True,5089,0,caption_ocr,0,0,phobert-base,0,2026,threads,test,0
false_positive,,True,1789,0,caption_ocr,0,0,phobert-base,1,2026,threads,test,1
correct_prediction,,False,6978,0,caption_ocr,1,1,phobert-base,1,2026,facebook,test,0
correct_prediction,,True,6577,0,caption_ocr,1,1,phobert-base,1,2026,facebook,test,0
correct_prediction,,True,3769,0,caption_ocr,0,0,phobert-base,0,2026,threads,test,0
correct_prediction,,False,335,0,caption_ocr,0,0,phobert-base,0,2026,threads,test,0
correct_prediction,,True,5219,0,caption_ocr,0,0,phobert-base,0,2026,threads,test,0
false_positive,,True,7086,0,caption_ocr,0,0,phobert-base,1,2026,facebook,test,0
error_001,,True,3896,0,caption_ocr,1,1,phobert-base,0,2026,threads,test,0
correct_prediction,,False,1930,0,caption_ocr,1,1,phobert-base,1,2026,facebook,test,1
correct_prediction,,True,2590,0,caption_ocr,0,0,phobert-base,0,2026,facebook,test,0
false_positive,,True,7049,0,caption_ocr,0,0,phobert-base,1,2026,facebook,test,0
correct_prediction,,False,2805,0,caption_ocr,1,1,phobert-base,1,2026,facebook,test,0
correct_prediction,,True,3496,0,caption_ocr,0,0,phobert-base,0,2026,threads,test,0
correct_prediction,,True,2367,1,caption_ocr,1,1,phobert-base,1,2026,facebook,test,0
correct_prediction,,True,3746,0,caption_ocr,1,1,phobert-base,1,2026,threads,test,0
false_positive,,True,6337,0,caption_ocr,0,0,phobert-base,1,2026,facebook,test,0
error_001,,True,4887,0,caption_ocr,1,1,phobert-base,0,2026,threads,test,0
correct_prediction,,True,2585,1,caption_ocr,1,1,phobert-base,1,2026,facebook,test,0
correct_prediction,,True,2134,0,caption_ocr,0,0,phobert-base,0,2026,facebook,test,0
correct_prediction,,False,3685,0,caption_ocr,0,0,phobert-base,0,2026,threads,test,0
correct_prediction,,False,5736,0,caption_ocr,1,1,phobert-base,1,2026,facebook,test,0
correct_prediction,,True,3225,0,caption_ocr,0,0,phobert-base,0,2026,threads,test,0
correct_prediction,,False,675,0,caption_ocr,1,1,phobert-base,1,2026,threads,test,1
correct_prediction,,True,5074,0,caption_ocr,0,0,phobert-base,0,2026,threads,test,0
correct_prediction,,True,3866,0,caption_ocr,0,0,phobert-base,0,2026,threads,test,0
correct_prediction,,True,2695,0,caption_ocr,1,1,phobert-base,1,2026,facebook,test,1
false_positive,,True,3968,0,caption_ocr,0,0,phobert-base,1,2026,threads,test,0
correct_prediction,,True,6957,1,caption_ocr,1,1,phobert-base,1,2026,facebook,test,0
correct_prediction,,False,4720,0,caption_ocr,0,0,phobert-base,0,2026,threads,test,0
correct_prediction,,False,3713,0,caption_ocr,0,0,phobert-base,0,2026,threads,test,0
correct_prediction,,False,1809,0,caption_ocr,0,0,phobert-base,0,2026,threads,test,0
correct_prediction,,False,6942,0,caption_ocr,1,1,phobert-base,1,2026,facebook,test,1
correct_prediction,,True,3678,0,caption_ocr,0,0,phobert-base,0,2026,threads,test,0
correct_prediction,,True,7289,1,caption_ocr,1,1,phobert-base,1,2026,facebook,test,0
correct_prediction,,False,1974,0,caption_ocr,0,0,phobert-base,0,2026,facebook,test,0
correct_prediction,,False,4805,0,caption_ocr,0,0,phobert-base,0,2026,threads,test,0
correct_prediction,,True,3940,0,caption_ocr,1,1,phobert-base,1,2026,threads,test,1
correct_prediction,,True,4026,0,caption_ocr,0,0,phobert-base,0,2026,threads,test,1
false_positive,,True,557,0,caption_ocr,0,0,phobert-base,1,2026,threads,test,0
error_001,,True,2187,0,caption_ocr,1,1,phobert-base,0,2026,facebook,test,0
error_001,,True,1647,0,caption_ocr,1,1,phobert-base,0,2026,threads,test,0
correct_prediction,,True,3485,0,caption_ocr,1,1,phobert-base,1,2026,threads,test,1
correct_prediction,,True,6436,0,caption_ocr,1,1,phobert-base,1,2026,facebook,test,0
false_positive,,True,4220,0,caption_ocr,0,0,phobert-base,1,2026,threads,test,0
correct_prediction,,False,138,0,caption_ocr,0,0,phobert-base,0,2026,threads,test,0
correct_prediction,,True,2639,0,caption_ocr,1,1,phobert-base,1,2026,facebook,test,0
correct_prediction,,False,4705,0,caption_ocr,0,0,phobert-base,0,2026,threads,test,0
correct_prediction,,True,3475,0,caption_ocr,0,0,phobert-base,0,2026,threads,test,0
correct_prediction,,True,1056,0,caption_ocr,0,0,phobert-base,0,2026,threads,test,0
error_001,,True,1453,0,caption_ocr,1,1,phobert-base,0,2026,threads,test,0
error_001,,True,5220,0,caption_ocr,1,1,phobert-base,0,2026,threads,test,0
correct_prediction,,False,6847,0,caption_ocr,1,1,phobert-base,1,2026,facebook,test,0
correct_prediction,,False,3219,0,caption_ocr,0,0,phobert-base,0,2026,threads,test,0
correct_prediction,,True,1040,0,caption_ocr,0,0,phobert-base,0,2026,threads,test,0
correct_prediction,,True,1703,1,caption_ocr,1,1,phobert-base,1,2026,threads,test,1
correct_prediction,,True,1271,0,caption_ocr,0,0,phobert-base,0,2026,threads,test,0
correct_prediction,,True,2870,0,caption_ocr,1,1,phobert-base,1,2026,facebook,test,1
false_positive,,True,4764,0,caption_ocr,0,0,phobert-base,1,2026,threads,test,0
correct_prediction,,False,4635,0,caption_ocr,0,0,phobert-base,0,2026,threads,test,0
correct_prediction,,True,4713,0,caption_ocr,0,0,phobert-base,0,2026,threads,test,0
correct_prediction,,True,4718,0,caption_ocr,0,0,phobert-base,0,2026,threads,test,0
correct_prediction,,True,5865,1,caption_ocr,1,1,phobert-base,1,2026,facebook,test,0
correct_prediction,,False,5047,0,caption_ocr,0,0,phobert-base,0,2026,threads,test,0
error_001,,True,2358,0,caption_ocr,1,1,phobert-base,0,2026,facebook,test,0
correct_prediction,,True,2093,0,caption_ocr,0,0,phobert-base,0,2026,facebook,test,0
correct_prediction,,False,5077,0,caption_ocr,0,0,phobert-base,0,2026,threads,test,0
error_001,,False,3731,0,caption_ocr,1,1,phobert-base,0,2026,threads,test,0
correct_prediction,,True,1660,0,caption_ocr,1,1,phobert-base,1,2026,threads,test,1
correct_prediction,,False,3788,0,caption_ocr,0,0,phobert-base,0,2026,threads,test,0
correct_prediction,,True,4435,0,caption_ocr,0,0,phobert-base,0,2026,threads,test,0
correct_prediction,,True,3079,0,caption_ocr,0,0,phobert-base,0,2026,facebook,test,0
correct_prediction,,True,5515,0,caption_ocr,0,0,phobert-base,0,2026,threads,test,0
correct_prediction,,True,5562,0,caption_ocr,0,0,phobert-base,0,2026,threads,test,0
correct_prediction,,True,7331,0,caption_ocr,0,0,phobert-base,0,2026,facebook,test,0
correct_prediction,,False,6680,0,caption_ocr,1,1,phobert-base,1,2026,facebook,test,0
correct_prediction,,False,7141,0,caption_ocr,1,1,phobert-base,1,2026,facebook,test,0
false_positive,,True,7295,0,caption_ocr,0,0,phobert-base,1,2026,facebook,test,0
false_positive,,True,7100,0,caption_ocr,0,0,phobert-base,1,2026,facebook,test,0
correct_prediction,,True,902,0,caption_ocr,1,1,phobert-base,1,2026,threads,test,1
correct_prediction,,True,4456,0,caption_ocr,0,0,phobert-base,0,2026,threads,test,0
correct_prediction,,False,1369,0,caption_ocr,0,0,phobert-base,0,2026,threads,test,0
false_positive,,True,3015,0,caption_ocr,0,0,phobert-base,1,2026,facebook,test,1
false_positive,,True,5378,0,caption_ocr,0,0,phobert-base,1,2026,threads,test,0
correct_prediction,,True,2763,0,caption_ocr,0,0,phobert-base,0,2026,facebook,test,0
correct_prediction,,False,6360,0,caption_ocr,0,0,phobert-base,0,2026,facebook,test,0
false_positive,,True,3117,0,caption_ocr,0,0,phobert-base,1,2026,threads,test,0
correct_prediction,,True,6106,0,caption_ocr,1,1,phobert-base,1,2026,facebook,test,0
correct_prediction,,True,2521,0,caption_ocr,1,1,phobert-base,1,2026,facebook,test,0
correct_prediction,,True,990,0,caption_ocr,0,0,phobert-base,0,2026,threads,test,0
correct_prediction,,False,1503,0,caption_ocr,0,0,phobert-base,0,2026,threads,test,0
correct_prediction,,True,1490,0,caption_ocr,0,0,phobert-base,0,2026,threads,test,0
correct_prediction,,False,3623,0,caption_ocr,0,0,phobert-base,0,2026,threads,test,0
correct_prediction,,True,987,1,caption_ocr,1,1,phobert-base,1,2026,threads,test,1
correct_prediction,,True,4401,0,caption_ocr,0,0,phobert-base,0,2026,threads,test,0
correct_prediction,,False,6855,0,caption_ocr,1,1,phobert-base,1,2026,facebook,test,0
correct_prediction,,True,6049,0,caption_ocr,0,0,phobert-base,0,2026,facebook,test,0
correct_prediction,,False,812,0,caption_ocr,0,0,phobert-base,0,2026,threads,test,0
correct_prediction,,False,4267,0,caption_ocr,0,0,phobert-base,0,2026,threads,test,0
correct_prediction,,True,4197,0,caption_ocr,0,0,phobert-base,0,2026,threads,test,1
false_positive,,True,2296,0,caption_ocr,0,0,phobert-base,1,2026,facebook,test,0
correct_prediction,,True,6594,0,caption_ocr,1,1,phobert-base,1,2026,facebook,test,0
correct_prediction,,True,5139,0,caption_ocr,0,0,phobert-base,0,2026,threads,test,0
correct_prediction,,True,3289,0,caption_ocr,0,0,phobert-base,0,2026,threads,test,0
error_001,,True,1624,0,caption_ocr,1,1,phobert-base,0,2026,threads,test,0
correct_prediction,,False,3952,0,caption_ocr,0,0,phobert-base,0,2026,threads,test,1
correct_prediction,,True,6060,0,caption_ocr,0,0,phobert-base,0,2026,facebook,test,0
error_001,,False,3824,0,caption_ocr,1,1,phobert-base,0,2026,threads,test,0
correct_prediction,,True,5482,0,caption_ocr,0,0,phobert-base,0,2026,threads,test,0
correct_prediction,,False,5568,0,caption_ocr,0,0,phobert-base,0,2026,threads,test,0
false_positive,,True,3913,0,caption_ocr,0,0,phobert-base,1,2026,threads,test,0
correct_prediction,,True,7004,0,caption_ocr,1,1,phobert-base,1,2026,facebook,test,0
correct_prediction,,False,6664,0,caption_ocr,1,1,phobert-base,1,2026,facebook,test,1
correct_prediction,,False,4871,0,caption_ocr,0,0,phobert-base,0,2026,threads,test,0
correct_prediction,,True,3960,0,caption_ocr,0,0,phobert-base,0,2026,threads,test,0
correct_prediction,,False,4500,0,caption_ocr,1,1,phobert-base,1,2026,threads,test,0
correct_prediction,,True,1688,0,caption_ocr,0,0,phobert-base,0,2026,threads,test,0
correct_prediction,,False,7092,0,caption_ocr,1,1,phobert-base,1,2026,facebook,test,0
correct_prediction,,True,3491,0,caption_ocr,0,0,phobert-base,0,2026,threads,test,0
correct_prediction,,False,5564,0,caption_ocr,0,0,phobert-base,0,2026,threads,test,0
false_positive,,True,7220,1,caption_ocr,0,0,phobert-base,1,2026,facebook,test,0
false_positive,,True,6151,0,caption_ocr,0,0,phobert-base,1,2026,facebook,test,0
correct_prediction,,True,2470,1,caption_ocr,1,1,phobert-base,1,2026,facebook,test,0
false_positive,,True,1964,0,caption_ocr,0,0,phobert-base,1,2026,facebook,test,0
correct_prediction,,True,2382,1,caption_ocr,1,1,phobert-base,1,2026,facebook,test,0
correct_prediction,,True,4272,0,caption_ocr,0,0,phobert-base,0,2026,threads,test,0
correct_prediction,,False,1867,0,caption_ocr,1,1,phobert-base,1,2026,facebook,test,0
correct_prediction,,True,5421,0,caption_ocr,0,0,phobert-base,0,2026,threads,test,0
correct_prediction,,True,4755,0,caption_ocr,0,0,phobert-base,0,2026,threads,test,0
false_positive,,False,826,0,caption_ocr,0,0,phobert-base,1,2026,threads,test,1
false_positive,,True,3167,0,caption_ocr,0,0,phobert-base,1,2026,threads,test,0
error_001,,False,1463,0,caption_ocr,1,1,phobert-base,0,2026,threads,test,0
correct_prediction,,False,6823,0,caption_ocr,1,1,phobert-base,1,2026,facebook,test,0
correct_prediction,,True,4355,0,caption_ocr,1,1,phobert-base,1,2026,threads,test,0
correct_prediction,,True,1906,0,caption_ocr,1,1,phobert-base,1,2026,facebook,test,0
correct_prediction,,True,4344,0,caption_ocr,0,0,phobert-base,0,2026,threads,test,0
error_001,,True,5788,0,caption_ocr,1,1,phobert-base,0,2026,facebook,test,0
correct_prediction,,True,3159,0,caption_ocr,0,0,phobert-base,0,2026,threads,test,0
correct_prediction,,True,4902,0,caption_ocr,0,0,phobert-base,0,2026,threads,test,0
correct_prediction,,True,144,0,caption_ocr,1,1,phobert-base,1,2026,threads,test,1
false_positive,,True,6761,0,caption_ocr,0,0,phobert-base,1,2026,facebook,test,1
false_positive,,True,805,0,caption_ocr,0,0,phobert-base,1,2026,threads,test,0
correct_prediction,,True,7186,0,caption_ocr,1,1,phobert-base,1,2026,facebook,test,0
correct_prediction,,True,3182,0,caption_ocr,0,0,phobert-base,0,2026,threads,test,0
correct_prediction,,True,1303,1,caption_ocr,1,1,phobert-base,1,2026,threads,test,0
correct_prediction,,False,4092,0,caption_ocr,0,0,phobert-base,0,2026,threads,test,0
correct_prediction,,False,5450,0,caption_ocr,0,0,phobert-base,0,2026,threads,test,0
correct_prediction,,False,3378,0,caption_ocr,0,0,phobert-base,0,2026,threads,test,0
correct_prediction,,False,6551,0,caption_ocr,1,1,phobert-base,1,2026,facebook,test,0
correct_prediction,,True,3487,0,caption_ocr,1,1,phobert-base,1,2026,threads,test,0
correct_prediction,,True,2049,0,caption_ocr,1,1,phobert-base,1,2026,facebook,test,0
correct_prediction,,True,3667,0,caption_ocr,0,0,phobert-base,0,2026,threads,test,0
false_positive,,True,3969,0,caption_ocr,0,0,phobert-base,1,2026,threads,test,0
false_positive,,True,478,0,caption_ocr,0,0,phobert-base,1,2026,threads,test,1
false_positive,,True,5816,0,caption_ocr,0,0,phobert-base,1,2026,facebook,test,0
correct_prediction,,True,1043,0,caption_ocr,0,0,phobert-base,0,2026,threads,test,0
correct_prediction,,True,6451,1,caption_ocr,1,1,phobert-base,1,2026,facebook,test,0
correct_prediction,,True,2990,0,caption_ocr,0,0,phobert-base,0,2026,facebook,test,0
correct_prediction,,False,5193,0,caption_ocr,0,0,phobert-base,0,2026,threads,test,0
correct_prediction,,True,6509,1,caption_ocr,1,1,phobert-base,1,2026,facebook,test,0
correct_prediction,,True,7159,0,caption_ocr,0,0,phobert-base,0,2026,facebook,test,0
correct_prediction,,True,6556,0,caption_ocr,0,0,phobert-base,0,2026,facebook,test,0
correct_prediction,,False,4752,0,caption_ocr,0,0,phobert-base,0,2026,threads,test,0
correct_prediction,,True,7277,1,caption_ocr,1,1,phobert-base,1,2026,facebook,test,0
correct_prediction,,False,6546,0,caption_ocr,1,1,phobert-base,1,2026,facebook,test,1
correct_prediction,,False,6960,0,caption_ocr,1,1,phobert-base,1,2026,facebook,test,0
correct_prediction,,True,3837,0,caption_ocr,1,1,phobert-base,1,2026,threads,test,1
correct_prediction,,False,4514,0,caption_ocr,0,0,phobert-base,0,2026,threads,test,0
correct_prediction,,False,2739,0,caption_ocr,1,1,phobert-base,1,2026,facebook,test,1
correct_prediction,,False,5281,0,caption_ocr,0,0,phobert-base,0,2026,threads,test,0
correct_prediction,,False,555,0,caption_ocr,0,0,phobert-base,0,2026,threads,test,0
correct_prediction,,True,7074,1,caption_ocr,1,1,phobert-base,1,2026,facebook,test,0
correct_prediction,,False,4038,0,caption_ocr,0,0,phobert-base,0,2026,threads,test,0
error_001,,False,5054,0,caption_ocr,1,1,phobert-base,0,2026,threads,test,0
correct_prediction,,True,6051,0,caption_ocr,0,0,phobert-base,0,2026,facebook,test,0
correct_prediction,,True,6443,0,caption_ocr,0,0,phobert-base,0,2026,facebook,test,0
correct_prediction,,True,6603,1,caption_ocr,1,1,phobert-base,1,2026,facebook,test,0
correct_prediction,,False,5760,0,caption_ocr,1,1,phobert-base,1,2026,facebook,test,0
correct_prediction,,True,2538,1,caption_ocr,1,1,phobert-base,1,2026,facebook,test,0
correct_prediction,,True,3665,0,caption_ocr,0,0,phobert-base,0,2026,threads,test,0
correct_prediction,,True,2529,1,caption_ocr,1,1,phobert-base,1,2026,facebook,test,0
correct_prediction,,False,4427,0,caption_ocr,0,0,phobert-base,0,2026,threads,test,0
correct_prediction,,False,1432,0,caption_ocr,1,1,phobert-base,1,2026,threads,test,0
correct_prediction,,False,127,0,caption_ocr,0,0,phobert-base,0,2026,threads,test,0
correct_prediction,,True,2469,1,caption_ocr,1,1,phobert-base,1,2026,facebook,test,0
correct_prediction,,True,4199,0,caption_ocr,0,0,phobert-base,0,2026,threads,test,0
correct_prediction,,True,6899,1,caption_ocr,1,1,phobert-base,1,2026,facebook,test,0
correct_prediction,,True,523,0,caption_ocr,0,0,phobert-base,0,2026,threads,test,0
correct_prediction,,True,4642,0,caption_ocr,0,0,phobert-base,0,2026,threads,test,0
correct_prediction,,True,3187,0,caption_ocr,0,0,phobert-base,0,2026,threads,test,0
correct_prediction,,True,1354,0,caption_ocr,0,0,phobert-base,0,2026,threads,test,0
correct_prediction,,True,383,1,caption_ocr,0,0,phobert-base,0,2026,threads,test,0
correct_prediction,,True,313,0,caption_ocr,0,0,phobert-base,0,2026,threads,test,0
correct_prediction,,False,6790,0,caption_ocr,1,1,phobert-base,1,2026,facebook,test,0
false_positive,,True,5964,0,caption_ocr,0,0,phobert-base,1,2026,facebook,test,0
error_001,,True,2999,0,caption_ocr,1,1,phobert-base,0,2026,facebook,test,0
error_001,,False,4614,0,caption_ocr,1,1,phobert-base,0,2026,threads,test,0
correct_prediction,,False,4360,0,caption_ocr,0,0,phobert-base,0,2026,threads,test,0
correct_prediction,,False,3994,0,caption_ocr,0,0,phobert-base,0,2026,threads,test,0
correct_prediction,,True,7254,0,caption_ocr,1,1,phobert-base,1,2026,facebook,test,0
error_001,,False,3513,0,caption_ocr,1,1,phobert-base,0,2026,threads,test,0
error_001,,False,1479,0,caption_ocr,1,1,phobert-base,0,2026,threads,test,0
correct_prediction,,False,4739,0,caption_ocr,0,0,phobert-base,0,2026,threads,test,0
correct_prediction,,True,5826,1,caption_ocr,1,1,phobert-base,1,2026,facebook,test,0
correct_prediction,,True,1802,0,caption_ocr,1,1,phobert-base,1,2026,threads,test,0
correct_prediction,,False,796,0,caption_ocr,0,0,phobert-base,0,2026,threads,test,0
false_positive,,False,6155,0,caption_ocr,0,0,phobert-base,1,2026,facebook,test,0
correct_prediction,,True,1808,0,caption_ocr,0,0,phobert-base,0,2026,threads,test,0
false_positive,,True,7291,0,caption_ocr,0,0,phobert-base,1,2026,facebook,test,0
false_positive,,True,6086,0,caption_ocr,0,0,phobert-base,1,2026,facebook,test,0
error_001,,False,521,0,caption_ocr,1,1,phobert-base,0,2026,threads,test,0
correct_prediction,,True,4451,0,caption_ocr,0,0,phobert-base,0,2026,threads,test,0
correct_prediction,,True,6044,1,caption_ocr,1,1,phobert-base,1,2026,facebook,test,0
correct_prediction,,True,644,0,caption_ocr,0,0,phobert-base,0,2026,threads,test,0
false_positive,,True,4463,0,caption_ocr,0,0,phobert-base,1,2026,threads,test,0
correct_prediction,,True,3956,0,caption_ocr,0,0,phobert-base,0,2026,threads,test,0
correct_prediction,,True,1778,0,caption_ocr,0,0,phobert-base,0,2026,threads,test,0
false_positive,,True,6217,0,caption_ocr,0,0,phobert-base,1,2026,facebook,test,0
correct_prediction,,True,2426,1,caption_ocr,1,1,phobert-base,1,2026,facebook,test,0
correct_prediction,,True,3497,0,caption_ocr,0,0,phobert-base,0,2026,threads,test,1
correct_prediction,,True,2376,1,caption_ocr,1,1,phobert-base,1,2026,facebook,test,0
correct_prediction,,False,2057,0,caption_ocr,1,1,phobert-base,1,2026,facebook,test,0
correct_prediction,,False,2567,0,caption_ocr,1,1,phobert-base,1,2026,facebook,test,0
correct_prediction,,True,6517,0,caption_ocr,1,1,phobert-base,1,2026,facebook,test,0
correct_prediction,,False,4432,0,caption_ocr,1,1,phobert-base,1,2026,threads,test,1
correct_prediction,,True,2622,0,caption_ocr,1,1,phobert-base,1,2026,facebook,test,0
false_positive,,False,5824,0,caption_ocr,0,0,phobert-base,1,2026,facebook,test,0
error_001,,False,7239,0,caption_ocr,1,1,phobert-base,0,2026,facebook,test,0
correct_prediction,,True,4034,0,caption_ocr,0,0,phobert-base,0,2026,threads,test,0
correct_prediction,,False,892,0,caption_ocr,1,1,phobert-base,1,2026,threads,test,0
error_001,,True,502,0,caption_ocr,1,1,phobert-base,0,2026,threads,test,0
correct_prediction,,True,297,0,caption_ocr,1,1,phobert-base,1,2026,threads,test,0
error_001,,True,258,0,caption_ocr,1,1,phobert-base,0,2026,threads,test,0
correct_prediction,,False,4889,0,caption_ocr,0,0,phobert-base,0,2026,threads,test,0
correct_prediction,,True,3930,0,caption_ocr,0,0,phobert-base,0,2026,threads,test,0
correct_prediction,,True,5728,0,caption_ocr,1,1,phobert-base,1,2026,facebook,test,0
correct_prediction,,True,4595,0,caption_ocr,1,1,phobert-base,1,2026,threads,test,1
error_001,,True,4675,0,caption_ocr,1,1,phobert-base,0,2026,threads,test,0
false_positive,,True,6359,0,caption_ocr,0,0,phobert-base,1,2026,facebook,test,0
correct_prediction,,True,4492,0,caption_ocr,0,0,phobert-base,0,2026,threads,test,0
correct_prediction,,False,5272,0,caption_ocr,0,0,phobert-base,0,2026,threads,test,0
correct_prediction,,False,6574,0,caption_ocr,1,1,phobert-base,1,2026,facebook,test,0
correct_prediction,,False,6427,0,caption_ocr,1,1,phobert-base,1,2026,facebook,test,0
correct_prediction,,True,884,1,caption_ocr,1,1,phobert-base,1,2026,threads,test,1
correct_prediction,,True,2327,0,caption_ocr,0,0,phobert-base,0,2026,facebook,test,0
correct_prediction,,False,5249,0,caption_ocr,0,0,phobert-base,0,2026,threads,test,0
correct_prediction,,False,5361,0,caption_ocr,0,0,phobert-base,0,2026,threads,test,0
correct_prediction,,True,2952,0,caption_ocr,1,1,phobert-base,1,2026,facebook,test,1
correct_prediction,,False,2053,0,caption_ocr,1,1,phobert-base,1,2026,facebook,test,0
false_positive,,False,1020,0,caption_ocr,0,0,phobert-base,1,2026,threads,test,0
correct_prediction,,True,1604,0,caption_ocr,0,0,phobert-base,0,2026,threads,test,0
correct_prediction,,True,2832,0,caption_ocr,0,0,phobert-base,0,2026,facebook,test,1
correct_prediction,,True,5579,0,caption_ocr,0,0,phobert-base,0,2026,threads,test,0
false_positive,,False,1977,0,caption_ocr,0,0,phobert-base,1,2026,facebook,test,0
correct_prediction,,True,4790,0,caption_ocr,0,0,phobert-base,0,2026,threads,test,0
correct_prediction,,True,2839,0,caption_ocr,1,1,phobert-base,1,2026,facebook,test,0
correct_prediction,,False,4604,0,caption_ocr,0,0,phobert-base,0,2026,threads,test,0
correct_prediction,,True,490,0,caption_ocr,0,0,phobert-base,0,2026,threads,test,0
correct_prediction,,False,4900,0,caption_ocr,0,0,phobert-base,0,2026,threads,test,0
correct_prediction,,False,1206,0,caption_ocr,0,0,phobert-base,0,2026,threads,test,0
correct_prediction,,False,6919,0,caption_ocr,1,1,phobert-base,1,2026,facebook,test,0
correct_prediction,,False,5013,0,caption_ocr,0,0,phobert-base,0,2026,threads,test,0
correct_prediction,,True,7127,0,caption_ocr,0,0,phobert-base,0,2026,facebook,test,0
correct_prediction,,True,5130,0,caption_ocr,0,0,phobert-base,0,2026,threads,test,0
false_positive,,True,6450,0,caption_ocr,0,0,phobert-base,1,2026,facebook,test,0
correct_prediction,,False,3798,0,caption_ocr,1,1,phobert-base,1,2026,threads,test,1
correct_prediction,,True,3230,0,caption_ocr,0,0,phobert-base,0,2026,threads,test,0
correct_prediction,,True,4827,0,caption_ocr,0,0,phobert-base,0,2026,threads,test,0
correct_prediction,,True,2434,1,caption_ocr,1,1,phobert-base,1,2026,facebook,test,0
correct_prediction,,True,1022,0,caption_ocr,0,0,phobert-base,0,2026,threads,test,0
correct_prediction,,False,5302,0,caption_ocr,0,0,phobert-base,0,2026,threads,test,0
correct_prediction,,True,3645,0,caption_ocr,0,0,phobert-base,0,2026,threads,test,0
correct_prediction,,True,1037,0,caption_ocr,0,0,phobert-base,0,2026,threads,test,1
correct_prediction,,True,6000,0,caption_ocr,1,1,phobert-base,1,2026,facebook,test,0
correct_prediction,,True,3179,0,caption_ocr,0,0,phobert-base,0,2026,threads,test,0
correct_prediction,,True,4101,1,caption_ocr,1,1,phobert-base,1,2026,threads,test,0
error_001,,True,618,0,caption_ocr,1,1,phobert-base,0,2026,threads,test,0
correct_prediction,,True,1671,0,caption_ocr,1,1,phobert-base,1,2026,threads,test,1
correct_prediction,,True,4369,0,caption_ocr,0,0,phobert-base,0,2026,threads,test,0
correct_prediction,,True,2428,0,caption_ocr,0,0,phobert-base,0,2026,facebook,test,0
correct_prediction,,True,4304,0,caption_ocr,0,0,phobert-base,0,2026,threads,test,0
error_001,,True,2113,0,caption_ocr,1,1,phobert-base,0,2026,facebook,test,0
correct_prediction,,False,2724,0,caption_ocr,1,1,phobert-base,1,2026,facebook,test,1
correct_prediction,,False,5930,0,caption_ocr,1,1,phobert-base,1,2026,facebook,test,0
correct_prediction,,False,5205,0,caption_ocr,0,0,phobert-base,0,2026,threads,test,0
correct_prediction,,True,411,0,caption_ocr,1,1,phobert-base,1,2026,threads,test,1
correct_prediction,,False,743,0,caption_ocr,0,0,phobert-base,0,2026,threads,test,0
correct_prediction,,True,2558,1,caption_ocr,1,1,phobert-base,1,2026,facebook,test,0
correct_prediction,,False,426,0,caption_ocr,0,0,phobert-base,0,2026,threads,test,0
error_001,,True,7221,0,caption_ocr,1,1,phobert-base,0,2026,facebook,test,0
correct_prediction,,True,4744,0,caption_ocr,0,0,phobert-base,0,2026,threads,test,0
correct_prediction,,True,6677,0,caption_ocr,1,1,phobert-base,1,2026,facebook,test,0
correct_prediction,,False,5282,0,caption_ocr,0,0,phobert-base,0,2026,threads,test,0
correct_prediction,,True,6037,1,caption_ocr,1,1,phobert-base,1,2026,facebook,test,0
correct_prediction,,True,4241,0,caption_ocr,0,0,phobert-base,0,2026,threads,test,0
false_positive,,False,16,0,caption_ocr,0,0,phobert-base,1,2026,threads,test,0
correct_prediction,,True,26,0,caption_ocr,1,1,phobert-base,1,2026,threads,test,1
correct_prediction,,True,256,0,caption_ocr,0,0,phobert-base,0,2026,threads,test,1
correct_prediction,,True,6856,1,caption_ocr,0,0,phobert-base,0,2026,facebook,test,0
correct_prediction,,True,4132,0,caption_ocr,0,0,phobert-base,0,2026,threads,test,0
false_positive,,True,3518,0,caption_ocr,0,0,phobert-base,1,2026,threads,test,0
correct_prediction,,False,1348,0,caption_ocr,0,0,phobert-base,0,2026,threads,test,0
correct_prediction,,True,4057,0,caption_ocr,0,0,phobert-base,0,2026,threads,test,0
correct_prediction,,False,2729,0,caption_ocr,1,1,phobert-base,1,2026,facebook,test,0
correct_prediction,,True,3110,0,caption_ocr,0,0,phobert-base,0,2026,threads,test,0
correct_prediction,,False,1217,0,caption_ocr,0,0,phobert-base,0,2026,threads,test,0
correct_prediction,,False,5119,0,caption_ocr,0,0,phobert-base,0,2026,threads,test,0
false_positive,,True,4123,0,caption_ocr,0,0,phobert-base,1,2026,threads,test,0
correct_prediction,,True,3371,0,caption_ocr,0,0,phobert-base,0,2026,threads,test,0
correct_prediction,,False,4607,0,caption_ocr,0,0,phobert-base,0,2026,threads,test,0
correct_prediction,,True,6410,0,caption_ocr,1,1,phobert-base,1,2026,facebook,test,0
correct_prediction,,True,2435,1,caption_ocr,0,0,phobert-base,0,2026,facebook,test,0
false_positive,,True,5547,0,caption_ocr,0,0,phobert-base,1,2026,threads,test,0
correct_prediction,,True,1901,0,caption_ocr,1,1,phobert-base,1,2026,facebook,test,1
correct_prediction,,True,4258,0,caption_ocr,1,1,phobert-base,1,2026,threads,test,0
correct_prediction,,True,6271,0,caption_ocr,1,1,phobert-base,1,2026,facebook,test,1
correct_prediction,,True,6067,0,caption_ocr,0,0,phobert-base,0,2026,facebook,test,0
correct_prediction,,True,406,0,caption_ocr,0,0,phobert-base,0,2026,threads,test,0
correct_prediction,,True,3143,0,caption_ocr,1,1,phobert-base,1,2026,threads,test,0
correct_prediction,,True,2992,0,caption_ocr,0,0,phobert-base,0,2026,facebook,test,1
correct_prediction,,False,2792,0,caption_ocr,1,1,phobert-base,1,2026,facebook,test,0
correct_prediction,,True,4507,0,caption_ocr,0,0,phobert-base,0,2026,threads,test,0
correct_prediction,,True,2308,0,caption_ocr,1,1,phobert-base,1,2026,facebook,test,0
correct_prediction,,True,1248,0,caption_ocr,0,0,phobert-base,0,2026,threads,test,0
correct_prediction,,True,5925,0,caption_ocr,1,1,phobert-base,1,2026,facebook,test,0
correct_prediction,,True,1397,0,caption_ocr,0,0,phobert-base,0,2026,threads,test,0
correct_prediction,,False,4052,0,caption_ocr,0,0,phobert-base,0,2026,threads,test,0
correct_prediction,,False,665,0,caption_ocr,0,0,phobert-base,0,2026,threads,test,0
correct_prediction,,True,462,0,caption_ocr,0,0,phobert-base,0,2026,threads,test,0
correct_prediction,,True,2337,1,caption_ocr,1,1,phobert-base,1,2026,facebook,test,0
error_001,,True,3260,0,caption_ocr,1,1,phobert-base,0,2026,threads,test,0
correct_prediction,,False,5255,0,caption_ocr,0,0,phobert-base,0,2026,threads,test,0
false_positive,,False,3503,0,caption_ocr,0,0,phobert-base,1,2026,threads,test,0
correct_prediction,,False,2054,0,caption_ocr,1,1,phobert-base,1,2026,facebook,test,1
error_001,,False,3209,0,caption_ocr,1,1,phobert-base,0,2026,threads,test,0
correct_prediction,,False,3099,0,caption_ocr,0,0,phobert-base,0,2026,facebook,test,1
false_positive,,True,7058,0,caption_ocr,0,0,phobert-base,1,2026,facebook,test,0
correct_prediction,,True,6116,1,caption_ocr,1,1,phobert-base,1,2026,facebook,test,0
correct_prediction,,False,4698,0,caption_ocr,0,0,phobert-base,0,2026,threads,test,0
correct_prediction,,True,1079,0,caption_ocr,0,0,phobert-base,0,2026,threads,test,0
correct_prediction,,True,4362,1,caption_ocr,1,1,phobert-base,1,2026,threads,test,0
correct_prediction,,True,2338,1,caption_ocr,0,0,phobert-base,0,2026,facebook,test,0
correct_prediction,,True,7314,0,caption_ocr,1,1,phobert-base,1,2026,facebook,test,1
correct_prediction,,False,629,0,caption_ocr,0,0,phobert-base,0,2026,threads,test,0
error_001,,True,3883,0,caption_ocr,1,1,phobert-base,0,2026,threads,test,0
false_positive,,True,5786,0,caption_ocr,0,0,phobert-base,1,2026,facebook,test,0
correct_prediction,,False,3119,0,caption_ocr,0,0,phobert-base,0,2026,threads,test,0
correct_prediction,,False,5894,0,caption_ocr,1,1,phobert-base,1,2026,facebook,test,0
correct_prediction,,True,5084,0,caption_ocr,0,0,phobert-base,0,2026,threads,test,0
correct_prediction,,False,5343,0,caption_ocr,0,0,phobert-base,0,2026,threads,test,0
correct_prediction,,False,4324,0,caption_ocr,0,0,phobert-base,0,2026,threads,test,0
correct_prediction,,True,1216,1,caption_ocr,1,1,phobert-base,1,2026,threads,test,0
correct_prediction,,False,2006,0,caption_ocr,0,0,phobert-base,0,2026,facebook,test,0
correct_prediction,,False,228,0,caption_ocr,1,1,phobert-base,1,2026,threads,test,1
correct_prediction,,True,5661,0,caption_ocr,0,0,phobert-base,0,2026,threads,test,0
false_positive,,True,5640,0,caption_ocr,0,0,phobert-base,1,2026,threads,test,0
correct_prediction,,True,5765,0,caption_ocr,1,1,phobert-base,1,2026,facebook,test,0
false_positive,,True,5803,0,caption_ocr,0,0,phobert-base,1,42,facebook,test,0
correct_prediction,,True,6388,1,caption_ocr,1,1,phobert-base,1,42,facebook,test,0
false_positive,,True,5990,0,caption_ocr,0,0,phobert-base,1,42,facebook,test,0
false_positive,,True,1024,0,caption_ocr,0,0,phobert-base,1,42,threads,test,0
false_positive,,True,1075,0,caption_ocr,0,0,phobert-base,1,42,threads,test,0
correct_prediction,,True,4170,0,caption_ocr,0,0,phobert-base,0,42,threads,test,0
correct_prediction,,True,599,0,caption_ocr,0,0,phobert-base,0,42,threads,test,0
false_positive,,False,371,0,caption_ocr,0,0,phobert-base,1,42,threads,test,0
false_positive,,False,5811,0,caption_ocr,0,0,phobert-base,1,42,facebook,test,0
false_positive,,True,5986,0,caption_ocr,0,0,phobert-base,1,42,facebook,test,0
correct_prediction,,True,6826,0,caption_ocr,1,1,phobert-base,1,42,facebook,test,0
false_positive,,False,859,0,caption_ocr,0,0,phobert-base,1,42,threads,test,0
correct_prediction,,False,6562,0,caption_ocr,1,1,phobert-base,1,42,facebook,test,0
correct_prediction,,True,2399,1,caption_ocr,1,1,phobert-base,1,42,facebook,test,0
correct_prediction,,False,6505,0,caption_ocr,1,1,phobert-base,1,42,facebook,test,0
correct_prediction,,True,7292,0,caption_ocr,1,1,phobert-base,1,42,facebook,test,0
correct_prediction,,True,6818,1,caption_ocr,1,1,phobert-base,1,42,facebook,test,0
correct_prediction,,False,4909,0,caption_ocr,0,0,phobert-base,0,42,threads,test,0
correct_prediction,,False,4190,0,caption_ocr,0,0,phobert-base,0,42,threads,test,0
false_positive,,True,6100,0,caption_ocr,0,0,phobert-base,1,42,facebook,test,0
correct_prediction,,True,5033,0,caption_ocr,0,0,phobert-base,0,42,threads,test,0
correct_prediction,,True,5608,0,caption_ocr,1,1,phobert-base,1,42,threads,test,0
correct_prediction,,False,4177,0,caption_ocr,0,0,phobert-base,0,42,threads,test,0
false_positive,,True,3845,0,caption_ocr,0,0,phobert-base,1,42,threads,test,0
correct_prediction,,False,2129,0,caption_ocr,1,1,phobert-base,1,42,facebook,test,0
correct_prediction,,False,540,0,caption_ocr,1,1,phobert-base,1,42,threads,test,1
correct_prediction,,True,3054,0,caption_ocr,0,0,phobert-base,0,42,facebook,test,0
correct_prediction,,True,3867,0,caption_ocr,0,0,phobert-base,0,42,threads,test,0
correct_prediction,,False,4031,0,caption_ocr,0,0,phobert-base,0,42,threads,test,0
false_positive,,True,1767,1,caption_ocr,0,0,phobert-base,1,42,threads,test,0
correct_prediction,,True,1598,0,caption_ocr,1,1,phobert-base,1,42,threads,test,0
correct_prediction,,False,850,0,caption_ocr,0,0,phobert-base,0,42,threads,test,0
error_001,,True,5978,0,caption_ocr,1,1,phobert-base,0,42,facebook,test,0
false_positive,,True,3709,0,caption_ocr,0,0,phobert-base,1,42,threads,test,0
correct_prediction,,True,5963,1,caption_ocr,1,1,phobert-base,1,42,facebook,test,0
correct_prediction,,True,5782,1,caption_ocr,1,1,phobert-base,1,42,facebook,test,0
correct_prediction,,True,4722,0,caption_ocr,0,0,phobert-base,0,42,threads,test,0
correct_prediction,,True,1801,0,caption_ocr,1,1,phobert-base,1,42,threads,test,0
correct_prediction,,False,2768,0,caption_ocr,1,1,phobert-base,1,42,facebook,test,0
correct_prediction,,False,5737,0,caption_ocr,1,1,phobert-base,1,42,facebook,test,0
error_001,,False,1824,0,caption_ocr,1,1,phobert-base,0,42,threads,test,0
error_001,,True,2321,0,caption_ocr,1,1,phobert-base,0,42,facebook,test,0
correct_prediction,,True,6447,1,caption_ocr,1,1,phobert-base,1,42,facebook,test,0
correct_prediction,,False,2851,0,caption_ocr,1,1,phobert-base,1,42,facebook,test,1
false_positive,,True,255,0,caption_ocr,0,0,phobert-base,1,42,threads,test,0
correct_prediction,,True,1103,0,caption_ocr,0,0,phobert-base,0,42,threads,test,0
correct_prediction,,True,1228,1,caption_ocr,1,1,phobert-base,1,42,threads,test,0
correct_prediction,,True,4004,0,caption_ocr,1,1,phobert-base,1,42,threads,test,0
correct_prediction,,False,1591,0,caption_ocr,0,0,phobert-base,0,42,threads,test,0
false_positive,,False,2861,0,caption_ocr,0,0,phobert-base,1,42,facebook,test,0
correct_prediction,,True,797,0,caption_ocr,1,1,phobert-base,1,42,threads,test,0
correct_prediction,,True,2913,0,caption_ocr,1,1,phobert-base,1,42,facebook,test,1
correct_prediction,,True,6159,1,caption_ocr,1,1,phobert-base,1,42,facebook,test,0
correct_prediction,,False,7007,0,caption_ocr,1,1,phobert-base,1,42,facebook,test,0
correct_prediction,,True,2333,1,caption_ocr,1,1,phobert-base,1,42,facebook,test,0
false_positive,,True,1448,0,caption_ocr,0,0,phobert-base,1,42,threads,test,1
correct_prediction,,True,993,0,caption_ocr,0,0,phobert-base,0,42,threads,test,0
correct_prediction,,False,1978,0,caption_ocr,1,1,phobert-base,1,42,facebook,test,0
correct_prediction,,False,5035,0,caption_ocr,0,0,phobert-base,0,42,threads,test,0
correct_prediction,,False,4647,0,caption_ocr,0,0,phobert-base,0,42,threads,test,0
false_positive,,False,4922,0,caption_ocr,0,0,phobert-base,1,42,threads,test,0
correct_prediction,,False,525,0,caption_ocr,0,0,phobert-base,0,42,threads,test,0
correct_prediction,,True,3878,0,caption_ocr,0,0,phobert-base,0,42,threads,test,0
correct_prediction,,False,1254,0,caption_ocr,1,1,phobert-base,1,42,threads,test,1
false_positive,,True,2139,0,caption_ocr,0,0,phobert-base,1,42,facebook,test,0
correct_prediction,,True,314,0,caption_ocr,0,0,phobert-base,0,42,threads,test,0
false_positive,,True,2482,1,caption_ocr,0,0,phobert-base,1,42,facebook,test,0
correct_prediction,,False,5580,0,caption_ocr,0,0,phobert-base,0,42,threads,test,0
false_positive,,True,196,0,caption_ocr,0,0,phobert-base,1,42,threads,test,0
correct_prediction,,True,6755,1,caption_ocr,1,1,phobert-base,1,42,facebook,test,0
correct_prediction,,False,6488,0,caption_ocr,1,1,phobert-base,1,42,facebook,test,1
correct_prediction,,True,5335,0,caption_ocr,0,0,phobert-base,0,42,threads,test,0
false_positive,,True,592,0,caption_ocr,0,0,phobert-base,1,42,threads,test,0
false_positive,,True,6168,0,caption_ocr,0,0,phobert-base,1,42,facebook,test,0
correct_prediction,,False,5293,0,caption_ocr,0,0,phobert-base,0,42,threads,test,0
false_positive,,True,423,0,caption_ocr,0,0,phobert-base,1,42,threads,test,0
false_positive,,True,6189,0,caption_ocr,0,0,phobert-base,1,42,facebook,test,0
correct_prediction,,True,1155,0,caption_ocr,0,0,phobert-base,0,42,threads,test,0
correct_prediction,,False,5197,0,caption_ocr,0,0,phobert-base,0,42,threads,test,0
false_positive,,True,464,0,caption_ocr,0,0,phobert-base,1,42,threads,test,0
correct_prediction,,True,6645,1,caption_ocr,1,1,phobert-base,1,42,facebook,test,0
false_positive,,False,3992,0,caption_ocr,0,0,phobert-base,1,42,threads,test,0
correct_prediction,,True,2916,0,caption_ocr,1,1,phobert-base,1,42,facebook,test,0
correct_prediction,,True,1234,0,caption_ocr,1,1,phobert-base,1,42,threads,test,1
correct_prediction,,True,6098,0,caption_ocr,1,1,phobert-base,1,42,facebook,test,0
correct_prediction,,False,735,0,caption_ocr,0,0,phobert-base,0,42,threads,test,0
false_positive,,True,134,1,caption_ocr,0,0,phobert-base,1,42,threads,test,0
correct_prediction,,False,6907,0,caption_ocr,1,1,phobert-base,1,42,facebook,test,1
false_positive,,True,793,0,caption_ocr,0,0,phobert-base,1,42,threads,test,0
error_001,,False,4475,0,caption_ocr,1,1,phobert-base,0,42,threads,test,0
correct_prediction,,True,4403,0,caption_ocr,0,0,phobert-base,0,42,threads,test,0
correct_prediction,,True,1657,0,caption_ocr,1,1,phobert-base,1,42,threads,test,1
correct_prediction,,True,6491,1,caption_ocr,1,1,phobert-base,1,42,facebook,test,1
correct_prediction,,True,533,0,caption_ocr,0,0,phobert-base,0,42,threads,test,1
correct_prediction,,False,6861,0,caption_ocr,1,1,phobert-base,1,42,facebook,test,0
correct_prediction,,True,4136,0,caption_ocr,0,0,phobert-base,0,42,threads,test,0
correct_prediction,,True,6962,0,caption_ocr,1,1,phobert-base,1,42,facebook,test,0
correct_prediction,,True,1716,0,caption_ocr,1,1,phobert-base,1,42,threads,test,0
correct_prediction,,True,6983,0,caption_ocr,1,1,phobert-base,1,42,facebook,test,0
false_positive,,True,3705,0,caption_ocr,0,0,phobert-base,1,42,threads,test,0
correct_prediction,,True,3887,0,caption_ocr,0,0,phobert-base,0,42,threads,test,0
correct_prediction,,True,4269,0,caption_ocr,0,0,phobert-base,0,42,threads,test,0
correct_prediction,,True,860,0,caption_ocr,0,0,phobert-base,0,42,threads,test,0
correct_prediction,,True,2042,0,caption_ocr,1,1,phobert-base,1,42,facebook,test,0
error_001,,True,5835,0,caption_ocr,1,1,phobert-base,0,42,facebook,test,0
false_positive,,False,1953,0,caption_ocr,0,0,phobert-base,1,42,facebook,test,0
correct_prediction,,False,6414,0,caption_ocr,1,1,phobert-base,1,42,facebook,test,0
correct_prediction,,False,6537,0,caption_ocr,1,1,phobert-base,1,42,facebook,test,0
false_positive,,False,5825,0,caption_ocr,0,0,phobert-base,1,42,facebook,test,0
false_positive,,True,2096,0,caption_ocr,0,0,phobert-base,1,42,facebook,test,1
false_positive,,True,2627,0,caption_ocr,0,0,phobert-base,1,42,facebook,test,0
false_positive,,False,2757,0,caption_ocr,0,0,phobert-base,1,42,facebook,test,0
correct_prediction,,True,1684,0,caption_ocr,0,0,phobert-base,0,42,threads,test,0
correct_prediction,,True,2005,0,caption_ocr,1,1,phobert-base,1,42,facebook,test,0
correct_prediction,,True,5927,0,caption_ocr,1,1,phobert-base,1,42,facebook,test,1
correct_prediction,,True,5014,0,caption_ocr,0,0,phobert-base,0,42,threads,test,0
correct_prediction,,True,4892,0,caption_ocr,0,0,phobert-base,0,42,threads,test,0
correct_prediction,,False,5589,0,caption_ocr,0,0,phobert-base,0,42,threads,test,0
false_positive,,True,2206,0,caption_ocr,0,0,phobert-base,1,42,facebook,test,1
correct_prediction,,False,5202,0,caption_ocr,0,0,phobert-base,0,42,threads,test,0
correct_prediction,,False,2656,1,caption_ocr,1,1,phobert-base,1,42,facebook,test,1
correct_prediction,,True,1329,0,caption_ocr,0,0,phobert-base,0,42,threads,test,1
error_001,,True,47,0,caption_ocr,1,1,phobert-base,0,42,threads,test,0
correct_prediction,,True,6746,1,caption_ocr,1,1,phobert-base,1,42,facebook,test,0
error_001,,False,3398,0,caption_ocr,1,1,phobert-base,0,42,threads,test,0
correct_prediction,,False,3695,0,caption_ocr,0,0,phobert-base,0,42,threads,test,0
correct_prediction,,True,3365,0,caption_ocr,0,0,phobert-base,0,42,threads,test,1
correct_prediction,,True,513,0,caption_ocr,0,0,phobert-base,0,42,threads,test,0
false_positive,,False,7022,0,caption_ocr,0,0,phobert-base,1,42,facebook,test,0
false_positive,,True,2459,0,caption_ocr,0,0,phobert-base,1,42,facebook,test,0
correct_prediction,,True,1813,0,caption_ocr,1,1,phobert-base,1,42,threads,test,0
correct_prediction,,True,4433,0,caption_ocr,1,1,phobert-base,1,42,threads,test,1
false_positive,,True,1761,0,caption_ocr,0,0,phobert-base,1,42,threads,test,0
correct_prediction,,False,800,0,caption_ocr,0,0,phobert-base,0,42,threads,test,0
correct_prediction,,True,107,0,caption_ocr,0,0,phobert-base,0,42,threads,test,1
false_positive,,True,980,0,caption_ocr,0,0,phobert-base,1,42,threads,test,0
correct_prediction,,False,4819,0,caption_ocr,0,0,phobert-base,0,42,threads,test,0
correct_prediction,,True,4321,0,caption_ocr,0,0,phobert-base,0,42,threads,test,0
correct_prediction,,True,2506,1,caption_ocr,1,1,phobert-base,1,42,facebook,test,0
error_001,,True,1126,0,caption_ocr,1,1,phobert-base,0,42,threads,test,0
correct_prediction,,True,1570,0,caption_ocr,0,0,phobert-base,0,42,threads,test,0
false_positive,,True,2368,1,caption_ocr,0,0,phobert-base,1,42,facebook,test,0
correct_prediction,,True,4037,0,caption_ocr,0,0,phobert-base,0,42,threads,test,0
correct_prediction,,True,1863,1,caption_ocr,1,1,phobert-base,1,42,facebook,test,0
correct_prediction,,True,1635,0,caption_ocr,0,0,phobert-base,0,42,threads,test,0
correct_prediction,,True,1027,1,caption_ocr,1,1,phobert-base,1,42,threads,test,0
correct_prediction,,False,6894,0,caption_ocr,1,1,phobert-base,1,42,facebook,test,0
correct_prediction,,False,5474,0,caption_ocr,0,0,phobert-base,0,42,threads,test,0
false_positive,,True,1791,0,caption_ocr,0,0,phobert-base,1,42,threads,test,1
correct_prediction,,False,6547,0,caption_ocr,1,1,phobert-base,1,42,facebook,test,1
correct_prediction,,True,7209,0,caption_ocr,1,1,phobert-base,1,42,facebook,test,0
false_positive,,True,5072,0,caption_ocr,0,0,phobert-base,1,42,threads,test,0
false_positive,,True,7123,0,caption_ocr,0,0,phobert-base,1,42,facebook,test,0
false_positive,,True,2233,1,caption_ocr,0,0,phobert-base,1,42,facebook,test,0
correct_prediction,,False,2015,0,caption_ocr,1,1,phobert-base,1,42,facebook,test,0
error_001,,False,6784,0,caption_ocr,1,1,phobert-base,0,42,facebook,test,0
correct_prediction,,True,403,0,caption_ocr,0,0,phobert-base,0,42,threads,test,0
false_positive,,True,6090,0,caption_ocr,0,0,phobert-base,1,42,facebook,test,0
correct_prediction,,False,677,0,caption_ocr,0,0,phobert-base,0,42,threads,test,0
error_001,,True,6493,0,caption_ocr,1,1,phobert-base,0,42,facebook,test,0
correct_prediction,,False,5495,0,caption_ocr,0,0,phobert-base,0,42,threads,test,0
correct_prediction,,True,5802,0,caption_ocr,1,1,phobert-base,1,42,facebook,test,0
correct_prediction,,True,6800,0,caption_ocr,1,1,phobert-base,1,42,facebook,test,0
correct_prediction,,False,3949,0,caption_ocr,0,0,phobert-base,0,42,threads,test,0
correct_prediction,,True,2320,0,caption_ocr,1,1,phobert-base,1,42,facebook,test,0
correct_prediction,,False,3805,0,caption_ocr,0,0,phobert-base,0,42,threads,test,0
correct_prediction,,True,6404,0,caption_ocr,0,0,phobert-base,0,42,facebook,test,0
correct_prediction,,False,4036,0,caption_ocr,0,0,phobert-base,0,42,threads,test,0
correct_prediction,,True,2397,1,caption_ocr,1,1,phobert-base,1,42,facebook,test,0
correct_prediction,,True,3609,0,caption_ocr,0,0,phobert-base,0,42,threads,test,0
correct_prediction,,False,4950,0,caption_ocr,0,0,phobert-base,0,42,threads,test,0
correct_prediction,,False,6884,0,caption_ocr,1,1,phobert-base,1,42,facebook,test,1
correct_prediction,,False,7228,0,caption_ocr,1,1,phobert-base,1,42,facebook,test,0
correct_prediction,,False,4770,0,caption_ocr,0,0,phobert-base,0,42,threads,test,0
correct_prediction,,True,2744,0,caption_ocr,1,1,phobert-base,1,42,facebook,test,0
false_positive,,True,4924,0,caption_ocr,0,0,phobert-base,1,42,threads,test,0
correct_prediction,,True,3104,0,caption_ocr,1,1,phobert-base,1,42,threads,test,1
correct_prediction,,True,5906,0,caption_ocr,0,0,phobert-base,0,42,facebook,test,0
false_positive,,True,6375,0,caption_ocr,0,0,phobert-base,1,42,facebook,test,0
correct_prediction,,True,2438,0,caption_ocr,1,1,phobert-base,1,42,facebook,test,0
error_001,,False,4611,0,caption_ocr,1,1,phobert-base,0,42,threads,test,0
correct_prediction,,True,3164,0,caption_ocr,1,1,phobert-base,1,42,threads,test,0
correct_prediction,,True,2929,0,caption_ocr,1,1,phobert-base,1,42,facebook,test,0
error_001,,False,6564,0,caption_ocr,1,1,phobert-base,0,42,facebook,test,0
false_positive,,True,3857,0,caption_ocr,0,0,phobert-base,1,42,threads,test,0
correct_prediction,,True,1054,0,caption_ocr,0,0,phobert-base,0,42,threads,test,0
correct_prediction,,False,6734,0,caption_ocr,1,1,phobert-base,1,42,facebook,test,0
correct_prediction,,True,7011,1,caption_ocr,1,1,phobert-base,1,42,facebook,test,0
false_positive,,False,5961,0,caption_ocr,0,0,phobert-base,1,42,facebook,test,0
false_positive,,True,2064,0,caption_ocr,0,0,phobert-base,1,42,facebook,test,0
correct_prediction,,False,3666,0,caption_ocr,0,0,phobert-base,0,42,threads,test,0
correct_prediction,,True,3040,0,caption_ocr,1,1,phobert-base,1,42,facebook,test,1
error_001,,False,1392,0,caption_ocr,1,1,phobert-base,0,42,threads,test,0
false_positive,,True,3125,0,caption_ocr,0,0,phobert-base,1,42,threads,test,0
correct_prediction,,True,5288,0,caption_ocr,0,0,phobert-base,0,42,threads,test,0
correct_prediction,,False,6679,0,caption_ocr,1,1,phobert-base,1,42,facebook,test,1
error_001,,False,591,0,caption_ocr,1,1,phobert-base,0,42,threads,test,0
correct_prediction,,False,6634,0,caption_ocr,1,1,phobert-base,1,42,facebook,test,0
correct_prediction,,True,3875,1,caption_ocr,1,1,phobert-base,1,42,threads,test,0
correct_prediction,,True,1280,1,caption_ocr,1,1,phobert-base,1,42,threads,test,0
correct_prediction,,True,430,1,caption_ocr,1,1,phobert-base,1,42,threads,test,0
correct_prediction,,False,889,0,caption_ocr,0,0,phobert-base,0,42,threads,test,0
correct_prediction,,False,5371,0,caption_ocr,0,0,phobert-base,0,42,threads,test,0
correct_prediction,,True,715,0,caption_ocr,0,0,phobert-base,0,42,threads,test,0
false_positive,,True,2463,0,caption_ocr,0,0,phobert-base,1,42,facebook,test,0
correct_prediction,,True,4461,0,caption_ocr,1,1,phobert-base,1,42,threads,test,0
correct_prediction,,True,4232,0,caption_ocr,0,0,phobert-base,0,42,threads,test,0
error_001,,True,3372,0,caption_ocr,1,1,phobert-base,0,42,threads,test,0
correct_prediction,,False,4881,0,caption_ocr,0,0,phobert-base,0,42,threads,test,0
correct_prediction,,True,1480,0,caption_ocr,0,0,phobert-base,0,42,threads,test,1
correct_prediction,,True,116,0,caption_ocr,1,1,phobert-base,1,42,threads,test,0
false_positive,,True,6181,0,caption_ocr,0,0,phobert-base,1,42,facebook,test,0
correct_prediction,,False,721,0,caption_ocr,0,0,phobert-base,0,42,threads,test,0
correct_prediction,,False,5590,0,caption_ocr,0,0,phobert-base,0,42,threads,test,0
correct_prediction,,True,5322,0,caption_ocr,1,1,phobert-base,1,42,threads,test,1
false_positive,,False,4504,0,caption_ocr,0,0,phobert-base,1,42,threads,test,0
correct_prediction,,False,1121,0,caption_ocr,0,0,phobert-base,0,42,threads,test,0
correct_prediction,,False,5224,0,caption_ocr,0,0,phobert-base,0,42,threads,test,0
correct_prediction,,True,1623,0,caption_ocr,0,0,phobert-base,0,42,threads,test,0
correct_prediction,,False,4503,0,caption_ocr,0,0,phobert-base,0,42,threads,test,0
correct_prediction,,True,188,0,caption_ocr,0,0,phobert-base,0,42,threads,test,1
error_001,,True,276,0,caption_ocr,1,1,phobert-base,0,42,threads,test,0
correct_prediction,,False,4625,0,caption_ocr,0,0,phobert-base,0,42,threads,test,0
correct_prediction,,True,4164,0,caption_ocr,0,0,phobert-base,0,42,threads,test,0
correct_prediction,,True,6329,0,caption_ocr,1,1,phobert-base,1,42,facebook,test,0
false_positive,,True,4964,0,caption_ocr,0,0,phobert-base,1,42,threads,test,0
correct_prediction,,True,4669,0,caption_ocr,0,0,phobert-base,0,42,threads,test,0
false_positive,,True,4201,0,caption_ocr,0,0,phobert-base,1,42,threads,test,0
correct_prediction,,False,2830,1,caption_ocr,1,1,phobert-base,1,42,facebook,test,1
correct_prediction,,True,1714,0,caption_ocr,1,1,phobert-base,1,42,threads,test,0
error_001,,True,209,0,caption_ocr,1,1,phobert-base,0,42,threads,test,0
error_001,,True,4048,0,caption_ocr,1,1,phobert-base,0,42,threads,test,0
correct_prediction,,True,6968,1,caption_ocr,1,1,phobert-base,1,42,facebook,test,0
correct_prediction,,True,2151,1,caption_ocr,1,1,phobert-base,1,42,facebook,test,0
correct_prediction,,True,5565,0,caption_ocr,0,0,phobert-base,0,42,threads,test,0
correct_prediction,,False,6476,0,caption_ocr,1,1,phobert-base,1,42,facebook,test,0
false_positive,,True,5666,0,caption_ocr,0,0,phobert-base,1,42,threads,test,0
correct_prediction,,False,3827,0,caption_ocr,0,0,phobert-base,0,42,threads,test,0
correct_prediction,,False,1207,0,caption_ocr,1,1,phobert-base,1,42,threads,test,0
false_positive,,True,6735,0,caption_ocr,0,0,phobert-base,1,42,facebook,test,0
correct_prediction,,False,2077,0,caption_ocr,1,1,phobert-base,1,42,facebook,test,1
correct_prediction,,True,932,0,caption_ocr,0,0,phobert-base,0,42,threads,test,0
correct_prediction,,True,235,0,caption_ocr,0,0,phobert-base,0,42,threads,test,0
correct_prediction,,False,593,0,caption_ocr,0,0,phobert-base,0,42,threads,test,0
false_positive,,True,2166,0,caption_ocr,0,0,phobert-base,1,42,facebook,test,0
false_positive,,True,6353,0,caption_ocr,0,0,phobert-base,1,42,facebook,test,0
correct_prediction,,True,137,0,caption_ocr,0,0,phobert-base,0,42,threads,test,0
correct_prediction,,False,4545,0,caption_ocr,0,0,phobert-base,0,42,threads,test,0
correct_prediction,,False,4901,0,caption_ocr,0,0,phobert-base,0,42,threads,test,0
false_positive,,True,333,0,caption_ocr,0,0,phobert-base,1,42,threads,test,0
correct_prediction,,False,4040,0,caption_ocr,0,0,phobert-base,0,42,threads,test,0
false_positive,,True,289,0,caption_ocr,0,0,phobert-base,1,42,threads,test,0
correct_prediction,,True,361,0,caption_ocr,0,0,phobert-base,0,42,threads,test,0
false_positive,,True,2216,0,caption_ocr,0,0,phobert-base,1,42,facebook,test,0
correct_prediction,,True,2356,1,caption_ocr,1,1,phobert-base,1,42,facebook,test,0
correct_prediction,,True,1686,0,caption_ocr,0,0,phobert-base,0,42,threads,test,0
correct_prediction,,False,6644,0,caption_ocr,1,1,phobert-base,1,42,facebook,test,0
false_positive,,True,2715,0,caption_ocr,0,0,phobert-base,1,42,facebook,test,0
correct_prediction,,True,3510,0,caption_ocr,0,0,phobert-base,0,42,threads,test,0
error_001,,True,5575,0,caption_ocr,1,1,phobert-base,0,42,threads,test,0
false_positive,,True,548,0,caption_ocr,0,0,phobert-base,1,42,threads,test,0
correct_prediction,,True,427,0,caption_ocr,0,0,phobert-base,0,42,threads,test,0
false_positive,,True,5880,0,caption_ocr,0,0,phobert-base,1,42,facebook,test,0
correct_prediction,,False,4651,0,caption_ocr,0,0,phobert-base,0,42,threads,test,0
correct_prediction,,True,3635,0,caption_ocr,0,0,phobert-base,0,42,threads,test,0
correct_prediction,,True,1325,1,caption_ocr,1,1,phobert-base,1,42,threads,test,0
correct_prediction,,False,4510,0,caption_ocr,0,0,phobert-base,0,42,threads,test,0
false_positive,,True,5245,0,caption_ocr,0,0,phobert-base,1,42,threads,test,0
correct_prediction,,True,5533,0,caption_ocr,1,1,phobert-base,1,42,threads,test,1
correct_prediction,,False,2629,0,caption_ocr,1,1,phobert-base,1,42,facebook,test,0
correct_prediction,,True,5061,0,caption_ocr,0,0,phobert-base,0,42,threads,test,0
correct_prediction,,True,2280,1,caption_ocr,1,1,phobert-base,1,42,facebook,test,0
correct_prediction,,False,6615,1,caption_ocr,1,1,phobert-base,1,42,facebook,test,1
correct_prediction,,True,3850,0,caption_ocr,0,0,phobert-base,0,42,threads,test,0
correct_prediction,,False,3533,0,caption_ocr,0,0,phobert-base,0,42,threads,test,0
false_positive,,True,7009,0,caption_ocr,0,0,phobert-base,1,42,facebook,test,0
correct_prediction,,True,5548,0,caption_ocr,0,0,phobert-base,0,42,threads,test,0
false_positive,,True,2215,0,caption_ocr,0,0,phobert-base,1,42,facebook,test,0
false_positive,,True,2229,0,caption_ocr,0,0,phobert-base,1,42,facebook,test,0
correct_prediction,,False,5999,0,caption_ocr,1,1,phobert-base,1,42,facebook,test,1
correct_prediction,,True,2947,0,caption_ocr,1,1,phobert-base,1,42,facebook,test,0
correct_prediction,,True,4088,0,caption_ocr,0,0,phobert-base,0,42,threads,test,0
correct_prediction,,False,1574,0,caption_ocr,0,0,phobert-base,0,42,threads,test,0
correct_prediction,,False,2713,0,caption_ocr,1,1,phobert-base,1,42,facebook,test,0
false_positive,,True,3881,0,caption_ocr,0,0,phobert-base,1,42,threads,test,0
correct_prediction,,True,1734,0,caption_ocr,0,0,phobert-base,0,42,threads,test,0
false_positive,,True,6961,0,caption_ocr,0,0,phobert-base,1,42,facebook,test,0
false_positive,,True,4575,0,caption_ocr,0,0,phobert-base,1,42,threads,test,0
correct_prediction,,True,1417,0,caption_ocr,0,0,phobert-base,0,42,threads,test,0
false_positive,,True,3267,0,caption_ocr,0,0,phobert-base,1,42,threads,test,0
correct_prediction,,False,1298,0,caption_ocr,0,0,phobert-base,0,42,threads,test,0
correct_prediction,,True,7214,0,caption_ocr,1,1,phobert-base,1,42,facebook,test,0
correct_prediction,,False,5140,0,caption_ocr,0,0,phobert-base,0,42,threads,test,0
false_positive,,True,7215,0,caption_ocr,0,0,phobert-base,1,42,facebook,test,0
correct_prediction,,True,619,0,caption_ocr,1,1,phobert-base,1,42,threads,test,0
correct_prediction,,True,2544,1,caption_ocr,1,1,phobert-base,1,42,facebook,test,0
correct_prediction,,True,2894,0,caption_ocr,1,1,phobert-base,1,42,facebook,test,0
correct_prediction,,True,668,0,caption_ocr,0,0,phobert-base,0,42,threads,test,0
correct_prediction,,True,308,0,caption_ocr,1,1,phobert-base,1,42,threads,test,0
correct_prediction,,True,2727,1,caption_ocr,1,1,phobert-base,1,42,facebook,test,0
correct_prediction,,False,1107,0,caption_ocr,0,0,phobert-base,0,42,threads,test,1
correct_prediction,,False,834,0,caption_ocr,0,0,phobert-base,0,42,threads,test,0
correct_prediction,,True,30,0,caption_ocr,0,0,phobert-base,0,42,threads,test,0
false_positive,,True,2564,0,caption_ocr,0,0,phobert-base,1,42,facebook,test,0
correct_prediction,,False,3673,0,caption_ocr,0,0,phobert-base,0,42,threads,test,0
false_positive,,True,2048,0,caption_ocr,0,0,phobert-base,1,42,facebook,test,0
correct_prediction,,True,2303,0,caption_ocr,0,0,phobert-base,0,42,facebook,test,0
correct_prediction,,True,4498,0,caption_ocr,0,0,phobert-base,0,42,threads,test,0
correct_prediction,,False,5995,0,caption_ocr,1,1,phobert-base,1,42,facebook,test,0
correct_prediction,,True,1464,0,caption_ocr,0,0,phobert-base,0,42,threads,test,0
correct_prediction,,False,2831,0,caption_ocr,1,1,phobert-base,1,42,facebook,test,1
correct_prediction,,True,147,0,caption_ocr,0,0,phobert-base,0,42,threads,test,0
correct_prediction,,True,6310,1,caption_ocr,1,1,phobert-base,1,42,facebook,test,0
correct_prediction,,True,7328,0,caption_ocr,1,1,phobert-base,1,42,facebook,test,0
false_positive,,False,2818,0,caption_ocr,0,0,phobert-base,1,42,facebook,test,0
false_positive,,True,5703,0,caption_ocr,0,0,phobert-base,1,42,facebook,test,0
correct_prediction,,True,691,0,caption_ocr,1,1,phobert-base,1,42,threads,test,1
correct_prediction,,False,817,0,caption_ocr,0,0,phobert-base,0,42,threads,test,0
correct_prediction,,False,3622,0,caption_ocr,0,0,phobert-base,0,42,threads,test,0
correct_prediction,,False,5024,0,caption_ocr,0,0,phobert-base,0,42,threads,test,0
correct_prediction,,False,2203,0,caption_ocr,1,1,phobert-base,1,42,facebook,test,0
correct_prediction,,False,6536,0,caption_ocr,1,1,phobert-base,1,42,facebook,test,0
correct_prediction,,False,204,0,caption_ocr,0,0,phobert-base,0,42,threads,test,1
error_001,,True,491,0,caption_ocr,1,1,phobert-base,0,42,threads,test,0
correct_prediction,,False,1960,0,caption_ocr,0,0,phobert-base,0,42,facebook,test,0
correct_prediction,,False,718,0,caption_ocr,0,0,phobert-base,0,42,threads,test,0
false_positive,,True,6394,0,caption_ocr,0,0,phobert-base,1,42,facebook,test,0
error_001,,False,53,0,caption_ocr,1,1,phobert-base,0,42,threads,test,0
false_positive,,False,2787,0,caption_ocr,0,0,phobert-base,1,42,facebook,test,0
correct_prediction,,True,5089,0,caption_ocr,0,0,phobert-base,0,42,threads,test,0
correct_prediction,,True,2882,0,caption_ocr,1,1,phobert-base,1,42,facebook,test,1
false_positive,,True,1789,0,caption_ocr,0,0,phobert-base,1,42,threads,test,1
correct_prediction,,False,6978,0,caption_ocr,1,1,phobert-base,1,42,facebook,test,0
correct_prediction,,True,6577,0,caption_ocr,1,1,phobert-base,1,42,facebook,test,0
correct_prediction,,True,3769,0,caption_ocr,0,0,phobert-base,0,42,threads,test,0
correct_prediction,,False,335,0,caption_ocr,0,0,phobert-base,0,42,threads,test,0
correct_prediction,,True,5219,0,caption_ocr,0,0,phobert-base,0,42,threads,test,0
false_positive,,True,7086,0,caption_ocr,0,0,phobert-base,1,42,facebook,test,0
error_001,,True,3896,0,caption_ocr,1,1,phobert-base,0,42,threads,test,0
correct_prediction,,False,1930,0,caption_ocr,1,1,phobert-base,1,42,facebook,test,1
false_positive,,True,2590,0,caption_ocr,0,0,phobert-base,1,42,facebook,test,0
false_positive,,True,7049,0,caption_ocr,0,0,phobert-base,1,42,facebook,test,0
correct_prediction,,False,2805,0,caption_ocr,1,1,phobert-base,1,42,facebook,test,0
correct_prediction,,True,3496,0,caption_ocr,0,0,phobert-base,0,42,threads,test,0
correct_prediction,,True,2367,1,caption_ocr,1,1,phobert-base,1,42,facebook,test,0
correct_prediction,,True,3746,0,caption_ocr,1,1,phobert-base,1,42,threads,test,0
false_positive,,True,6337,0,caption_ocr,0,0,phobert-base,1,42,facebook,test,0
error_001,,True,4887,0,caption_ocr,1,1,phobert-base,0,42,threads,test,0
correct_prediction,,True,2585,1,caption_ocr,1,1,phobert-base,1,42,facebook,test,0
correct_prediction,,True,2288,1,caption_ocr,1,1,phobert-base,1,42,facebook,test,0
correct_prediction,,True,2134,0,caption_ocr,0,0,phobert-base,0,42,facebook,test,0
correct_prediction,,False,3685,0,caption_ocr,0,0,phobert-base,0,42,threads,test,0
correct_prediction,,False,5736,0,caption_ocr,1,1,phobert-base,1,42,facebook,test,0
correct_prediction,,True,3225,0,caption_ocr,0,0,phobert-base,0,42,threads,test,0
correct_prediction,,True,5074,0,caption_ocr,0,0,phobert-base,0,42,threads,test,0
correct_prediction,,True,3866,0,caption_ocr,0,0,phobert-base,0,42,threads,test,0
correct_prediction,,True,2695,0,caption_ocr,1,1,phobert-base,1,42,facebook,test,1
false_positive,,True,3968,0,caption_ocr,0,0,phobert-base,1,42,threads,test,0
correct_prediction,,True,6957,1,caption_ocr,1,1,phobert-base,1,42,facebook,test,0
correct_prediction,,False,4720,0,caption_ocr,0,0,phobert-base,0,42,threads,test,0
correct_prediction,,False,3713,0,caption_ocr,0,0,phobert-base,0,42,threads,test,0
correct_prediction,,False,1809,0,caption_ocr,0,0,phobert-base,0,42,threads,test,0
correct_prediction,,True,3043,0,caption_ocr,1,1,phobert-base,1,42,facebook,test,1
correct_prediction,,False,6942,0,caption_ocr,1,1,phobert-base,1,42,facebook,test,1
correct_prediction,,True,3678,0,caption_ocr,0,0,phobert-base,0,42,threads,test,0
correct_prediction,,True,7289,1,caption_ocr,1,1,phobert-base,1,42,facebook,test,0
false_positive,,False,1974,0,caption_ocr,0,0,phobert-base,1,42,facebook,test,0
correct_prediction,,False,4805,0,caption_ocr,0,0,phobert-base,0,42,threads,test,0
correct_prediction,,True,3940,0,caption_ocr,1,1,phobert-base,1,42,threads,test,1
false_positive,,True,4026,0,caption_ocr,0,0,phobert-base,1,42,threads,test,1
false_positive,,True,557,0,caption_ocr,0,0,phobert-base,1,42,threads,test,0
correct_prediction,,True,7287,0,caption_ocr,1,1,phobert-base,1,42,facebook,test,1
correct_prediction,,True,2187,0,caption_ocr,1,1,phobert-base,1,42,facebook,test,0
error_001,,True,1647,0,caption_ocr,1,1,phobert-base,0,42,threads,test,0
correct_prediction,,True,3485,0,caption_ocr,1,1,phobert-base,1,42,threads,test,1
correct_prediction,,True,6436,0,caption_ocr,1,1,phobert-base,1,42,facebook,test,0
correct_prediction,,True,4220,0,caption_ocr,0,0,phobert-base,0,42,threads,test,0
false_positive,,False,138,0,caption_ocr,0,0,phobert-base,1,42,threads,test,0
correct_prediction,,True,2639,0,caption_ocr,1,1,phobert-base,1,42,facebook,test,0
correct_prediction,,False,4705,0,caption_ocr,0,0,phobert-base,0,42,threads,test,0
correct_prediction,,True,3475,0,caption_ocr,0,0,phobert-base,0,42,threads,test,0
correct_prediction,,True,1056,0,caption_ocr,0,0,phobert-base,0,42,threads,test,0
error_001,,True,1453,0,caption_ocr,1,1,phobert-base,0,42,threads,test,0
correct_prediction,,True,5220,0,caption_ocr,1,1,phobert-base,1,42,threads,test,0
correct_prediction,,False,6847,0,caption_ocr,1,1,phobert-base,1,42,facebook,test,0
correct_prediction,,False,3219,0,caption_ocr,0,0,phobert-base,0,42,threads,test,0
correct_prediction,,True,1040,0,caption_ocr,0,0,phobert-base,0,42,threads,test,0
correct_prediction,,True,1703,1,caption_ocr,1,1,phobert-base,1,42,threads,test,1
correct_prediction,,True,1271,0,caption_ocr,0,0,phobert-base,0,42,threads,test,0
correct_prediction,,True,2870,0,caption_ocr,1,1,phobert-base,1,42,facebook,test,1
false_positive,,True,4764,0,caption_ocr,0,0,phobert-base,1,42,threads,test,0
correct_prediction,,False,4635,0,caption_ocr,0,0,phobert-base,0,42,threads,test,0
correct_prediction,,True,4713,0,caption_ocr,0,0,phobert-base,0,42,threads,test,0
correct_prediction,,True,4718,0,caption_ocr,0,0,phobert-base,0,42,threads,test,0
correct_prediction,,True,5865,1,caption_ocr,1,1,phobert-base,1,42,facebook,test,0
correct_prediction,,False,5047,0,caption_ocr,0,0,phobert-base,0,42,threads,test,0
correct_prediction,,True,2358,0,caption_ocr,1,1,phobert-base,1,42,facebook,test,0
correct_prediction,,True,595,0,caption_ocr,1,1,phobert-base,1,42,threads,test,1
false_positive,,True,2093,0,caption_ocr,0,0,phobert-base,1,42,facebook,test,0
correct_prediction,,False,5077,0,caption_ocr,0,0,phobert-base,0,42,threads,test,0
error_001,,False,3731,0,caption_ocr,1,1,phobert-base,0,42,threads,test,0
correct_prediction,,True,1660,0,caption_ocr,1,1,phobert-base,1,42,threads,test,1
correct_prediction,,False,3788,0,caption_ocr,0,0,phobert-base,0,42,threads,test,0
correct_prediction,,True,4435,0,caption_ocr,0,0,phobert-base,0,42,threads,test,0
correct_prediction,,True,3079,0,caption_ocr,0,0,phobert-base,0,42,facebook,test,0
correct_prediction,,True,5515,0,caption_ocr,0,0,phobert-base,0,42,threads,test,0
correct_prediction,,True,5562,0,caption_ocr,0,0,phobert-base,0,42,threads,test,0
false_positive,,True,7331,0,caption_ocr,0,0,phobert-base,1,42,facebook,test,0
correct_prediction,,False,6680,0,caption_ocr,1,1,phobert-base,1,42,facebook,test,0
correct_prediction,,False,7141,0,caption_ocr,1,1,phobert-base,1,42,facebook,test,0
false_positive,,True,7295,0,caption_ocr,0,0,phobert-base,1,42,facebook,test,0
false_positive,,True,7100,0,caption_ocr,0,0,phobert-base,1,42,facebook,test,0
correct_prediction,,True,902,0,caption_ocr,1,1,phobert-base,1,42,threads,test,1
correct_prediction,,True,4456,0,caption_ocr,0,0,phobert-base,0,42,threads,test,0
correct_prediction,,False,1369,0,caption_ocr,0,0,phobert-base,0,42,threads,test,0
false_positive,,True,3015,0,caption_ocr,0,0,phobert-base,1,42,facebook,test,1
correct_prediction,,True,5378,0,caption_ocr,0,0,phobert-base,0,42,threads,test,0
correct_prediction,,True,2763,0,caption_ocr,0,0,phobert-base,0,42,facebook,test,0
correct_prediction,,False,6360,0,caption_ocr,0,0,phobert-base,0,42,facebook,test,0
false_positive,,True,3117,0,caption_ocr,0,0,phobert-base,1,42,threads,test,0
correct_prediction,,True,6106,0,caption_ocr,1,1,phobert-base,1,42,facebook,test,0
correct_prediction,,True,2521,0,caption_ocr,1,1,phobert-base,1,42,facebook,test,0
correct_prediction,,True,990,0,caption_ocr,0,0,phobert-base,0,42,threads,test,0
correct_prediction,,False,1503,0,caption_ocr,0,0,phobert-base,0,42,threads,test,0
correct_prediction,,True,1490,0,caption_ocr,0,0,phobert-base,0,42,threads,test,0
correct_prediction,,False,3623,0,caption_ocr,0,0,phobert-base,0,42,threads,test,0
correct_prediction,,True,987,1,caption_ocr,1,1,phobert-base,1,42,threads,test,1
correct_prediction,,True,4401,0,caption_ocr,0,0,phobert-base,0,42,threads,test,0
correct_prediction,,False,6855,0,caption_ocr,1,1,phobert-base,1,42,facebook,test,0
false_positive,,True,6049,0,caption_ocr,0,0,phobert-base,1,42,facebook,test,0
correct_prediction,,False,812,0,caption_ocr,0,0,phobert-base,0,42,threads,test,0
false_positive,,False,4267,0,caption_ocr,0,0,phobert-base,1,42,threads,test,0
correct_prediction,,True,4197,0,caption_ocr,0,0,phobert-base,0,42,threads,test,1
false_positive,,True,2296,0,caption_ocr,0,0,phobert-base,1,42,facebook,test,0
correct_prediction,,True,6594,0,caption_ocr,1,1,phobert-base,1,42,facebook,test,0
correct_prediction,,True,6977,1,caption_ocr,1,1,phobert-base,1,42,facebook,test,0
correct_prediction,,True,5139,0,caption_ocr,0,0,phobert-base,0,42,threads,test,0
false_positive,,True,3289,0,caption_ocr,0,0,phobert-base,1,42,threads,test,0
error_001,,True,1624,0,caption_ocr,1,1,phobert-base,0,42,threads,test,0
correct_prediction,,False,3952,0,caption_ocr,0,0,phobert-base,0,42,threads,test,1
correct_prediction,,True,6060,0,caption_ocr,0,0,phobert-base,0,42,facebook,test,0
error_001,,False,3824,0,caption_ocr,1,1,phobert-base,0,42,threads,test,0
correct_prediction,,True,5482,0,caption_ocr,0,0,phobert-base,0,42,threads,test,0
correct_prediction,,False,5568,0,caption_ocr,0,0,phobert-base,0,42,threads,test,0
false_positive,,True,3913,0,caption_ocr,0,0,phobert-base,1,42,threads,test,0
correct_prediction,,True,7004,0,caption_ocr,1,1,phobert-base,1,42,facebook,test,0
correct_prediction,,False,6664,0,caption_ocr,1,1,phobert-base,1,42,facebook,test,1
correct_prediction,,False,4871,0,caption_ocr,0,0,phobert-base,0,42,threads,test,0
correct_prediction,,True,3960,0,caption_ocr,0,0,phobert-base,0,42,threads,test,0
error_001,,False,4500,0,caption_ocr,1,1,phobert-base,0,42,threads,test,0
correct_prediction,,True,1688,0,caption_ocr,0,0,phobert-base,0,42,threads,test,0
correct_prediction,,False,7092,0,caption_ocr,1,1,phobert-base,1,42,facebook,test,0
correct_prediction,,True,3491,0,caption_ocr,0,0,phobert-base,0,42,threads,test,0
correct_prediction,,False,5564,0,caption_ocr,0,0,phobert-base,0,42,threads,test,0
false_positive,,True,7220,1,caption_ocr,0,0,phobert-base,1,42,facebook,test,0
correct_prediction,,True,6151,0,caption_ocr,0,0,phobert-base,0,42,facebook,test,0
correct_prediction,,True,2470,1,caption_ocr,1,1,phobert-base,1,42,facebook,test,0
false_positive,,True,1964,0,caption_ocr,0,0,phobert-base,1,42,facebook,test,0
correct_prediction,,True,2382,1,caption_ocr,1,1,phobert-base,1,42,facebook,test,0
correct_prediction,,True,4272,0,caption_ocr,0,0,phobert-base,0,42,threads,test,0
correct_prediction,,False,1867,0,caption_ocr,1,1,phobert-base,1,42,facebook,test,0
correct_prediction,,True,5421,0,caption_ocr,0,0,phobert-base,0,42,threads,test,0
correct_prediction,,False,1268,0,caption_ocr,1,1,phobert-base,1,42,threads,test,1
correct_prediction,,True,4755,0,caption_ocr,0,0,phobert-base,0,42,threads,test,0
false_positive,,False,826,0,caption_ocr,0,0,phobert-base,1,42,threads,test,1
false_positive,,True,3167,0,caption_ocr,0,0,phobert-base,1,42,threads,test,0
error_001,,False,1463,0,caption_ocr,1,1,phobert-base,0,42,threads,test,0
correct_prediction,,False,6823,0,caption_ocr,1,1,phobert-base,1,42,facebook,test,0
correct_prediction,,True,4355,0,caption_ocr,1,1,phobert-base,1,42,threads,test,0
correct_prediction,,True,1906,0,caption_ocr,1,1,phobert-base,1,42,facebook,test,0
correct_prediction,,True,4344,0,caption_ocr,0,0,phobert-base,0,42,threads,test,0
error_001,,True,5788,0,caption_ocr,1,1,phobert-base,0,42,facebook,test,0
correct_prediction,,True,3159,0,caption_ocr,0,0,phobert-base,0,42,threads,test,0
false_positive,,True,4902,0,caption_ocr,0,0,phobert-base,1,42,threads,test,0
correct_prediction,,True,144,0,caption_ocr,1,1,phobert-base,1,42,threads,test,1
false_positive,,True,6761,0,caption_ocr,0,0,phobert-base,1,42,facebook,test,1
false_positive,,True,805,0,caption_ocr,0,0,phobert-base,1,42,threads,test,0
correct_prediction,,True,7186,0,caption_ocr,1,1,phobert-base,1,42,facebook,test,0
correct_prediction,,True,3182,0,caption_ocr,0,0,phobert-base,0,42,threads,test,0
correct_prediction,,True,1303,1,caption_ocr,1,1,phobert-base,1,42,threads,test,0
correct_prediction,,False,4092,0,caption_ocr,0,0,phobert-base,0,42,threads,test,0
correct_prediction,,False,5450,0,caption_ocr,0,0,phobert-base,0,42,threads,test,0
correct_prediction,,False,3378,0,caption_ocr,0,0,phobert-base,0,42,threads,test,0
correct_prediction,,False,6551,0,caption_ocr,1,1,phobert-base,1,42,facebook,test,0
error_001,,True,3487,0,caption_ocr,1,1,phobert-base,0,42,threads,test,0
correct_prediction,,True,2049,0,caption_ocr,1,1,phobert-base,1,42,facebook,test,0
correct_prediction,,True,3667,0,caption_ocr,0,0,phobert-base,0,42,threads,test,0
correct_prediction,,True,7250,0,caption_ocr,1,1,phobert-base,1,42,facebook,test,1
false_positive,,True,3969,0,caption_ocr,0,0,phobert-base,1,42,threads,test,0
false_positive,,True,478,0,caption_ocr,0,0,phobert-base,1,42,threads,test,1
false_positive,,True,5816,0,caption_ocr,0,0,phobert-base,1,42,facebook,test,0
false_positive,,True,1043,0,caption_ocr,0,0,phobert-base,1,42,threads,test,0
correct_prediction,,True,6451,1,caption_ocr,1,1,phobert-base,1,42,facebook,test,0
false_positive,,True,2990,0,caption_ocr,0,0,phobert-base,1,42,facebook,test,0
correct_prediction,,False,5193,0,caption_ocr,0,0,phobert-base,0,42,threads,test,0
correct_prediction,,True,6509,1,caption_ocr,1,1,phobert-base,1,42,facebook,test,0
correct_prediction,,True,7159,0,caption_ocr,0,0,phobert-base,0,42,facebook,test,0
correct_prediction,,True,6556,0,caption_ocr,0,0,phobert-base,0,42,facebook,test,0
correct_prediction,,False,4752,0,caption_ocr,0,0,phobert-base,0,42,threads,test,0
correct_prediction,,True,7277,1,caption_ocr,1,1,phobert-base,1,42,facebook,test,0
correct_prediction,,False,6546,0,caption_ocr,1,1,phobert-base,1,42,facebook,test,1
correct_prediction,,False,6960,0,caption_ocr,1,1,phobert-base,1,42,facebook,test,0
correct_prediction,,True,3837,0,caption_ocr,1,1,phobert-base,1,42,threads,test,1
correct_prediction,,False,4514,0,caption_ocr,0,0,phobert-base,0,42,threads,test,0
correct_prediction,,False,2739,0,caption_ocr,1,1,phobert-base,1,42,facebook,test,1
false_positive,,False,5281,0,caption_ocr,0,0,phobert-base,1,42,threads,test,0
correct_prediction,,False,555,0,caption_ocr,0,0,phobert-base,0,42,threads,test,0
correct_prediction,,True,7074,1,caption_ocr,1,1,phobert-base,1,42,facebook,test,0
correct_prediction,,False,4038,0,caption_ocr,0,0,phobert-base,0,42,threads,test,0
error_001,,False,5054,0,caption_ocr,1,1,phobert-base,0,42,threads,test,0
false_positive,,True,6051,0,caption_ocr,0,0,phobert-base,1,42,facebook,test,0
correct_prediction,,True,6443,0,caption_ocr,0,0,phobert-base,0,42,facebook,test,0
correct_prediction,,True,6603,1,caption_ocr,1,1,phobert-base,1,42,facebook,test,0
correct_prediction,,False,5760,0,caption_ocr,1,1,phobert-base,1,42,facebook,test,0
correct_prediction,,True,2538,1,caption_ocr,1,1,phobert-base,1,42,facebook,test,0
false_positive,,True,3665,0,caption_ocr,0,0,phobert-base,1,42,threads,test,0
correct_prediction,,True,2529,1,caption_ocr,1,1,phobert-base,1,42,facebook,test,0
correct_prediction,,False,4427,0,caption_ocr,0,0,phobert-base,0,42,threads,test,0
correct_prediction,,False,1432,0,caption_ocr,1,1,phobert-base,1,42,threads,test,0
correct_prediction,,False,127,0,caption_ocr,0,0,phobert-base,0,42,threads,test,0
correct_prediction,,True,2469,1,caption_ocr,1,1,phobert-base,1,42,facebook,test,0
correct_prediction,,True,101,0,caption_ocr,1,1,phobert-base,1,42,threads,test,1
correct_prediction,,True,4199,0,caption_ocr,0,0,phobert-base,0,42,threads,test,0
correct_prediction,,True,6899,1,caption_ocr,1,1,phobert-base,1,42,facebook,test,0
false_positive,,True,523,0,caption_ocr,0,0,phobert-base,1,42,threads,test,0
false_positive,,True,4642,0,caption_ocr,0,0,phobert-base,1,42,threads,test,0
correct_prediction,,True,3187,0,caption_ocr,0,0,phobert-base,0,42,threads,test,0
correct_prediction,,True,1354,0,caption_ocr,0,0,phobert-base,0,42,threads,test,0
correct_prediction,,True,383,1,caption_ocr,0,0,phobert-base,0,42,threads,test,0
false_positive,,True,313,0,caption_ocr,0,0,phobert-base,1,42,threads,test,0
correct_prediction,,False,6790,0,caption_ocr,1,1,phobert-base,1,42,facebook,test,0
false_positive,,True,5964,0,caption_ocr,0,0,phobert-base,1,42,facebook,test,0
error_001,,True,2999,0,caption_ocr,1,1,phobert-base,0,42,facebook,test,0
error_001,,False,4614,0,caption_ocr,1,1,phobert-base,0,42,threads,test,0
correct_prediction,,False,4360,0,caption_ocr,0,0,phobert-base,0,42,threads,test,0
correct_prediction,,False,3994,0,caption_ocr,0,0,phobert-base,0,42,threads,test,0
correct_prediction,,True,7254,0,caption_ocr,1,1,phobert-base,1,42,facebook,test,0
error_001,,False,3513,0,caption_ocr,1,1,phobert-base,0,42,threads,test,0
correct_prediction,,True,1096,0,caption_ocr,1,1,phobert-base,1,42,threads,test,1
error_001,,False,1479,0,caption_ocr,1,1,phobert-base,0,42,threads,test,0
correct_prediction,,False,4739,0,caption_ocr,0,0,phobert-base,0,42,threads,test,0
correct_prediction,,True,5826,1,caption_ocr,1,1,phobert-base,1,42,facebook,test,0
correct_prediction,,True,1802,0,caption_ocr,1,1,phobert-base,1,42,threads,test,0
correct_prediction,,False,796,0,caption_ocr,0,0,phobert-base,0,42,threads,test,0
false_positive,,False,6155,0,caption_ocr,0,0,phobert-base,1,42,facebook,test,0
correct_prediction,,True,1808,0,caption_ocr,0,0,phobert-base,0,42,threads,test,0
false_positive,,True,7291,0,caption_ocr,0,0,phobert-base,1,42,facebook,test,0
false_positive,,True,6086,0,caption_ocr,0,0,phobert-base,1,42,facebook,test,0
error_001,,False,521,0,caption_ocr,1,1,phobert-base,0,42,threads,test,0
correct_prediction,,True,4451,0,caption_ocr,0,0,phobert-base,0,42,threads,test,0
correct_prediction,,True,6044,1,caption_ocr,1,1,phobert-base,1,42,facebook,test,0
false_positive,,True,644,0,caption_ocr,0,0,phobert-base,1,42,threads,test,0
false_positive,,True,4463,0,caption_ocr,0,0,phobert-base,1,42,threads,test,0
correct_prediction,,True,3956,0,caption_ocr,0,0,phobert-base,0,42,threads,test,0
correct_prediction,,True,1778,0,caption_ocr,0,0,phobert-base,0,42,threads,test,0
false_positive,,True,6217,0,caption_ocr,0,0,phobert-base,1,42,facebook,test,0
correct_prediction,,True,2426,1,caption_ocr,1,1,phobert-base,1,42,facebook,test,0
false_positive,,True,3497,0,caption_ocr,0,0,phobert-base,1,42,threads,test,1
correct_prediction,,True,2376,1,caption_ocr,1,1,phobert-base,1,42,facebook,test,0
correct_prediction,,False,2057,0,caption_ocr,1,1,phobert-base,1,42,facebook,test,0
correct_prediction,,False,2567,0,caption_ocr,1,1,phobert-base,1,42,facebook,test,0
correct_prediction,,True,6517,0,caption_ocr,1,1,phobert-base,1,42,facebook,test,0
correct_prediction,,False,4432,0,caption_ocr,1,1,phobert-base,1,42,threads,test,1
correct_prediction,,True,2622,0,caption_ocr,1,1,phobert-base,1,42,facebook,test,0
false_positive,,False,5824,0,caption_ocr,0,0,phobert-base,1,42,facebook,test,0
error_001,,False,7239,0,caption_ocr,1,1,phobert-base,0,42,facebook,test,0
false_positive,,True,4034,0,caption_ocr,0,0,phobert-base,1,42,threads,test,0
error_001,,False,892,0,caption_ocr,1,1,phobert-base,0,42,threads,test,0
correct_prediction,,True,502,0,caption_ocr,1,1,phobert-base,1,42,threads,test,0
correct_prediction,,True,297,0,caption_ocr,1,1,phobert-base,1,42,threads,test,0
correct_prediction,,True,258,0,caption_ocr,1,1,phobert-base,1,42,threads,test,0
correct_prediction,,False,4889,0,caption_ocr,0,0,phobert-base,0,42,threads,test,0
correct_prediction,,True,1768,0,caption_ocr,1,1,phobert-base,1,42,threads,test,1
false_positive,,True,3930,0,caption_ocr,0,0,phobert-base,1,42,threads,test,0
correct_prediction,,True,5728,0,caption_ocr,1,1,phobert-base,1,42,facebook,test,0
correct_prediction,,True,4675,0,caption_ocr,1,1,phobert-base,1,42,threads,test,0
false_positive,,True,6359,0,caption_ocr,0,0,phobert-base,1,42,facebook,test,0
correct_prediction,,True,4492,0,caption_ocr,0,0,phobert-base,0,42,threads,test,0
correct_prediction,,False,5272,0,caption_ocr,0,0,phobert-base,0,42,threads,test,0
correct_prediction,,False,6574,0,caption_ocr,1,1,phobert-base,1,42,facebook,test,0
correct_prediction,,False,6427,0,caption_ocr,1,1,phobert-base,1,42,facebook,test,0
correct_prediction,,True,884,1,caption_ocr,1,1,phobert-base,1,42,threads,test,1
correct_prediction,,True,2327,0,caption_ocr,0,0,phobert-base,0,42,facebook,test,0
correct_prediction,,False,5249,0,caption_ocr,0,0,phobert-base,0,42,threads,test,0
correct_prediction,,False,5361,0,caption_ocr,0,0,phobert-base,0,42,threads,test,0
correct_prediction,,True,2952,0,caption_ocr,1,1,phobert-base,1,42,facebook,test,1
correct_prediction,,False,2053,0,caption_ocr,1,1,phobert-base,1,42,facebook,test,0
false_positive,,False,1020,0,caption_ocr,0,0,phobert-base,1,42,threads,test,0
correct_prediction,,True,1604,0,caption_ocr,0,0,phobert-base,0,42,threads,test,0
correct_prediction,,True,2832,0,caption_ocr,0,0,phobert-base,0,42,facebook,test,1
correct_prediction,,True,5579,0,caption_ocr,0,0,phobert-base,0,42,threads,test,0
false_positive,,False,1977,0,caption_ocr,0,0,phobert-base,1,42,facebook,test,0
correct_prediction,,True,4790,0,caption_ocr,0,0,phobert-base,0,42,threads,test,0
correct_prediction,,True,2839,0,caption_ocr,1,1,phobert-base,1,42,facebook,test,0
correct_prediction,,False,4604,0,caption_ocr,0,0,phobert-base,0,42,threads,test,0
correct_prediction,,True,490,0,caption_ocr,0,0,phobert-base,0,42,threads,test,0
correct_prediction,,False,4900,0,caption_ocr,0,0,phobert-base,0,42,threads,test,0
correct_prediction,,False,1206,0,caption_ocr,0,0,phobert-base,0,42,threads,test,0
correct_prediction,,False,6919,0,caption_ocr,1,1,phobert-base,1,42,facebook,test,0
correct_prediction,,False,5013,0,caption_ocr,0,0,phobert-base,0,42,threads,test,0
correct_prediction,,False,530,0,caption_ocr,1,1,phobert-base,1,42,threads,test,1
false_positive,,True,7127,0,caption_ocr,0,0,phobert-base,1,42,facebook,test,0
correct_prediction,,True,5130,0,caption_ocr,0,0,phobert-base,0,42,threads,test,0
correct_prediction,,True,6450,0,caption_ocr,0,0,phobert-base,0,42,facebook,test,0
correct_prediction,,False,3798,0,caption_ocr,1,1,phobert-base,1,42,threads,test,1
correct_prediction,,True,3230,0,caption_ocr,0,0,phobert-base,0,42,threads,test,0
correct_prediction,,True,4827,0,caption_ocr,0,0,phobert-base,0,42,threads,test,0
correct_prediction,,True,2434,1,caption_ocr,1,1,phobert-base,1,42,facebook,test,0
correct_prediction,,True,1022,0,caption_ocr,0,0,phobert-base,0,42,threads,test,0
correct_prediction,,False,5302,0,caption_ocr,0,0,phobert-base,0,42,threads,test,0
false_positive,,True,3645,0,caption_ocr,0,0,phobert-base,1,42,threads,test,0
correct_prediction,,True,1037,0,caption_ocr,0,0,phobert-base,0,42,threads,test,1
correct_prediction,,True,6000,0,caption_ocr,1,1,phobert-base,1,42,facebook,test,0
correct_prediction,,True,3179,0,caption_ocr,0,0,phobert-base,0,42,threads,test,0
correct_prediction,,True,4101,1,caption_ocr,1,1,phobert-base,1,42,threads,test,0
error_001,,True,618,0,caption_ocr,1,1,phobert-base,0,42,threads,test,0
correct_prediction,,True,1671,0,caption_ocr,1,1,phobert-base,1,42,threads,test,1
false_positive,,True,4369,0,caption_ocr,0,0,phobert-base,1,42,threads,test,0
correct_prediction,,True,2428,0,caption_ocr,0,0,phobert-base,0,42,facebook,test,0
correct_prediction,,True,4304,0,caption_ocr,0,0,phobert-base,0,42,threads,test,0
error_001,,True,2113,0,caption_ocr,1,1,phobert-base,0,42,facebook,test,0
correct_prediction,,False,2724,0,caption_ocr,1,1,phobert-base,1,42,facebook,test,1
correct_prediction,,False,5930,0,caption_ocr,1,1,phobert-base,1,42,facebook,test,0
correct_prediction,,False,5205,0,caption_ocr,0,0,phobert-base,0,42,threads,test,0
correct_prediction,,True,411,0,caption_ocr,1,1,phobert-base,1,42,threads,test,1
correct_prediction,,False,743,0,caption_ocr,0,0,phobert-base,0,42,threads,test,0
correct_prediction,,True,2558,1,caption_ocr,1,1,phobert-base,1,42,facebook,test,0
correct_prediction,,True,113,0,caption_ocr,1,1,phobert-base,1,42,threads,test,1
correct_prediction,,False,426,0,caption_ocr,0,0,phobert-base,0,42,threads,test,0
correct_prediction,,True,7221,0,caption_ocr,1,1,phobert-base,1,42,facebook,test,0
correct_prediction,,True,1653,0,caption_ocr,1,1,phobert-base,1,42,threads,test,1
correct_prediction,,True,4744,0,caption_ocr,0,0,phobert-base,0,42,threads,test,0
correct_prediction,,True,7014,1,caption_ocr,1,1,phobert-base,1,42,facebook,test,0
correct_prediction,,True,6677,0,caption_ocr,1,1,phobert-base,1,42,facebook,test,0
correct_prediction,,False,5282,0,caption_ocr,0,0,phobert-base,0,42,threads,test,0
correct_prediction,,True,6037,1,caption_ocr,1,1,phobert-base,1,42,facebook,test,0
correct_prediction,,True,4241,0,caption_ocr,0,0,phobert-base,0,42,threads,test,0
false_positive,,False,16,0,caption_ocr,0,0,phobert-base,1,42,threads,test,0
correct_prediction,,True,26,0,caption_ocr,1,1,phobert-base,1,42,threads,test,1
correct_prediction,,True,256,0,caption_ocr,0,0,phobert-base,0,42,threads,test,1
correct_prediction,,True,6856,1,caption_ocr,0,0,phobert-base,0,42,facebook,test,0
correct_prediction,,True,4132,0,caption_ocr,0,0,phobert-base,0,42,threads,test,0
false_positive,,True,3518,0,caption_ocr,0,0,phobert-base,1,42,threads,test,0
correct_prediction,,False,1348,0,caption_ocr,0,0,phobert-base,0,42,threads,test,0
correct_prediction,,True,4057,0,caption_ocr,0,0,phobert-base,0,42,threads,test,0
correct_prediction,,False,2729,0,caption_ocr,1,1,phobert-base,1,42,facebook,test,0
correct_prediction,,True,3110,0,caption_ocr,0,0,phobert-base,0,42,threads,test,0
correct_prediction,,False,1217,0,caption_ocr,0,0,phobert-base,0,42,threads,test,0
correct_prediction,,False,5119,0,caption_ocr,0,0,phobert-base,0,42,threads,test,0
false_positive,,True,4123,0,caption_ocr,0,0,phobert-base,1,42,threads,test,0
correct_prediction,,True,3371,0,caption_ocr,0,0,phobert-base,0,42,threads,test,0
correct_prediction,,False,4607,0,caption_ocr,0,0,phobert-base,0,42,threads,test,0
correct_prediction,,True,6410,0,caption_ocr,1,1,phobert-base,1,42,facebook,test,0
false_positive,,True,2435,1,caption_ocr,0,0,phobert-base,1,42,facebook,test,0
false_positive,,True,5547,0,caption_ocr,0,0,phobert-base,1,42,threads,test,0
correct_prediction,,True,1901,0,caption_ocr,1,1,phobert-base,1,42,facebook,test,1
correct_prediction,,True,4258,0,caption_ocr,1,1,phobert-base,1,42,threads,test,0
correct_prediction,,True,6271,0,caption_ocr,1,1,phobert-base,1,42,facebook,test,1
correct_prediction,,True,6067,0,caption_ocr,0,0,phobert-base,0,42,facebook,test,0
correct_prediction,,True,406,0,caption_ocr,0,0,phobert-base,0,42,threads,test,0
correct_prediction,,True,3143,0,caption_ocr,1,1,phobert-base,1,42,threads,test,0
correct_prediction,,True,2992,0,caption_ocr,0,0,phobert-base,0,42,facebook,test,1
correct_prediction,,False,2792,0,caption_ocr,1,1,phobert-base,1,42,facebook,test,0
false_positive,,True,4507,0,caption_ocr,0,0,phobert-base,1,42,threads,test,0
correct_prediction,,True,2308,0,caption_ocr,1,1,phobert-base,1,42,facebook,test,0
correct_prediction,,True,1248,0,caption_ocr,0,0,phobert-base,0,42,threads,test,0
correct_prediction,,True,6011,0,caption_ocr,1,1,phobert-base,1,42,facebook,test,1
correct_prediction,,True,5925,0,caption_ocr,1,1,phobert-base,1,42,facebook,test,0
correct_prediction,,True,1397,0,caption_ocr,0,0,phobert-base,0,42,threads,test,0
correct_prediction,,False,4052,0,caption_ocr,0,0,phobert-base,0,42,threads,test,0
correct_prediction,,False,665,0,caption_ocr,0,0,phobert-base,0,42,threads,test,0
correct_prediction,,True,462,0,caption_ocr,0,0,phobert-base,0,42,threads,test,0
correct_prediction,,True,2337,1,caption_ocr,1,1,phobert-base,1,42,facebook,test,0
correct_prediction,,True,3260,0,caption_ocr,1,1,phobert-base,1,42,threads,test,0
correct_prediction,,False,5255,0,caption_ocr,0,0,phobert-base,0,42,threads,test,0
false_positive,,False,3503,0,caption_ocr,0,0,phobert-base,1,42,threads,test,0
correct_prediction,,False,2054,0,caption_ocr,1,1,phobert-base,1,42,facebook,test,1
error_001,,False,3209,0,caption_ocr,1,1,phobert-base,0,42,threads,test,0
correct_prediction,,False,3099,0,caption_ocr,0,0,phobert-base,0,42,facebook,test,1
false_positive,,True,7058,0,caption_ocr,0,0,phobert-base,1,42,facebook,test,0
correct_prediction,,True,6116,1,caption_ocr,1,1,phobert-base,1,42,facebook,test,0
correct_prediction,,False,4698,0,caption_ocr,0,0,phobert-base,0,42,threads,test,0
false_positive,,True,1079,0,caption_ocr,0,0,phobert-base,1,42,threads,test,0
correct_prediction,,True,4362,1,caption_ocr,1,1,phobert-base,1,42,threads,test,0
false_positive,,True,2338,1,caption_ocr,0,0,phobert-base,1,42,facebook,test,0
correct_prediction,,True,7314,0,caption_ocr,1,1,phobert-base,1,42,facebook,test,1
correct_prediction,,False,629,0,caption_ocr,0,0,phobert-base,0,42,threads,test,0
error_001,,True,3883,0,caption_ocr,1,1,phobert-base,0,42,threads,test,0
false_positive,,True,5786,0,caption_ocr,0,0,phobert-base,1,42,facebook,test,0
correct_prediction,,False,3119,0,caption_ocr,0,0,phobert-base,0,42,threads,test,0
correct_prediction,,False,5894,0,caption_ocr,1,1,phobert-base,1,42,facebook,test,0
correct_prediction,,True,5084,0,caption_ocr,0,0,phobert-base,0,42,threads,test,0
correct_prediction,,False,5343,0,caption_ocr,0,0,phobert-base,0,42,threads,test,0
correct_prediction,,False,4324,0,caption_ocr,0,0,phobert-base,0,42,threads,test,0
correct_prediction,,True,1216,1,caption_ocr,1,1,phobert-base,1,42,threads,test,0
false_positive,,False,2006,0,caption_ocr,0,0,phobert-base,1,42,facebook,test,0
correct_prediction,,False,228,0,caption_ocr,1,1,phobert-base,1,42,threads,test,1
correct_prediction,,True,5661,0,caption_ocr,0,0,phobert-base,0,42,threads,test,0
false_positive,,True,5640,0,caption_ocr,0,0,phobert-base,1,42,threads,test,0
correct_prediction,,True,5765,0,caption_ocr,1,1,phobert-base,1,42,facebook,test,0
correct_prediction,,True,5803,0,ocr,0,0,phobert-base,0,123,facebook,test,0
correct_prediction,,True,6388,1,ocr,1,1,phobert-base,1,123,facebook,test,0
correct_prediction,,True,5990,0,ocr,0,0,phobert-base,0,123,facebook,test,0
false_positive,,True,1024,0,ocr,0,0,phobert-base,1,123,threads,test,0
correct_prediction,,True,1075,0,ocr,0,0,phobert-base,0,123,threads,test,0
correct_prediction,,True,4170,0,ocr,0,0,phobert-base,0,123,threads,test,0
false_positive,,True,599,0,ocr,0,0,phobert-base,1,123,threads,test,0
correct_prediction,,False,371,0,ocr,0,0,phobert-base,0,123,threads,test,0
correct_prediction,,False,5811,0,ocr,0,0,phobert-base,0,123,facebook,test,0
false_positive,,True,5986,0,ocr,0,0,phobert-base,1,123,facebook,test,0
correct_prediction,,True,6456,1,ocr,1,1,phobert-base,1,123,facebook,test,1
correct_prediction,,True,6826,0,ocr,1,1,phobert-base,1,123,facebook,test,0
correct_prediction,,False,859,0,ocr,0,0,phobert-base,0,123,threads,test,0
error_001,,False,6562,0,ocr,1,1,phobert-base,0,123,facebook,test,0
correct_prediction,,True,2399,1,ocr,1,1,phobert-base,1,123,facebook,test,0
error_001,,False,6505,0,ocr,1,1,phobert-base,0,123,facebook,test,0
error_001,,True,7292,0,ocr,1,1,phobert-base,0,123,facebook,test,0
correct_prediction,,True,6818,1,ocr,1,1,phobert-base,1,123,facebook,test,0
correct_prediction,,False,4909,0,ocr,0,0,phobert-base,0,123,threads,test,0
correct_prediction,,False,4190,0,ocr,0,0,phobert-base,0,123,threads,test,0
false_positive,,True,6100,0,ocr,0,0,phobert-base,1,123,facebook,test,0
correct_prediction,,True,5033,0,ocr,0,0,phobert-base,0,123,threads,test,0
error_001,,True,5608,0,ocr,1,1,phobert-base,0,123,threads,test,0
correct_prediction,,False,4177,0,ocr,0,0,phobert-base,0,123,threads,test,0
correct_prediction,,True,3845,0,ocr,0,0,phobert-base,0,123,threads,test,0
error_001,,False,2129,0,ocr,1,1,phobert-base,0,123,facebook,test,0
correct_prediction,,True,3054,0,ocr,0,0,phobert-base,0,123,facebook,test,0
correct_prediction,,True,3867,0,ocr,0,0,phobert-base,0,123,threads,test,0
correct_prediction,,False,4031,0,ocr,0,0,phobert-base,0,123,threads,test,0
false_positive,,True,1767,1,ocr,0,0,phobert-base,1,123,threads,test,0
correct_prediction,,True,1598,0,ocr,1,1,phobert-base,1,123,threads,test,0
correct_prediction,,False,850,0,ocr,0,0,phobert-base,0,123,threads,test,0
correct_prediction,,True,5978,0,ocr,1,1,phobert-base,1,123,facebook,test,0
correct_prediction,,True,3709,0,ocr,0,0,phobert-base,0,123,threads,test,0
correct_prediction,,True,5963,1,ocr,1,1,phobert-base,1,123,facebook,test,0
correct_prediction,,True,5782,1,ocr,1,1,phobert-base,1,123,facebook,test,0
correct_prediction,,True,4722,0,ocr,0,0,phobert-base,0,123,threads,test,0
correct_prediction,,True,1801,0,ocr,1,1,phobert-base,1,123,threads,test,0
error_001,,False,2768,0,ocr,1,1,phobert-base,0,123,facebook,test,0
error_001,,False,5737,0,ocr,1,1,phobert-base,0,123,facebook,test,0
error_001,,False,1824,0,ocr,1,1,phobert-base,0,123,threads,test,0
error_001,,True,2321,0,ocr,1,1,phobert-base,0,123,facebook,test,0
correct_prediction,,True,6447,1,ocr,1,1,phobert-base,1,123,facebook,test,0
correct_prediction,,True,255,0,ocr,0,0,phobert-base,0,123,threads,test,0
false_positive,,True,1103,0,ocr,0,0,phobert-base,1,123,threads,test,0
error_001,,True,4004,0,ocr,1,1,phobert-base,0,123,threads,test,0
correct_prediction,,False,1591,0,ocr,0,0,phobert-base,0,123,threads,test,0
correct_prediction,,False,2861,0,ocr,0,0,phobert-base,0,123,facebook,test,0
correct_prediction,,True,797,0,ocr,1,1,phobert-base,1,123,threads,test,0
correct_prediction,,True,2913,0,ocr,1,1,phobert-base,1,123,facebook,test,1
correct_prediction,,True,6159,1,ocr,1,1,phobert-base,1,123,facebook,test,0
error_001,,False,7007,0,ocr,1,1,phobert-base,0,123,facebook,test,0
correct_prediction,,True,2333,1,ocr,1,1,phobert-base,1,123,facebook,test,0
false_positive,,True,1448,0,ocr,0,0,phobert-base,1,123,threads,test,1
correct_prediction,,True,993,0,ocr,0,0,phobert-base,0,123,threads,test,0
error_001,,False,1978,0,ocr,1,1,phobert-base,0,123,facebook,test,0
correct_prediction,,False,5035,0,ocr,0,0,phobert-base,0,123,threads,test,0
correct_prediction,,False,4647,0,ocr,0,0,phobert-base,0,123,threads,test,0
correct_prediction,,False,4922,0,ocr,0,0,phobert-base,0,123,threads,test,0
correct_prediction,,False,525,0,ocr,0,0,phobert-base,0,123,threads,test,0
correct_prediction,,True,3878,0,ocr,0,0,phobert-base,0,123,threads,test,0
false_positive,,True,2139,0,ocr,0,0,phobert-base,1,123,facebook,test,0
correct_prediction,,True,314,0,ocr,0,0,phobert-base,0,123,threads,test,0
false_positive,,True,2482,1,ocr,0,0,phobert-base,1,123,facebook,test,0
correct_prediction,,False,5580,0,ocr,0,0,phobert-base,0,123,threads,test,0
correct_prediction,,True,3587,1,ocr,1,1,phobert-base,1,123,threads,test,1
false_positive,,True,196,0,ocr,0,0,phobert-base,1,123,threads,test,0
correct_prediction,,True,6755,1,ocr,1,1,phobert-base,1,123,facebook,test,0
correct_prediction,,True,5335,0,ocr,0,0,phobert-base,0,123,threads,test,0
correct_prediction,,True,592,0,ocr,0,0,phobert-base,0,123,threads,test,0
correct_prediction,,True,6168,0,ocr,0,0,phobert-base,0,123,facebook,test,0
correct_prediction,,False,5293,0,ocr,0,0,phobert-base,0,123,threads,test,0
false_positive,,True,423,0,ocr,0,0,phobert-base,1,123,threads,test,0
correct_prediction,,True,6189,0,ocr,0,0,phobert-base,0,123,facebook,test,0
correct_prediction,,True,1155,0,ocr,0,0,phobert-base,0,123,threads,test,0
correct_prediction,,False,5197,0,ocr,0,0,phobert-base,0,123,threads,test,0
false_positive,,True,464,0,ocr,0,0,phobert-base,1,123,threads,test,0
correct_prediction,,True,6645,1,ocr,1,1,phobert-base,1,123,facebook,test,0
correct_prediction,,False,3992,0,ocr,0,0,phobert-base,0,123,threads,test,0
correct_prediction,,True,2916,0,ocr,1,1,phobert-base,1,123,facebook,test,0
correct_prediction,,True,1234,0,ocr,1,1,phobert-base,1,123,threads,test,1
correct_prediction,,True,6098,0,ocr,1,1,phobert-base,1,123,facebook,test,0
correct_prediction,,False,735,0,ocr,0,0,phobert-base,0,123,threads,test,0
false_positive,,True,134,1,ocr,0,0,phobert-base,1,123,threads,test,0
correct_prediction,,True,793,0,ocr,0,0,phobert-base,0,123,threads,test,0
error_001,,False,4475,0,ocr,1,1,phobert-base,0,123,threads,test,0
correct_prediction,,True,4403,0,ocr,0,0,phobert-base,0,123,threads,test,0
correct_prediction,,True,1657,0,ocr,1,1,phobert-base,1,123,threads,test,1
correct_prediction,,True,533,0,ocr,0,0,phobert-base,0,123,threads,test,1
error_001,,False,6861,0,ocr,1,1,phobert-base,0,123,facebook,test,0
correct_prediction,,True,4136,0,ocr,0,0,phobert-base,0,123,threads,test,0
error_001,,True,6962,0,ocr,1,1,phobert-base,0,123,facebook,test,0
correct_prediction,,True,1716,0,ocr,1,1,phobert-base,1,123,threads,test,0
error_001,,True,6983,0,ocr,1,1,phobert-base,0,123,facebook,test,0
false_positive,,True,3705,0,ocr,0,0,phobert-base,1,123,threads,test,0
correct_prediction,,True,3887,0,ocr,0,0,phobert-base,0,123,threads,test,0
correct_prediction,,True,4269,0,ocr,0,0,phobert-base,0,123,threads,test,0
correct_prediction,,True,860,0,ocr,0,0,phobert-base,0,123,threads,test,0
error_001,,True,2042,0,ocr,1,1,phobert-base,0,123,facebook,test,0
error_001,,True,5835,0,ocr,1,1,phobert-base,0,123,facebook,test,0
correct_prediction,,False,1953,0,ocr,0,0,phobert-base,0,123,facebook,test,0
error_001,,False,6414,0,ocr,1,1,phobert-base,0,123,facebook,test,0
error_001,,False,6537,0,ocr,1,1,phobert-base,0,123,facebook,test,0
correct_prediction,,False,5825,0,ocr,0,0,phobert-base,0,123,facebook,test,0
false_positive,,True,2096,0,ocr,0,0,phobert-base,1,123,facebook,test,1
false_positive,,True,2627,0,ocr,0,0,phobert-base,1,123,facebook,test,0
correct_prediction,,False,2757,0,ocr,0,0,phobert-base,0,123,facebook,test,0
correct_prediction,,True,1684,0,ocr,0,0,phobert-base,0,123,threads,test,0
error_001,,True,2005,0,ocr,1,1,phobert-base,0,123,facebook,test,0
correct_prediction,,True,5014,0,ocr,0,0,phobert-base,0,123,threads,test,0
correct_prediction,,True,4892,0,ocr,0,0,phobert-base,0,123,threads,test,0
correct_prediction,,False,5589,0,ocr,0,0,phobert-base,0,123,threads,test,0
false_positive,,True,2206,0,ocr,0,0,phobert-base,1,123,facebook,test,1
correct_prediction,,False,5202,0,ocr,0,0,phobert-base,0,123,threads,test,0
correct_prediction,,True,1329,0,ocr,0,0,phobert-base,0,123,threads,test,1
correct_prediction,,True,47,0,ocr,1,1,phobert-base,1,123,threads,test,0
error_001,,False,3398,0,ocr,1,1,phobert-base,0,123,threads,test,0
correct_prediction,,False,3695,0,ocr,0,0,phobert-base,0,123,threads,test,0
correct_prediction,,True,3365,0,ocr,0,0,phobert-base,0,123,threads,test,1
correct_prediction,,True,513,0,ocr,0,0,phobert-base,0,123,threads,test,0
correct_prediction,,False,7022,0,ocr,0,0,phobert-base,0,123,facebook,test,0
false_positive,,True,2459,0,ocr,0,0,phobert-base,1,123,facebook,test,0
correct_prediction,,True,1813,0,ocr,1,1,phobert-base,1,123,threads,test,0
correct_prediction,,True,4433,0,ocr,1,1,phobert-base,1,123,threads,test,1
false_positive,,True,1761,0,ocr,0,0,phobert-base,1,123,threads,test,0
correct_prediction,,False,800,0,ocr,0,0,phobert-base,0,123,threads,test,0
correct_prediction,,True,107,0,ocr,0,0,phobert-base,0,123,threads,test,1
correct_prediction,,True,980,0,ocr,0,0,phobert-base,0,123,threads,test,0
correct_prediction,,False,4819,0,ocr,0,0,phobert-base,0,123,threads,test,0
correct_prediction,,True,4321,0,ocr,0,0,phobert-base,0,123,threads,test,0
correct_prediction,,True,2506,1,ocr,1,1,phobert-base,1,123,facebook,test,0
error_001,,True,1126,0,ocr,1,1,phobert-base,0,123,threads,test,0
correct_prediction,,True,1570,0,ocr,0,0,phobert-base,0,123,threads,test,0
false_positive,,True,2368,1,ocr,0,0,phobert-base,1,123,facebook,test,0
correct_prediction,,True,4037,0,ocr,0,0,phobert-base,0,123,threads,test,0
correct_prediction,,True,1863,1,ocr,1,1,phobert-base,1,123,facebook,test,0
correct_prediction,,True,1635,0,ocr,0,0,phobert-base,0,123,threads,test,0
error_001,,False,6894,0,ocr,1,1,phobert-base,0,123,facebook,test,0
correct_prediction,,False,5474,0,ocr,0,0,phobert-base,0,123,threads,test,0
false_positive,,True,1791,0,ocr,0,0,phobert-base,1,123,threads,test,1
correct_prediction,,True,7209,0,ocr,1,1,phobert-base,1,123,facebook,test,0
false_positive,,True,5072,0,ocr,0,0,phobert-base,1,123,threads,test,0
correct_prediction,,True,7123,0,ocr,0,0,phobert-base,0,123,facebook,test,0
false_positive,,True,2233,1,ocr,0,0,phobert-base,1,123,facebook,test,0
error_001,,False,2015,0,ocr,1,1,phobert-base,0,123,facebook,test,0
error_001,,False,6784,0,ocr,1,1,phobert-base,0,123,facebook,test,0
correct_prediction,,True,403,0,ocr,0,0,phobert-base,0,123,threads,test,0
false_positive,,True,6090,0,ocr,0,0,phobert-base,1,123,facebook,test,0
correct_prediction,,False,677,0,ocr,0,0,phobert-base,0,123,threads,test,0
error_001,,True,6493,0,ocr,1,1,phobert-base,0,123,facebook,test,0
correct_prediction,,False,5495,0,ocr,0,0,phobert-base,0,123,threads,test,0
correct_prediction,,True,5802,0,ocr,1,1,phobert-base,1,123,facebook,test,0
correct_prediction,,True,6800,0,ocr,1,1,phobert-base,1,123,facebook,test,0
correct_prediction,,False,3949,0,ocr,0,0,phobert-base,0,123,threads,test,0
error_001,,True,2320,0,ocr,1,1,phobert-base,0,123,facebook,test,0
correct_prediction,,False,3805,0,ocr,0,0,phobert-base,0,123,threads,test,0
correct_prediction,,True,6404,0,ocr,0,0,phobert-base,0,123,facebook,test,0
correct_prediction,,False,4036,0,ocr,0,0,phobert-base,0,123,threads,test,0
correct_prediction,,True,2397,1,ocr,1,1,phobert-base,1,123,facebook,test,0
correct_prediction,,True,3609,0,ocr,0,0,phobert-base,0,123,threads,test,0
correct_prediction,,False,4950,0,ocr,0,0,phobert-base,0,123,threads,test,0
error_001,,False,7228,0,ocr,1,1,phobert-base,0,123,facebook,test,0
correct_prediction,,False,4770,0,ocr,0,0,phobert-base,0,123,threads,test,0
error_001,,True,2744,0,ocr,1,1,phobert-base,0,123,facebook,test,0
correct_prediction,,True,4924,0,ocr,0,0,phobert-base,0,123,threads,test,0
correct_prediction,,True,3104,0,ocr,1,1,phobert-base,1,123,threads,test,1
false_positive,,True,5906,0,ocr,0,0,phobert-base,1,123,facebook,test,0
false_positive,,True,6375,0,ocr,0,0,phobert-base,1,123,facebook,test,0
correct_prediction,,True,2438,0,ocr,1,1,phobert-base,1,123,facebook,test,0
error_001,,False,4611,0,ocr,1,1,phobert-base,0,123,threads,test,0
correct_prediction,,True,3164,0,ocr,1,1,phobert-base,1,123,threads,test,0
correct_prediction,,True,2929,0,ocr,1,1,phobert-base,1,123,facebook,test,0
error_001,,False,6564,0,ocr,1,1,phobert-base,0,123,facebook,test,0
false_positive,,True,3857,0,ocr,0,0,phobert-base,1,123,threads,test,0
false_positive,,True,1054,0,ocr,0,0,phobert-base,1,123,threads,test,0
error_001,,False,6734,0,ocr,1,1,phobert-base,0,123,facebook,test,0
correct_prediction,,True,7011,1,ocr,1,1,phobert-base,1,123,facebook,test,0
correct_prediction,,False,5961,0,ocr,0,0,phobert-base,0,123,facebook,test,0
correct_prediction,,True,2064,0,ocr,0,0,phobert-base,0,123,facebook,test,0
correct_prediction,,False,3666,0,ocr,0,0,phobert-base,0,123,threads,test,0
error_001,,False,1392,0,ocr,1,1,phobert-base,0,123,threads,test,0
correct_prediction,,True,3125,0,ocr,0,0,phobert-base,0,123,threads,test,0
correct_prediction,,True,5288,0,ocr,0,0,phobert-base,0,123,threads,test,0
error_001,,False,591,0,ocr,1,1,phobert-base,0,123,threads,test,0
error_001,,False,6634,0,ocr,1,1,phobert-base,0,123,facebook,test,0
correct_prediction,,True,1280,1,ocr,1,1,phobert-base,1,123,threads,test,0
correct_prediction,,True,430,1,ocr,1,1,phobert-base,1,123,threads,test,0
correct_prediction,,False,889,0,ocr,0,0,phobert-base,0,123,threads,test,0
correct_prediction,,False,5371,0,ocr,0,0,phobert-base,0,123,threads,test,0
correct_prediction,,True,715,0,ocr,0,0,phobert-base,0,123,threads,test,0
false_positive,,True,2463,0,ocr,0,0,phobert-base,1,123,facebook,test,0
error_001,,True,4461,0,ocr,1,1,phobert-base,0,123,threads,test,0
false_positive,,True,4232,0,ocr,0,0,phobert-base,1,123,threads,test,0
error_001,,True,3372,0,ocr,1,1,phobert-base,0,123,threads,test,0
correct_prediction,,False,4881,0,ocr,0,0,phobert-base,0,123,threads,test,0
false_positive,,True,1480,0,ocr,0,0,phobert-base,1,123,threads,test,1
correct_prediction,,True,116,0,ocr,1,1,phobert-base,1,123,threads,test,0
false_positive,,True,6181,0,ocr,0,0,phobert-base,1,123,facebook,test,0
correct_prediction,,False,721,0,ocr,0,0,phobert-base,0,123,threads,test,0
correct_prediction,,False,5590,0,ocr,0,0,phobert-base,0,123,threads,test,0
correct_prediction,,True,5322,0,ocr,1,1,phobert-base,1,123,threads,test,1
correct_prediction,,False,4504,0,ocr,0,0,phobert-base,0,123,threads,test,0
correct_prediction,,False,1121,0,ocr,0,0,phobert-base,0,123,threads,test,0
correct_prediction,,False,5224,0,ocr,0,0,phobert-base,0,123,threads,test,0
correct_prediction,,True,1623,0,ocr,0,0,phobert-base,0,123,threads,test,0
correct_prediction,,False,4503,0,ocr,0,0,phobert-base,0,123,threads,test,0
correct_prediction,,True,188,0,ocr,0,0,phobert-base,0,123,threads,test,1
error_001,,True,276,0,ocr,1,1,phobert-base,0,123,threads,test,0
correct_prediction,,False,4625,0,ocr,0,0,phobert-base,0,123,threads,test,0
correct_prediction,,True,4164,0,ocr,0,0,phobert-base,0,123,threads,test,0
correct_prediction,,True,6329,0,ocr,1,1,phobert-base,1,123,facebook,test,0
correct_prediction,,True,4964,0,ocr,0,0,phobert-base,0,123,threads,test,0
false_positive,,True,4669,0,ocr,0,0,phobert-base,1,123,threads,test,0
correct_prediction,,True,4201,0,ocr,0,0,phobert-base,0,123,threads,test,0
correct_prediction,,True,1714,0,ocr,1,1,phobert-base,1,123,threads,test,0
error_001,,True,209,0,ocr,1,1,phobert-base,0,123,threads,test,0
error_001,,True,4048,0,ocr,1,1,phobert-base,0,123,threads,test,0
correct_prediction,,True,6968,1,ocr,1,1,phobert-base,1,123,facebook,test,0
correct_prediction,,True,2151,1,ocr,1,1,phobert-base,1,123,facebook,test,0
false_positive,,True,5565,0,ocr,0,0,phobert-base,1,123,threads,test,0
error_001,,False,6476,0,ocr,1,1,phobert-base,0,123,facebook,test,0
false_positive,,True,5666,0,ocr,0,0,phobert-base,1,123,threads,test,0
correct_prediction,,False,3827,0,ocr,0,0,phobert-base,0,123,threads,test,0
error_001,,False,1207,0,ocr,1,1,phobert-base,0,123,threads,test,0
false_positive,,True,6735,0,ocr,0,0,phobert-base,1,123,facebook,test,0
false_positive,,True,932,0,ocr,0,0,phobert-base,1,123,threads,test,0
false_positive,,True,235,0,ocr,0,0,phobert-base,1,123,threads,test,0
correct_prediction,,False,593,0,ocr,0,0,phobert-base,0,123,threads,test,0
false_positive,,True,2166,0,ocr,0,0,phobert-base,1,123,facebook,test,0
false_positive,,True,6353,0,ocr,0,0,phobert-base,1,123,facebook,test,0
correct_prediction,,True,137,0,ocr,0,0,phobert-base,0,123,threads,test,0
correct_prediction,,False,4545,0,ocr,0,0,phobert-base,0,123,threads,test,0
correct_prediction,,False,4901,0,ocr,0,0,phobert-base,0,123,threads,test,0
false_positive,,True,333,0,ocr,0,0,phobert-base,1,123,threads,test,0
correct_prediction,,False,4040,0,ocr,0,0,phobert-base,0,123,threads,test,0
false_positive,,True,289,0,ocr,0,0,phobert-base,1,123,threads,test,0
correct_prediction,,True,361,0,ocr,0,0,phobert-base,0,123,threads,test,0
false_positive,,True,2216,0,ocr,0,0,phobert-base,1,123,facebook,test,0
correct_prediction,,True,2356,1,ocr,1,1,phobert-base,1,123,facebook,test,0
correct_prediction,,True,1686,0,ocr,0,0,phobert-base,0,123,threads,test,0
error_001,,False,6644,0,ocr,1,1,phobert-base,0,123,facebook,test,0
correct_prediction,,True,2715,0,ocr,0,0,phobert-base,0,123,facebook,test,0
correct_prediction,,True,3510,0,ocr,0,0,phobert-base,0,123,threads,test,0
error_001,,True,5575,0,ocr,1,1,phobert-base,0,123,threads,test,0
correct_prediction,,True,548,0,ocr,0,0,phobert-base,0,123,threads,test,0
correct_prediction,,True,427,0,ocr,0,0,phobert-base,0,123,threads,test,0
false_positive,,True,5880,0,ocr,0,0,phobert-base,1,123,facebook,test,0
correct_prediction,,False,4651,0,ocr,0,0,phobert-base,0,123,threads,test,0
correct_prediction,,True,3635,0,ocr,0,0,phobert-base,0,123,threads,test,0
correct_prediction,,True,1325,1,ocr,1,1,phobert-base,1,123,threads,test,0
correct_prediction,,False,4510,0,ocr,0,0,phobert-base,0,123,threads,test,0
correct_prediction,,True,5245,0,ocr,0,0,phobert-base,0,123,threads,test,0
error_001,,False,2629,0,ocr,1,1,phobert-base,0,123,facebook,test,0
correct_prediction,,True,5061,0,ocr,0,0,phobert-base,0,123,threads,test,0
correct_prediction,,True,2280,1,ocr,1,1,phobert-base,1,123,facebook,test,0
false_positive,,True,3850,0,ocr,0,0,phobert-base,1,123,threads,test,0
correct_prediction,,False,3533,0,ocr,0,0,phobert-base,0,123,threads,test,0
false_positive,,True,7009,0,ocr,0,0,phobert-base,1,123,facebook,test,0
correct_prediction,,True,5548,0,ocr,0,0,phobert-base,0,123,threads,test,0
false_positive,,True,2215,0,ocr,0,0,phobert-base,1,123,facebook,test,0
correct_prediction,,True,2229,0,ocr,0,0,phobert-base,0,123,facebook,test,0
correct_prediction,,True,2947,0,ocr,1,1,phobert-base,1,123,facebook,test,0
correct_prediction,,True,4088,0,ocr,0,0,phobert-base,0,123,threads,test,0
correct_prediction,,False,1574,0,ocr,0,0,phobert-base,0,123,threads,test,0
error_001,,False,2713,0,ocr,1,1,phobert-base,0,123,facebook,test,0
false_positive,,True,3881,0,ocr,0,0,phobert-base,1,123,threads,test,0
correct_prediction,,True,1734,0,ocr,0,0,phobert-base,0,123,threads,test,0
false_positive,,True,6961,0,ocr,0,0,phobert-base,1,123,facebook,test,0
correct_prediction,,True,4575,0,ocr,0,0,phobert-base,0,123,threads,test,0
correct_prediction,,True,1417,0,ocr,0,0,phobert-base,0,123,threads,test,0
false_positive,,True,3267,0,ocr,0,0,phobert-base,1,123,threads,test,0
correct_prediction,,False,1298,0,ocr,0,0,phobert-base,0,123,threads,test,0
correct_prediction,,True,7214,0,ocr,1,1,phobert-base,1,123,facebook,test,0
correct_prediction,,False,5140,0,ocr,0,0,phobert-base,0,123,threads,test,0
correct_prediction,,True,7215,0,ocr,0,0,phobert-base,0,123,facebook,test,0
error_001,,True,619,0,ocr,1,1,phobert-base,0,123,threads,test,0
correct_prediction,,True,2544,1,ocr,1,1,phobert-base,1,123,facebook,test,0
correct_prediction,,True,2894,0,ocr,1,1,phobert-base,1,123,facebook,test,0
false_positive,,True,668,0,ocr,0,0,phobert-base,1,123,threads,test,0
correct_prediction,,True,308,0,ocr,1,1,phobert-base,1,123,threads,test,0
correct_prediction,,True,2727,1,ocr,1,1,phobert-base,1,123,facebook,test,0
correct_prediction,,False,1107,0,ocr,0,0,phobert-base,0,123,threads,test,1
correct_prediction,,False,834,0,ocr,0,0,phobert-base,0,123,threads,test,0
correct_prediction,,True,30,0,ocr,0,0,phobert-base,0,123,threads,test,0
false_positive,,True,2564,0,ocr,0,0,phobert-base,1,123,facebook,test,0
correct_prediction,,False,3673,0,ocr,0,0,phobert-base,0,123,threads,test,0
correct_prediction,,True,2048,0,ocr,0,0,phobert-base,0,123,facebook,test,0
correct_prediction,,True,2303,0,ocr,0,0,phobert-base,0,123,facebook,test,0
correct_prediction,,True,4498,0,ocr,0,0,phobert-base,0,123,threads,test,0
error_001,,False,5995,0,ocr,1,1,phobert-base,0,123,facebook,test,0
correct_prediction,,True,1464,0,ocr,0,0,phobert-base,0,123,threads,test,0
correct_prediction,,True,147,0,ocr,0,0,phobert-base,0,123,threads,test,0
correct_prediction,,True,6310,1,ocr,1,1,phobert-base,1,123,facebook,test,0
error_001,,True,7328,0,ocr,1,1,phobert-base,0,123,facebook,test,0
correct_prediction,,False,2818,0,ocr,0,0,phobert-base,0,123,facebook,test,0
false_positive,,True,5703,0,ocr,0,0,phobert-base,1,123,facebook,test,0
correct_prediction,,False,817,0,ocr,0,0,phobert-base,0,123,threads,test,0
correct_prediction,,False,3622,0,ocr,0,0,phobert-base,0,123,threads,test,0
correct_prediction,,False,5024,0,ocr,0,0,phobert-base,0,123,threads,test,0
error_001,,False,2203,0,ocr,1,1,phobert-base,0,123,facebook,test,0
error_001,,False,6536,0,ocr,1,1,phobert-base,0,123,facebook,test,0
correct_prediction,,False,204,0,ocr,0,0,phobert-base,0,123,threads,test,1
error_001,,True,491,0,ocr,1,1,phobert-base,0,123,threads,test,0
correct_prediction,,False,1960,0,ocr,0,0,phobert-base,0,123,facebook,test,0
correct_prediction,,False,718,0,ocr,0,0,phobert-base,0,123,threads,test,0
false_positive,,True,6394,0,ocr,0,0,phobert-base,1,123,facebook,test,0
error_001,,False,53,0,ocr,1,1,phobert-base,0,123,threads,test,0
correct_prediction,,False,2787,0,ocr,0,0,phobert-base,0,123,facebook,test,0
false_positive,,True,5089,0,ocr,0,0,phobert-base,1,123,threads,test,0
correct_prediction,,True,1789,0,ocr,0,0,phobert-base,0,123,threads,test,1
error_001,,False,6978,0,ocr,1,1,phobert-base,0,123,facebook,test,0
error_001,,True,6577,0,ocr,1,1,phobert-base,0,123,facebook,test,0
correct_prediction,,True,3769,0,ocr,0,0,phobert-base,0,123,threads,test,0
correct_prediction,,False,335,0,ocr,0,0,phobert-base,0,123,threads,test,0
correct_prediction,,True,5219,0,ocr,0,0,phobert-base,0,123,threads,test,0
false_positive,,True,7086,0,ocr,0,0,phobert-base,1,123,facebook,test,0
error_001,,True,3896,0,ocr,1,1,phobert-base,0,123,threads,test,0
false_positive,,True,2590,0,ocr,0,0,phobert-base,1,123,facebook,test,0
false_positive,,True,7049,0,ocr,0,0,phobert-base,1,123,facebook,test,0
error_001,,False,2805,0,ocr,1,1,phobert-base,0,123,facebook,test,0
correct_prediction,,True,3496,0,ocr,0,0,phobert-base,0,123,threads,test,0
correct_prediction,,True,2367,1,ocr,1,1,phobert-base,1,123,facebook,test,0
error_001,,True,3746,0,ocr,1,1,phobert-base,0,123,threads,test,0
correct_prediction,,True,6337,0,ocr,0,0,phobert-base,0,123,facebook,test,0
error_001,,True,4887,0,ocr,1,1,phobert-base,0,123,threads,test,0
correct_prediction,,True,2585,1,ocr,1,1,phobert-base,1,123,facebook,test,0
correct_prediction,,True,2288,1,ocr,1,1,phobert-base,1,123,facebook,test,0
correct_prediction,,True,2134,0,ocr,0,0,phobert-base,0,123,facebook,test,0
correct_prediction,,False,3685,0,ocr,0,0,phobert-base,0,123,threads,test,0
error_001,,False,5736,0,ocr,1,1,phobert-base,0,123,facebook,test,0
correct_prediction,,True,3225,0,ocr,0,0,phobert-base,0,123,threads,test,0
correct_prediction,,True,5074,0,ocr,0,0,phobert-base,0,123,threads,test,0
correct_prediction,,True,3866,0,ocr,0,0,phobert-base,0,123,threads,test,0
correct_prediction,,True,2695,0,ocr,1,1,phobert-base,1,123,facebook,test,1
false_positive,,True,3968,0,ocr,0,0,phobert-base,1,123,threads,test,0
correct_prediction,,False,4720,0,ocr,0,0,phobert-base,0,123,threads,test,0
correct_prediction,,False,3713,0,ocr,0,0,phobert-base,0,123,threads,test,0
correct_prediction,,False,1809,0,ocr,0,0,phobert-base,0,123,threads,test,0
correct_prediction,,True,3678,0,ocr,0,0,phobert-base,0,123,threads,test,0
correct_prediction,,True,7289,1,ocr,1,1,phobert-base,1,123,facebook,test,0
correct_prediction,,False,1974,0,ocr,0,0,phobert-base,0,123,facebook,test,0
correct_prediction,,False,4805,0,ocr,0,0,phobert-base,0,123,threads,test,0
correct_prediction,,True,3940,0,ocr,1,1,phobert-base,1,123,threads,test,1
correct_prediction,,True,4026,0,ocr,0,0,phobert-base,0,123,threads,test,1
correct_prediction,,True,557,0,ocr,0,0,phobert-base,0,123,threads,test,0
correct_prediction,,True,7287,0,ocr,1,1,phobert-base,1,123,facebook,test,1
correct_prediction,,True,2187,0,ocr,1,1,phobert-base,1,123,facebook,test,0
error_001,,True,1647,0,ocr,1,1,phobert-base,0,123,threads,test,0
error_001,,True,6436,0,ocr,1,1,phobert-base,0,123,facebook,test,0
correct_prediction,,True,4220,0,ocr,0,0,phobert-base,0,123,threads,test,0
correct_prediction,,False,138,0,ocr,0,0,phobert-base,0,123,threads,test,0
correct_prediction,,True,2639,0,ocr,1,1,phobert-base,1,123,facebook,test,0
correct_prediction,,False,4705,0,ocr,0,0,phobert-base,0,123,threads,test,0
correct_prediction,,True,3475,0,ocr,0,0,phobert-base,0,123,threads,test,0
correct_prediction,,True,1056,0,ocr,0,0,phobert-base,0,123,threads,test,0
error_001,,True,1453,0,ocr,1,1,phobert-base,0,123,threads,test,0
correct_prediction,,True,5220,0,ocr,1,1,phobert-base,1,123,threads,test,0
error_001,,False,6847,0,ocr,1,1,phobert-base,0,123,facebook,test,0
correct_prediction,,False,3219,0,ocr,0,0,phobert-base,0,123,threads,test,0
correct_prediction,,True,1040,0,ocr,0,0,phobert-base,0,123,threads,test,0
correct_prediction,,True,1703,1,ocr,1,1,phobert-base,1,123,threads,test,1
correct_prediction,,True,1271,0,ocr,0,0,phobert-base,0,123,threads,test,0
correct_prediction,,True,2870,0,ocr,1,1,phobert-base,1,123,facebook,test,1
correct_prediction,,True,4764,0,ocr,0,0,phobert-base,0,123,threads,test,0
correct_prediction,,True,5650,0,ocr,1,1,phobert-base,1,123,threads,test,1
correct_prediction,,False,4635,0,ocr,0,0,phobert-base,0,123,threads,test,0
correct_prediction,,True,4713,0,ocr,0,0,phobert-base,0,123,threads,test,0
correct_prediction,,True,4718,0,ocr,0,0,phobert-base,0,123,threads,test,0
correct_prediction,,True,5865,1,ocr,1,1,phobert-base,1,123,facebook,test,0
correct_prediction,,False,5047,0,ocr,0,0,phobert-base,0,123,threads,test,0
correct_prediction,,True,2358,0,ocr,1,1,phobert-base,1,123,facebook,test,0
false_positive,,True,2093,0,ocr,0,0,phobert-base,1,123,facebook,test,0
correct_prediction,,False,5077,0,ocr,0,0,phobert-base,0,123,threads,test,0
error_001,,False,3731,0,ocr,1,1,phobert-base,0,123,threads,test,0
correct_prediction,,True,1660,0,ocr,1,1,phobert-base,1,123,threads,test,1
correct_prediction,,False,3788,0,ocr,0,0,phobert-base,0,123,threads,test,0
correct_prediction,,True,4435,0,ocr,0,0,phobert-base,0,123,threads,test,0
false_positive,,True,3079,0,ocr,0,0,phobert-base,1,123,facebook,test,0
correct_prediction,,True,5515,0,ocr,0,0,phobert-base,0,123,threads,test,0
correct_prediction,,True,5562,0,ocr,0,0,phobert-base,0,123,threads,test,0
correct_prediction,,True,7331,0,ocr,0,0,phobert-base,0,123,facebook,test,0
error_001,,False,6680,0,ocr,1,1,phobert-base,0,123,facebook,test,0
error_001,,False,7141,0,ocr,1,1,phobert-base,0,123,facebook,test,0
false_positive,,True,7295,0,ocr,0,0,phobert-base,1,123,facebook,test,0
false_positive,,True,7100,0,ocr,0,0,phobert-base,1,123,facebook,test,0
correct_prediction,,True,902,0,ocr,1,1,phobert-base,1,123,threads,test,1
correct_prediction,,True,4456,0,ocr,0,0,phobert-base,0,123,threads,test,0
correct_prediction,,False,1369,0,ocr,0,0,phobert-base,0,123,threads,test,0
correct_prediction,,True,3015,0,ocr,0,0,phobert-base,0,123,facebook,test,1
correct_prediction,,True,5378,0,ocr,0,0,phobert-base,0,123,threads,test,0
correct_prediction,,True,2763,0,ocr,0,0,phobert-base,0,123,facebook,test,0
correct_prediction,,False,6360,0,ocr,0,0,phobert-base,0,123,facebook,test,0
correct_prediction,,True,3117,0,ocr,0,0,phobert-base,0,123,threads,test,0
error_001,,True,6106,0,ocr,1,1,phobert-base,0,123,facebook,test,0
correct_prediction,,True,2521,0,ocr,1,1,phobert-base,1,123,facebook,test,0
correct_prediction,,True,990,0,ocr,0,0,phobert-base,0,123,threads,test,0
correct_prediction,,False,1503,0,ocr,0,0,phobert-base,0,123,threads,test,0
correct_prediction,,True,1490,0,ocr,0,0,phobert-base,0,123,threads,test,0
correct_prediction,,False,3623,0,ocr,0,0,phobert-base,0,123,threads,test,0
correct_prediction,,True,987,1,ocr,1,1,phobert-base,1,123,threads,test,1
correct_prediction,,True,4401,0,ocr,0,0,phobert-base,0,123,threads,test,0
error_001,,False,6855,0,ocr,1,1,phobert-base,0,123,facebook,test,0
false_positive,,True,6049,0,ocr,0,0,phobert-base,1,123,facebook,test,0
correct_prediction,,False,812,0,ocr,0,0,phobert-base,0,123,threads,test,0
correct_prediction,,False,4267,0,ocr,0,0,phobert-base,0,123,threads,test,0
correct_prediction,,True,4197,0,ocr,0,0,phobert-base,0,123,threads,test,1
false_positive,,True,2296,0,ocr,0,0,phobert-base,1,123,facebook,test,0
correct_prediction,,True,6594,0,ocr,1,1,phobert-base,1,123,facebook,test,0
correct_prediction,,True,6977,1,ocr,1,1,phobert-base,1,123,facebook,test,0
correct_prediction,,True,5139,0,ocr,0,0,phobert-base,0,123,threads,test,0
correct_prediction,,True,3289,0,ocr,0,0,phobert-base,0,123,threads,test,0
error_001,,True,1624,0,ocr,1,1,phobert-base,0,123,threads,test,0
correct_prediction,,False,3952,0,ocr,0,0,phobert-base,0,123,threads,test,1
correct_prediction,,True,6060,0,ocr,0,0,phobert-base,0,123,facebook,test,0
error_001,,False,3824,0,ocr,1,1,phobert-base,0,123,threads,test,0
correct_prediction,,True,5482,0,ocr,0,0,phobert-base,0,123,threads,test,0
correct_prediction,,False,5568,0,ocr,0,0,phobert-base,0,123,threads,test,0
false_positive,,True,3913,0,ocr,0,0,phobert-base,1,123,threads,test,0
correct_prediction,,True,7004,0,ocr,1,1,phobert-base,1,123,facebook,test,0
correct_prediction,,False,4871,0,ocr,0,0,phobert-base,0,123,threads,test,0
false_positive,,True,3960,0,ocr,0,0,phobert-base,1,123,threads,test,0
error_001,,False,4500,0,ocr,1,1,phobert-base,0,123,threads,test,0
correct_prediction,,True,1688,0,ocr,0,0,phobert-base,0,123,threads,test,0
error_001,,False,7092,0,ocr,1,1,phobert-base,0,123,facebook,test,0
correct_prediction,,True,3491,0,ocr,0,0,phobert-base,0,123,threads,test,0
correct_prediction,,False,5564,0,ocr,0,0,phobert-base,0,123,threads,test,0
false_positive,,True,7220,1,ocr,0,0,phobert-base,1,123,facebook,test,0
correct_prediction,,True,6151,0,ocr,0,0,phobert-base,0,123,facebook,test,0
correct_prediction,,True,2470,1,ocr,1,1,phobert-base,1,123,facebook,test,0
correct_prediction,,True,1964,0,ocr,0,0,phobert-base,0,123,facebook,test,0
correct_prediction,,True,2382,1,ocr,1,1,phobert-base,1,123,facebook,test,0
false_positive,,True,4272,0,ocr,0,0,phobert-base,1,123,threads,test,0
error_001,,False,1867,0,ocr,1,1,phobert-base,0,123,facebook,test,0
correct_prediction,,True,5421,0,ocr,0,0,phobert-base,0,123,threads,test,0
correct_prediction,,True,4755,0,ocr,0,0,phobert-base,0,123,threads,test,0
correct_prediction,,False,826,0,ocr,0,0,phobert-base,0,123,threads,test,1
correct_prediction,,True,3167,0,ocr,0,0,phobert-base,0,123,threads,test,0
error_001,,False,1463,0,ocr,1,1,phobert-base,0,123,threads,test,0
error_001,,False,6823,0,ocr,1,1,phobert-base,0,123,facebook,test,0
error_001,,True,4355,0,ocr,1,1,phobert-base,0,123,threads,test,0
error_001,,True,1906,0,ocr,1,1,phobert-base,0,123,facebook,test,0
correct_prediction,,True,4344,0,ocr,0,0,phobert-base,0,123,threads,test,0
correct_prediction,,True,5788,0,ocr,1,1,phobert-base,1,123,facebook,test,0
correct_prediction,,True,3159,0,ocr,0,0,phobert-base,0,123,threads,test,0
false_positive,,True,4902,0,ocr,0,0,phobert-base,1,123,threads,test,0
correct_prediction,,True,144,0,ocr,1,1,phobert-base,1,123,threads,test,1
false_positive,,True,6761,0,ocr,0,0,phobert-base,1,123,facebook,test,1
false_positive,,True,805,0,ocr,0,0,phobert-base,1,123,threads,test,0
correct_prediction,,True,7186,0,ocr,1,1,phobert-base,1,123,facebook,test,0
false_positive,,True,3182,0,ocr,0,0,phobert-base,1,123,threads,test,0
correct_prediction,,False,4092,0,ocr,0,0,phobert-base,0,123,threads,test,0
correct_prediction,,False,5450,0,ocr,0,0,phobert-base,0,123,threads,test,0
correct_prediction,,False,3378,0,ocr,0,0,phobert-base,0,123,threads,test,0
error_001,,False,6551,0,ocr,1,1,phobert-base,0,123,facebook,test,0
error_001,,True,3487,0,ocr,1,1,phobert-base,0,123,threads,test,0
error_001,,True,2049,0,ocr,1,1,phobert-base,0,123,facebook,test,0
correct_prediction,,True,3667,0,ocr,0,0,phobert-base,0,123,threads,test,0
false_positive,,True,3969,0,ocr,0,0,phobert-base,1,123,threads,test,0
correct_prediction,,True,478,0,ocr,0,0,phobert-base,0,123,threads,test,1
false_positive,,True,5816,0,ocr,0,0,phobert-base,1,123,facebook,test,0
false_positive,,True,1043,0,ocr,0,0,phobert-base,1,123,threads,test,0
correct_prediction,,True,6451,1,ocr,1,1,phobert-base,1,123,facebook,test,0
false_positive,,True,2990,0,ocr,0,0,phobert-base,1,123,facebook,test,0
correct_prediction,,False,5193,0,ocr,0,0,phobert-base,0,123,threads,test,0
correct_prediction,,True,7159,0,ocr,0,0,phobert-base,0,123,facebook,test,0
correct_prediction,,True,6556,0,ocr,0,0,phobert-base,0,123,facebook,test,0
correct_prediction,,False,4752,0,ocr,0,0,phobert-base,0,123,threads,test,0
correct_prediction,,True,7277,1,ocr,1,1,phobert-base,1,123,facebook,test,0
error_001,,False,6960,0,ocr,1,1,phobert-base,0,123,facebook,test,0
correct_prediction,,False,4514,0,ocr,0,0,phobert-base,0,123,threads,test,0
correct_prediction,,False,5281,0,ocr,0,0,phobert-base,0,123,threads,test,0
correct_prediction,,False,555,0,ocr,0,0,phobert-base,0,123,threads,test,0
correct_prediction,,True,7074,1,ocr,1,1,phobert-base,1,123,facebook,test,0
correct_prediction,,False,4038,0,ocr,0,0,phobert-base,0,123,threads,test,0
error_001,,False,5054,0,ocr,1,1,phobert-base,0,123,threads,test,0
false_positive,,True,6051,0,ocr,0,0,phobert-base,1,123,facebook,test,0
correct_prediction,,True,6443,0,ocr,0,0,phobert-base,0,123,facebook,test,0
correct_prediction,,True,6603,1,ocr,1,1,phobert-base,1,123,facebook,test,0
error_001,,False,5760,0,ocr,1,1,phobert-base,0,123,facebook,test,0
correct_prediction,,True,2538,1,ocr,1,1,phobert-base,1,123,facebook,test,0
false_positive,,True,3665,0,ocr,0,0,phobert-base,1,123,threads,test,0
correct_prediction,,False,4427,0,ocr,0,0,phobert-base,0,123,threads,test,0
error_001,,False,1432,0,ocr,1,1,phobert-base,0,123,threads,test,0
correct_prediction,,False,127,0,ocr,0,0,phobert-base,0,123,threads,test,0
correct_prediction,,True,2469,1,ocr,1,1,phobert-base,1,123,facebook,test,0
false_positive,,True,4199,0,ocr,0,0,phobert-base,1,123,threads,test,0
correct_prediction,,True,6899,1,ocr,1,1,phobert-base,1,123,facebook,test,0
false_positive,,True,523,0,ocr,0,0,phobert-base,1,123,threads,test,0
false_positive,,True,4642,0,ocr,0,0,phobert-base,1,123,threads,test,0
false_positive,,True,3187,0,ocr,0,0,phobert-base,1,123,threads,test,0
correct_prediction,,True,1354,0,ocr,0,0,phobert-base,0,123,threads,test,0
false_positive,,True,383,1,ocr,0,0,phobert-base,1,123,threads,test,0
false_positive,,True,313,0,ocr,0,0,phobert-base,1,123,threads,test,0
error_001,,False,6790,0,ocr,1,1,phobert-base,0,123,facebook,test,0
correct_prediction,,True,5964,0,ocr,0,0,phobert-base,0,123,facebook,test,0
error_001,,True,2999,0,ocr,1,1,phobert-base,0,123,facebook,test,0
error_001,,False,4614,0,ocr,1,1,phobert-base,0,123,threads,test,0
correct_prediction,,False,4360,0,ocr,0,0,phobert-base,0,123,threads,test,0
correct_prediction,,False,3994,0,ocr,0,0,phobert-base,0,123,threads,test,0
error_001,,True,7254,0,ocr,1,1,phobert-base,0,123,facebook,test,0
error_001,,False,3513,0,ocr,1,1,phobert-base,0,123,threads,test,0
error_001,,False,1479,0,ocr,1,1,phobert-base,0,123,threads,test,0
correct_prediction,,False,4739,0,ocr,0,0,phobert-base,0,123,threads,test,0
error_001,,True,1802,0,ocr,1,1,phobert-base,0,123,threads,test,0
correct_prediction,,False,796,0,ocr,0,0,phobert-base,0,123,threads,test,0
correct_prediction,,False,6155,0,ocr,0,0,phobert-base,0,123,facebook,test,0
correct_prediction,,True,1808,0,ocr,0,0,phobert-base,0,123,threads,test,0
false_positive,,True,7291,0,ocr,0,0,phobert-base,1,123,facebook,test,0
false_positive,,True,6086,0,ocr,0,0,phobert-base,1,123,facebook,test,0
error_001,,False,521,0,ocr,1,1,phobert-base,0,123,threads,test,0
correct_prediction,,True,4451,0,ocr,0,0,phobert-base,0,123,threads,test,0
correct_prediction,,True,6044,1,ocr,1,1,phobert-base,1,123,facebook,test,0
correct_prediction,,True,644,0,ocr,0,0,phobert-base,0,123,threads,test,0
false_positive,,True,4463,0,ocr,0,0,phobert-base,1,123,threads,test,0
correct_prediction,,True,3956,0,ocr,0,0,phobert-base,0,123,threads,test,0
correct_prediction,,True,1778,0,ocr,0,0,phobert-base,0,123,threads,test,0
false_positive,,True,6217,0,ocr,0,0,phobert-base,1,123,facebook,test,0
correct_prediction,,True,2426,1,ocr,1,1,phobert-base,1,123,facebook,test,0
correct_prediction,,True,3497,0,ocr,0,0,phobert-base,0,123,threads,test,1
correct_prediction,,True,2376,1,ocr,1,1,phobert-base,1,123,facebook,test,0
error_001,,False,2057,0,ocr,1,1,phobert-base,0,123,facebook,test,0
error_001,,False,2567,0,ocr,1,1,phobert-base,0,123,facebook,test,0
error_001,,True,6517,0,ocr,1,1,phobert-base,0,123,facebook,test,0
correct_prediction,,True,2622,0,ocr,1,1,phobert-base,1,123,facebook,test,0
correct_prediction,,False,5824,0,ocr,0,0,phobert-base,0,123,facebook,test,0
error_001,,False,7239,0,ocr,1,1,phobert-base,0,123,facebook,test,0
false_positive,,True,4034,0,ocr,0,0,phobert-base,1,123,threads,test,0
error_001,,False,892,0,ocr,1,1,phobert-base,0,123,threads,test,0
error_001,,True,502,0,ocr,1,1,phobert-base,0,123,threads,test,0
correct_prediction,,True,297,0,ocr,1,1,phobert-base,1,123,threads,test,0
error_001,,True,258,0,ocr,1,1,phobert-base,0,123,threads,test,0
correct_prediction,,False,4889,0,ocr,0,0,phobert-base,0,123,threads,test,0
correct_prediction,,True,3930,0,ocr,0,0,phobert-base,0,123,threads,test,0
correct_prediction,,True,5728,0,ocr,1,1,phobert-base,1,123,facebook,test,0
correct_prediction,,True,4595,0,ocr,1,1,phobert-base,1,123,threads,test,1
error_001,,True,4675,0,ocr,1,1,phobert-base,0,123,threads,test,0
false_positive,,True,6359,0,ocr,0,0,phobert-base,1,123,facebook,test,0
correct_prediction,,True,4492,0,ocr,0,0,phobert-base,0,123,threads,test,0
correct_prediction,,False,5272,0,ocr,0,0,phobert-base,0,123,threads,test,0
error_001,,False,6574,0,ocr,1,1,phobert-base,0,123,facebook,test,0
error_001,,False,6427,0,ocr,1,1,phobert-base,0,123,facebook,test,0
correct_prediction,,True,2327,0,ocr,0,0,phobert-base,0,123,facebook,test,0
correct_prediction,,False,5249,0,ocr,0,0,phobert-base,0,123,threads,test,0
correct_prediction,,False,5361,0,ocr,0,0,phobert-base,0,123,threads,test,0
correct_prediction,,True,2952,0,ocr,1,1,phobert-base,1,123,facebook,test,1
error_001,,False,2053,0,ocr,1,1,phobert-base,0,123,facebook,test,0
correct_prediction,,False,1020,0,ocr,0,0,phobert-base,0,123,threads,test,0
correct_prediction,,True,1604,0,ocr,0,0,phobert-base,0,123,threads,test,0
correct_prediction,,True,2832,0,ocr,0,0,phobert-base,0,123,facebook,test,1
correct_prediction,,True,5579,0,ocr,0,0,phobert-base,0,123,threads,test,0
correct_prediction,,False,1977,0,ocr,0,0,phobert-base,0,123,facebook,test,0
correct_prediction,,True,221,0,ocr,1,1,phobert-base,1,123,threads,test,1
correct_prediction,,True,4790,0,ocr,0,0,phobert-base,0,123,threads,test,0
error_001,,True,2839,0,ocr,1,1,phobert-base,0,123,facebook,test,0
correct_prediction,,False,4604,0,ocr,0,0,phobert-base,0,123,threads,test,0
correct_prediction,,True,490,0,ocr,0,0,phobert-base,0,123,threads,test,0
correct_prediction,,False,4900,0,ocr,0,0,phobert-base,0,123,threads,test,0
correct_prediction,,False,1206,0,ocr,0,0,phobert-base,0,123,threads,test,0
error_001,,False,6919,0,ocr,1,1,phobert-base,0,123,facebook,test,0
correct_prediction,,False,5013,0,ocr,0,0,phobert-base,0,123,threads,test,0
false_positive,,True,7127,0,ocr,0,0,phobert-base,1,123,facebook,test,0
correct_prediction,,True,5130,0,ocr,0,0,phobert-base,0,123,threads,test,0
correct_prediction,,True,6450,0,ocr,0,0,phobert-base,0,123,facebook,test,0
correct_prediction,,True,3230,0,ocr,0,0,phobert-base,0,123,threads,test,0
correct_prediction,,True,4827,0,ocr,0,0,phobert-base,0,123,threads,test,0
correct_prediction,,True,2434,1,ocr,1,1,phobert-base,1,123,facebook,test,0
correct_prediction,,True,1022,0,ocr,0,0,phobert-base,0,123,threads,test,0
correct_prediction,,False,5302,0,ocr,0,0,phobert-base,0,123,threads,test,0
correct_prediction,,True,3645,0,ocr,0,0,phobert-base,0,123,threads,test,0
correct_prediction,,True,1037,0,ocr,0,0,phobert-base,0,123,threads,test,1
error_001,,True,6000,0,ocr,1,1,phobert-base,0,123,facebook,test,0
correct_prediction,,True,3179,0,ocr,0,0,phobert-base,0,123,threads,test,0
correct_prediction,,True,4101,1,ocr,1,1,phobert-base,1,123,threads,test,0
error_001,,True,618,0,ocr,1,1,phobert-base,0,123,threads,test,0
correct_prediction,,True,1671,0,ocr,1,1,phobert-base,1,123,threads,test,1
correct_prediction,,True,4369,0,ocr,0,0,phobert-base,0,123,threads,test,0
correct_prediction,,True,2428,0,ocr,0,0,phobert-base,0,123,facebook,test,0
correct_prediction,,True,4304,0,ocr,0,0,phobert-base,0,123,threads,test,0
error_001,,True,2113,0,ocr,1,1,phobert-base,0,123,facebook,test,0
error_001,,False,5930,0,ocr,1,1,phobert-base,0,123,facebook,test,0
correct_prediction,,False,5205,0,ocr,0,0,phobert-base,0,123,threads,test,0
correct_prediction,,False,743,0,ocr,0,0,phobert-base,0,123,threads,test,0
correct_prediction,,True,2558,1,ocr,1,1,phobert-base,1,123,facebook,test,0
correct_prediction,,False,426,0,ocr,0,0,phobert-base,0,123,threads,test,0
error_001,,True,7221,0,ocr,1,1,phobert-base,0,123,facebook,test,0
correct_prediction,,True,1653,0,ocr,1,1,phobert-base,1,123,threads,test,1
correct_prediction,,True,4744,0,ocr,0,0,phobert-base,0,123,threads,test,0
correct_prediction,,True,7014,1,ocr,1,1,phobert-base,1,123,facebook,test,0
correct_prediction,,True,7135,1,ocr,1,1,phobert-base,1,123,facebook,test,0
correct_prediction,,True,6677,0,ocr,1,1,phobert-base,1,123,facebook,test,0
correct_prediction,,False,5282,0,ocr,0,0,phobert-base,0,123,threads,test,0
correct_prediction,,True,6037,1,ocr,1,1,phobert-base,1,123,facebook,test,0
correct_prediction,,True,4241,0,ocr,0,0,phobert-base,0,123,threads,test,0
correct_prediction,,False,16,0,ocr,0,0,phobert-base,0,123,threads,test,0
correct_prediction,,True,26,0,ocr,1,1,phobert-base,1,123,threads,test,1
false_positive,,True,256,0,ocr,0,0,phobert-base,1,123,threads,test,1
false_positive,,True,6856,1,ocr,0,0,phobert-base,1,123,facebook,test,0
correct_prediction,,True,4132,0,ocr,0,0,phobert-base,0,123,threads,test,0
correct_prediction,,True,3518,0,ocr,0,0,phobert-base,0,123,threads,test,0
correct_prediction,,True,1005,1,ocr,1,1,phobert-base,1,123,threads,test,1
correct_prediction,,False,1348,0,ocr,0,0,phobert-base,0,123,threads,test,0
correct_prediction,,True,4057,0,ocr,0,0,phobert-base,0,123,threads,test,0
error_001,,False,2729,0,ocr,1,1,phobert-base,0,123,facebook,test,0
false_positive,,True,3110,0,ocr,0,0,phobert-base,1,123,threads,test,0
correct_prediction,,False,1217,0,ocr,0,0,phobert-base,0,123,threads,test,0
correct_prediction,,False,5119,0,ocr,0,0,phobert-base,0,123,threads,test,0
correct_prediction,,True,4123,0,ocr,0,0,phobert-base,0,123,threads,test,0
false_positive,,True,3371,0,ocr,0,0,phobert-base,1,123,threads,test,0
correct_prediction,,False,4607,0,ocr,0,0,phobert-base,0,123,threads,test,0
error_001,,True,6410,0,ocr,1,1,phobert-base,0,123,facebook,test,0
false_positive,,True,2435,1,ocr,0,0,phobert-base,1,123,facebook,test,0
correct_prediction,,True,5547,0,ocr,0,0,phobert-base,0,123,threads,test,0
correct_prediction,,True,1901,0,ocr,1,1,phobert-base,1,123,facebook,test,1
error_001,,True,4258,0,ocr,1,1,phobert-base,0,123,threads,test,0
correct_prediction,,True,6271,0,ocr,1,1,phobert-base,1,123,facebook,test,1
correct_prediction,,True,6067,0,ocr,0,0,phobert-base,0,123,facebook,test,0
correct_prediction,,True,406,0,ocr,0,0,phobert-base,0,123,threads,test,0
correct_prediction,,True,3143,0,ocr,1,1,phobert-base,1,123,threads,test,0
correct_prediction,,True,2992,0,ocr,0,0,phobert-base,0,123,facebook,test,1
error_001,,False,2792,0,ocr,1,1,phobert-base,0,123,facebook,test,0
correct_prediction,,True,4507,0,ocr,0,0,phobert-base,0,123,threads,test,0
correct_prediction,,True,2308,0,ocr,1,1,phobert-base,1,123,facebook,test,0
false_positive,,True,1248,0,ocr,0,0,phobert-base,1,123,threads,test,0
correct_prediction,,True,6011,0,ocr,1,1,phobert-base,1,123,facebook,test,1
correct_prediction,,True,5925,0,ocr,1,1,phobert-base,1,123,facebook,test,0
correct_prediction,,True,1397,0,ocr,0,0,phobert-base,0,123,threads,test,0
correct_prediction,,False,4052,0,ocr,0,0,phobert-base,0,123,threads,test,0
correct_prediction,,False,665,0,ocr,0,0,phobert-base,0,123,threads,test,0
correct_prediction,,True,462,0,ocr,0,0,phobert-base,0,123,threads,test,0
correct_prediction,,True,2337,1,ocr,1,1,phobert-base,1,123,facebook,test,0
error_001,,True,3260,0,ocr,1,1,phobert-base,0,123,threads,test,0
correct_prediction,,False,5255,0,ocr,0,0,phobert-base,0,123,threads,test,0
correct_prediction,,False,3503,0,ocr,0,0,phobert-base,0,123,threads,test,0
error_001,,False,3209,0,ocr,1,1,phobert-base,0,123,threads,test,0
correct_prediction,,False,3099,0,ocr,0,0,phobert-base,0,123,facebook,test,1
false_positive,,True,7058,0,ocr,0,0,phobert-base,1,123,facebook,test,0
correct_prediction,,True,6116,1,ocr,1,1,phobert-base,1,123,facebook,test,0
correct_prediction,,False,4698,0,ocr,0,0,phobert-base,0,123,threads,test,0
correct_prediction,,True,1079,0,ocr,0,0,phobert-base,0,123,threads,test,0
correct_prediction,,True,4362,1,ocr,1,1,phobert-base,1,123,threads,test,0
false_positive,,True,2338,1,ocr,0,0,phobert-base,1,123,facebook,test,0
correct_prediction,,True,7314,0,ocr,1,1,phobert-base,1,123,facebook,test,1
correct_prediction,,False,629,0,ocr,0,0,phobert-base,0,123,threads,test,0
error_001,,True,3883,0,ocr,1,1,phobert-base,0,123,threads,test,0
correct_prediction,,True,5786,0,ocr,0,0,phobert-base,0,123,facebook,test,0
correct_prediction,,False,3119,0,ocr,0,0,phobert-base,0,123,threads,test,0
error_001,,False,5894,0,ocr,1,1,phobert-base,0,123,facebook,test,0
correct_prediction,,True,5084,0,ocr,0,0,phobert-base,0,123,threads,test,0
correct_prediction,,False,5343,0,ocr,0,0,phobert-base,0,123,threads,test,0
correct_prediction,,False,4324,0,ocr,0,0,phobert-base,0,123,threads,test,0
correct_prediction,,True,1216,1,ocr,1,1,phobert-base,1,123,threads,test,0
correct_prediction,,False,2006,0,ocr,0,0,phobert-base,0,123,facebook,test,0
correct_prediction,,True,5661,0,ocr,0,0,phobert-base,0,123,threads,test,0
correct_prediction,,True,5640,0,ocr,0,0,phobert-base,0,123,threads,test,0
correct_prediction,,True,5765,0,ocr,1,1,phobert-base,1,123,facebook,test,0
correct_prediction,,True,5803,0,ocr,0,0,phobert-base,0,2026,facebook,test,0
correct_prediction,,True,6388,1,ocr,1,1,phobert-base,1,2026,facebook,test,0
correct_prediction,,True,5990,0,ocr,0,0,phobert-base,0,2026,facebook,test,0
correct_prediction,,True,1024,0,ocr,0,0,phobert-base,0,2026,threads,test,0
correct_prediction,,True,1075,0,ocr,0,0,phobert-base,0,2026,threads,test,0
correct_prediction,,True,4170,0,ocr,0,0,phobert-base,0,2026,threads,test,0
false_positive,,True,599,0,ocr,0,0,phobert-base,1,2026,threads,test,0
correct_prediction,,False,371,0,ocr,0,0,phobert-base,0,2026,threads,test,0
correct_prediction,,False,5811,0,ocr,0,0,phobert-base,0,2026,facebook,test,0
false_positive,,True,5986,0,ocr,0,0,phobert-base,1,2026,facebook,test,0
correct_prediction,,True,6456,1,ocr,1,1,phobert-base,1,2026,facebook,test,1
correct_prediction,,True,6826,0,ocr,1,1,phobert-base,1,2026,facebook,test,0
correct_prediction,,False,859,0,ocr,0,0,phobert-base,0,2026,threads,test,0
error_001,,False,6562,0,ocr,1,1,phobert-base,0,2026,facebook,test,0
correct_prediction,,True,2399,1,ocr,1,1,phobert-base,1,2026,facebook,test,0
error_001,,False,6505,0,ocr,1,1,phobert-base,0,2026,facebook,test,0
error_001,,True,7292,0,ocr,1,1,phobert-base,0,2026,facebook,test,0
correct_prediction,,True,6818,1,ocr,1,1,phobert-base,1,2026,facebook,test,0
correct_prediction,,False,4909,0,ocr,0,0,phobert-base,0,2026,threads,test,0
correct_prediction,,False,4190,0,ocr,0,0,phobert-base,0,2026,threads,test,0
false_positive,,True,6100,0,ocr,0,0,phobert-base,1,2026,facebook,test,0
correct_prediction,,True,5033,0,ocr,0,0,phobert-base,0,2026,threads,test,0
error_001,,True,5608,0,ocr,1,1,phobert-base,0,2026,threads,test,0
correct_prediction,,False,4177,0,ocr,0,0,phobert-base,0,2026,threads,test,0
correct_prediction,,True,3845,0,ocr,0,0,phobert-base,0,2026,threads,test,0
error_001,,False,2129,0,ocr,1,1,phobert-base,0,2026,facebook,test,0
correct_prediction,,True,3054,0,ocr,0,0,phobert-base,0,2026,facebook,test,0
correct_prediction,,True,3867,0,ocr,0,0,phobert-base,0,2026,threads,test,0
correct_prediction,,False,4031,0,ocr,0,0,phobert-base,0,2026,threads,test,0
false_positive,,True,1767,1,ocr,0,0,phobert-base,1,2026,threads,test,0
correct_prediction,,True,1598,0,ocr,1,1,phobert-base,1,2026,threads,test,0
correct_prediction,,False,850,0,ocr,0,0,phobert-base,0,2026,threads,test,0
error_001,,True,5978,0,ocr,1,1,phobert-base,0,2026,facebook,test,0
correct_prediction,,True,3709,0,ocr,0,0,phobert-base,0,2026,threads,test,0
correct_prediction,,True,5963,1,ocr,1,1,phobert-base,1,2026,facebook,test,0
correct_prediction,,True,5782,1,ocr,1,1,phobert-base,1,2026,facebook,test,0
correct_prediction,,True,4722,0,ocr,0,0,phobert-base,0,2026,threads,test,0
correct_prediction,,True,1801,0,ocr,1,1,phobert-base,1,2026,threads,test,0
error_001,,False,2768,0,ocr,1,1,phobert-base,0,2026,facebook,test,0
error_001,,False,5737,0,ocr,1,1,phobert-base,0,2026,facebook,test,0
error_001,,False,1824,0,ocr,1,1,phobert-base,0,2026,threads,test,0
error_001,,True,2321,0,ocr,1,1,phobert-base,0,2026,facebook,test,0
correct_prediction,,True,6447,1,ocr,1,1,phobert-base,1,2026,facebook,test,0
correct_prediction,,True,255,0,ocr,0,0,phobert-base,0,2026,threads,test,0
false_positive,,True,1103,0,ocr,0,0,phobert-base,1,2026,threads,test,0
correct_prediction,,True,1228,1,ocr,1,1,phobert-base,1,2026,threads,test,0
error_001,,True,4004,0,ocr,1,1,phobert-base,0,2026,threads,test,0
correct_prediction,,False,1591,0,ocr,0,0,phobert-base,0,2026,threads,test,0
correct_prediction,,False,2861,0,ocr,0,0,phobert-base,0,2026,facebook,test,0
correct_prediction,,True,797,0,ocr,1,1,phobert-base,1,2026,threads,test,0
correct_prediction,,True,2913,0,ocr,1,1,phobert-base,1,2026,facebook,test,1
correct_prediction,,True,6159,1,ocr,1,1,phobert-base,1,2026,facebook,test,0
error_001,,False,7007,0,ocr,1,1,phobert-base,0,2026,facebook,test,0
correct_prediction,,True,2333,1,ocr,1,1,phobert-base,1,2026,facebook,test,0
false_positive,,True,1448,0,ocr,0,0,phobert-base,1,2026,threads,test,1
correct_prediction,,True,993,0,ocr,0,0,phobert-base,0,2026,threads,test,0
error_001,,False,1978,0,ocr,1,1,phobert-base,0,2026,facebook,test,0
correct_prediction,,False,5035,0,ocr,0,0,phobert-base,0,2026,threads,test,0
correct_prediction,,False,4647,0,ocr,0,0,phobert-base,0,2026,threads,test,0
correct_prediction,,False,4922,0,ocr,0,0,phobert-base,0,2026,threads,test,0
correct_prediction,,False,525,0,ocr,0,0,phobert-base,0,2026,threads,test,0
correct_prediction,,True,3878,0,ocr,0,0,phobert-base,0,2026,threads,test,0
false_positive,,True,2139,0,ocr,0,0,phobert-base,1,2026,facebook,test,0
correct_prediction,,True,314,0,ocr,0,0,phobert-base,0,2026,threads,test,0
false_positive,,True,2482,1,ocr,0,0,phobert-base,1,2026,facebook,test,0
correct_prediction,,False,5580,0,ocr,0,0,phobert-base,0,2026,threads,test,0
correct_prediction,,True,3587,1,ocr,1,1,phobert-base,1,2026,threads,test,1
false_positive,,True,196,0,ocr,0,0,phobert-base,1,2026,threads,test,0
correct_prediction,,True,6755,1,ocr,1,1,phobert-base,1,2026,facebook,test,0
correct_prediction,,True,5335,0,ocr,0,0,phobert-base,0,2026,threads,test,0
correct_prediction,,True,592,0,ocr,0,0,phobert-base,0,2026,threads,test,0
correct_prediction,,True,6168,0,ocr,0,0,phobert-base,0,2026,facebook,test,0
correct_prediction,,False,5293,0,ocr,0,0,phobert-base,0,2026,threads,test,0
correct_prediction,,True,423,0,ocr,0,0,phobert-base,0,2026,threads,test,0
false_positive,,True,6189,0,ocr,0,0,phobert-base,1,2026,facebook,test,0
correct_prediction,,True,1155,0,ocr,0,0,phobert-base,0,2026,threads,test,0
correct_prediction,,False,5197,0,ocr,0,0,phobert-base,0,2026,threads,test,0
false_positive,,True,464,0,ocr,0,0,phobert-base,1,2026,threads,test,0
correct_prediction,,True,6645,1,ocr,1,1,phobert-base,1,2026,facebook,test,0
correct_prediction,,False,3992,0,ocr,0,0,phobert-base,0,2026,threads,test,0
correct_prediction,,True,2916,0,ocr,1,1,phobert-base,1,2026,facebook,test,0
correct_prediction,,True,1234,0,ocr,1,1,phobert-base,1,2026,threads,test,1
correct_prediction,,True,6098,0,ocr,1,1,phobert-base,1,2026,facebook,test,0
correct_prediction,,False,735,0,ocr,0,0,phobert-base,0,2026,threads,test,0
false_positive,,True,134,1,ocr,0,0,phobert-base,1,2026,threads,test,0
correct_prediction,,True,793,0,ocr,0,0,phobert-base,0,2026,threads,test,0
error_001,,False,4475,0,ocr,1,1,phobert-base,0,2026,threads,test,0
correct_prediction,,True,4403,0,ocr,0,0,phobert-base,0,2026,threads,test,0
correct_prediction,,True,1657,0,ocr,1,1,phobert-base,1,2026,threads,test,1
correct_prediction,,True,533,0,ocr,0,0,phobert-base,0,2026,threads,test,1
error_001,,False,6861,0,ocr,1,1,phobert-base,0,2026,facebook,test,0
correct_prediction,,True,4136,0,ocr,0,0,phobert-base,0,2026,threads,test,0
error_001,,True,6962,0,ocr,1,1,phobert-base,0,2026,facebook,test,0
correct_prediction,,True,1716,0,ocr,1,1,phobert-base,1,2026,threads,test,0
error_001,,True,6983,0,ocr,1,1,phobert-base,0,2026,facebook,test,0
false_positive,,True,3705,0,ocr,0,0,phobert-base,1,2026,threads,test,0
correct_prediction,,True,3887,0,ocr,0,0,phobert-base,0,2026,threads,test,0
correct_prediction,,True,4269,0,ocr,0,0,phobert-base,0,2026,threads,test,0
correct_prediction,,True,860,0,ocr,0,0,phobert-base,0,2026,threads,test,0
error_001,,True,2042,0,ocr,1,1,phobert-base,0,2026,facebook,test,0
error_001,,True,5835,0,ocr,1,1,phobert-base,0,2026,facebook,test,0
correct_prediction,,False,1953,0,ocr,0,0,phobert-base,0,2026,facebook,test,0
error_001,,False,6414,0,ocr,1,1,phobert-base,0,2026,facebook,test,0
error_001,,False,6537,0,ocr,1,1,phobert-base,0,2026,facebook,test,0
correct_prediction,,False,5825,0,ocr,0,0,phobert-base,0,2026,facebook,test,0
false_positive,,True,2096,0,ocr,0,0,phobert-base,1,2026,facebook,test,1
false_positive,,True,2627,0,ocr,0,0,phobert-base,1,2026,facebook,test,0
correct_prediction,,False,2757,0,ocr,0,0,phobert-base,0,2026,facebook,test,0
correct_prediction,,True,1684,0,ocr,0,0,phobert-base,0,2026,threads,test,0
correct_prediction,,True,2005,0,ocr,1,1,phobert-base,1,2026,facebook,test,0
correct_prediction,,True,5014,0,ocr,0,0,phobert-base,0,2026,threads,test,0
correct_prediction,,True,4892,0,ocr,0,0,phobert-base,0,2026,threads,test,0
correct_prediction,,False,5589,0,ocr,0,0,phobert-base,0,2026,threads,test,0
false_positive,,True,2206,0,ocr,0,0,phobert-base,1,2026,facebook,test,1
correct_prediction,,False,5202,0,ocr,0,0,phobert-base,0,2026,threads,test,0
correct_prediction,,True,1329,0,ocr,0,0,phobert-base,0,2026,threads,test,1
correct_prediction,,True,613,1,ocr,1,1,phobert-base,1,2026,threads,test,1
correct_prediction,,True,47,0,ocr,1,1,phobert-base,1,2026,threads,test,0
error_001,,False,3398,0,ocr,1,1,phobert-base,0,2026,threads,test,0
correct_prediction,,False,3695,0,ocr,0,0,phobert-base,0,2026,threads,test,0
correct_prediction,,True,3365,0,ocr,0,0,phobert-base,0,2026,threads,test,1
correct_prediction,,True,513,0,ocr,0,0,phobert-base,0,2026,threads,test,0
correct_prediction,,False,7022,0,ocr,0,0,phobert-base,0,2026,facebook,test,0
false_positive,,True,2459,0,ocr,0,0,phobert-base,1,2026,facebook,test,0
correct_prediction,,True,1813,0,ocr,1,1,phobert-base,1,2026,threads,test,0
false_positive,,True,1761,0,ocr,0,0,phobert-base,1,2026,threads,test,0
correct_prediction,,False,800,0,ocr,0,0,phobert-base,0,2026,threads,test,0
correct_prediction,,True,107,0,ocr,0,0,phobert-base,0,2026,threads,test,1
false_positive,,True,980,0,ocr,0,0,phobert-base,1,2026,threads,test,0
correct_prediction,,False,4819,0,ocr,0,0,phobert-base,0,2026,threads,test,0
correct_prediction,,True,4321,0,ocr,0,0,phobert-base,0,2026,threads,test,0
correct_prediction,,True,2506,1,ocr,1,1,phobert-base,1,2026,facebook,test,0
error_001,,True,1126,0,ocr,1,1,phobert-base,0,2026,threads,test,0
correct_prediction,,True,1570,0,ocr,0,0,phobert-base,0,2026,threads,test,0
false_positive,,True,2368,1,ocr,0,0,phobert-base,1,2026,facebook,test,0
correct_prediction,,True,4037,0,ocr,0,0,phobert-base,0,2026,threads,test,0
correct_prediction,,True,1863,1,ocr,1,1,phobert-base,1,2026,facebook,test,0
correct_prediction,,True,1635,0,ocr,0,0,phobert-base,0,2026,threads,test,0
error_001,,False,6894,0,ocr,1,1,phobert-base,0,2026,facebook,test,0
correct_prediction,,False,5474,0,ocr,0,0,phobert-base,0,2026,threads,test,0
false_positive,,True,1791,0,ocr,0,0,phobert-base,1,2026,threads,test,1
correct_prediction,,True,7209,0,ocr,1,1,phobert-base,1,2026,facebook,test,0
false_positive,,True,5072,0,ocr,0,0,phobert-base,1,2026,threads,test,0
false_positive,,True,7123,0,ocr,0,0,phobert-base,1,2026,facebook,test,0
false_positive,,True,2233,1,ocr,0,0,phobert-base,1,2026,facebook,test,0
error_001,,False,2015,0,ocr,1,1,phobert-base,0,2026,facebook,test,0
error_001,,False,6784,0,ocr,1,1,phobert-base,0,2026,facebook,test,0
correct_prediction,,True,403,0,ocr,0,0,phobert-base,0,2026,threads,test,0
false_positive,,True,6090,0,ocr,0,0,phobert-base,1,2026,facebook,test,0
correct_prediction,,False,677,0,ocr,0,0,phobert-base,0,2026,threads,test,0
error_001,,True,6493,0,ocr,1,1,phobert-base,0,2026,facebook,test,0
correct_prediction,,False,5495,0,ocr,0,0,phobert-base,0,2026,threads,test,0
correct_prediction,,True,5802,0,ocr,1,1,phobert-base,1,2026,facebook,test,0
correct_prediction,,True,6800,0,ocr,1,1,phobert-base,1,2026,facebook,test,0
correct_prediction,,False,3949,0,ocr,0,0,phobert-base,0,2026,threads,test,0
correct_prediction,,True,2320,0,ocr,1,1,phobert-base,1,2026,facebook,test,0
correct_prediction,,False,3805,0,ocr,0,0,phobert-base,0,2026,threads,test,0
correct_prediction,,True,6404,0,ocr,0,0,phobert-base,0,2026,facebook,test,0
correct_prediction,,False,4036,0,ocr,0,0,phobert-base,0,2026,threads,test,0
correct_prediction,,True,2397,1,ocr,1,1,phobert-base,1,2026,facebook,test,0
correct_prediction,,True,3609,0,ocr,0,0,phobert-base,0,2026,threads,test,0
correct_prediction,,False,4950,0,ocr,0,0,phobert-base,0,2026,threads,test,0
error_001,,False,7228,0,ocr,1,1,phobert-base,0,2026,facebook,test,0
correct_prediction,,False,4770,0,ocr,0,0,phobert-base,0,2026,threads,test,0
error_001,,True,2744,0,ocr,1,1,phobert-base,0,2026,facebook,test,0
correct_prediction,,True,4924,0,ocr,0,0,phobert-base,0,2026,threads,test,0
correct_prediction,,True,3104,0,ocr,1,1,phobert-base,1,2026,threads,test,1
correct_prediction,,True,5906,0,ocr,0,0,phobert-base,0,2026,facebook,test,0
false_positive,,True,6375,0,ocr,0,0,phobert-base,1,2026,facebook,test,0
error_001,,True,2438,0,ocr,1,1,phobert-base,0,2026,facebook,test,0
error_001,,False,4611,0,ocr,1,1,phobert-base,0,2026,threads,test,0
correct_prediction,,True,3164,0,ocr,1,1,phobert-base,1,2026,threads,test,0
correct_prediction,,True,2929,0,ocr,1,1,phobert-base,1,2026,facebook,test,0
error_001,,False,6564,0,ocr,1,1,phobert-base,0,2026,facebook,test,0
false_positive,,True,3857,0,ocr,0,0,phobert-base,1,2026,threads,test,0
false_positive,,True,1054,0,ocr,0,0,phobert-base,1,2026,threads,test,0
error_001,,False,6734,0,ocr,1,1,phobert-base,0,2026,facebook,test,0
correct_prediction,,True,7011,1,ocr,1,1,phobert-base,1,2026,facebook,test,0
correct_prediction,,False,5961,0,ocr,0,0,phobert-base,0,2026,facebook,test,0
correct_prediction,,True,2064,0,ocr,0,0,phobert-base,0,2026,facebook,test,0
correct_prediction,,False,3666,0,ocr,0,0,phobert-base,0,2026,threads,test,0
error_001,,False,1392,0,ocr,1,1,phobert-base,0,2026,threads,test,0
correct_prediction,,True,3125,0,ocr,0,0,phobert-base,0,2026,threads,test,0
correct_prediction,,True,5288,0,ocr,0,0,phobert-base,0,2026,threads,test,0
error_001,,False,591,0,ocr,1,1,phobert-base,0,2026,threads,test,0
error_001,,False,6634,0,ocr,1,1,phobert-base,0,2026,facebook,test,0
correct_prediction,,True,3875,1,ocr,1,1,phobert-base,1,2026,threads,test,0
correct_prediction,,True,1280,1,ocr,1,1,phobert-base,1,2026,threads,test,0
correct_prediction,,True,430,1,ocr,1,1,phobert-base,1,2026,threads,test,0
correct_prediction,,False,889,0,ocr,0,0,phobert-base,0,2026,threads,test,0
correct_prediction,,False,5371,0,ocr,0,0,phobert-base,0,2026,threads,test,0
correct_prediction,,True,715,0,ocr,0,0,phobert-base,0,2026,threads,test,0
false_positive,,True,2463,0,ocr,0,0,phobert-base,1,2026,facebook,test,0
correct_prediction,,True,4461,0,ocr,1,1,phobert-base,1,2026,threads,test,0
false_positive,,True,4232,0,ocr,0,0,phobert-base,1,2026,threads,test,0
correct_prediction,,True,3372,0,ocr,1,1,phobert-base,1,2026,threads,test,0
correct_prediction,,True,6297,1,ocr,1,1,phobert-base,1,2026,facebook,test,0
correct_prediction,,False,4881,0,ocr,0,0,phobert-base,0,2026,threads,test,0
false_positive,,True,1480,0,ocr,0,0,phobert-base,1,2026,threads,test,1
correct_prediction,,True,116,0,ocr,1,1,phobert-base,1,2026,threads,test,0
false_positive,,True,6181,0,ocr,0,0,phobert-base,1,2026,facebook,test,0
correct_prediction,,False,721,0,ocr,0,0,phobert-base,0,2026,threads,test,0
correct_prediction,,False,5590,0,ocr,0,0,phobert-base,0,2026,threads,test,0
correct_prediction,,True,5322,0,ocr,1,1,phobert-base,1,2026,threads,test,1
correct_prediction,,False,4504,0,ocr,0,0,phobert-base,0,2026,threads,test,0
correct_prediction,,False,1121,0,ocr,0,0,phobert-base,0,2026,threads,test,0
correct_prediction,,False,5224,0,ocr,0,0,phobert-base,0,2026,threads,test,0
correct_prediction,,True,1623,0,ocr,0,0,phobert-base,0,2026,threads,test,0
correct_prediction,,False,4503,0,ocr,0,0,phobert-base,0,2026,threads,test,0
correct_prediction,,True,188,0,ocr,0,0,phobert-base,0,2026,threads,test,1
error_001,,True,276,0,ocr,1,1,phobert-base,0,2026,threads,test,0
correct_prediction,,False,4625,0,ocr,0,0,phobert-base,0,2026,threads,test,0
correct_prediction,,True,4164,0,ocr,0,0,phobert-base,0,2026,threads,test,0
error_001,,True,6329,0,ocr,1,1,phobert-base,0,2026,facebook,test,0
false_positive,,True,4964,0,ocr,0,0,phobert-base,1,2026,threads,test,0
false_positive,,True,4669,0,ocr,0,0,phobert-base,1,2026,threads,test,0
correct_prediction,,True,4201,0,ocr,0,0,phobert-base,0,2026,threads,test,0
correct_prediction,,True,1714,0,ocr,1,1,phobert-base,1,2026,threads,test,0
error_001,,True,209,0,ocr,1,1,phobert-base,0,2026,threads,test,0
error_001,,True,4048,0,ocr,1,1,phobert-base,0,2026,threads,test,0
correct_prediction,,True,6968,1,ocr,1,1,phobert-base,1,2026,facebook,test,0
correct_prediction,,True,2151,1,ocr,1,1,phobert-base,1,2026,facebook,test,0
false_positive,,True,5565,0,ocr,0,0,phobert-base,1,2026,threads,test,0
error_001,,False,6476,0,ocr,1,1,phobert-base,0,2026,facebook,test,0
false_positive,,True,5666,0,ocr,0,0,phobert-base,1,2026,threads,test,0
correct_prediction,,False,3827,0,ocr,0,0,phobert-base,0,2026,threads,test,0
error_001,,False,1207,0,ocr,1,1,phobert-base,0,2026,threads,test,0
false_positive,,True,6735,0,ocr,0,0,phobert-base,1,2026,facebook,test,0
false_positive,,True,932,0,ocr,0,0,phobert-base,1,2026,threads,test,0
false_positive,,True,235,0,ocr,0,0,phobert-base,1,2026,threads,test,0
correct_prediction,,False,593,0,ocr,0,0,phobert-base,0,2026,threads,test,0
false_positive,,True,2166,0,ocr,0,0,phobert-base,1,2026,facebook,test,0
false_positive,,True,6353,0,ocr,0,0,phobert-base,1,2026,facebook,test,0
correct_prediction,,True,137,0,ocr,0,0,phobert-base,0,2026,threads,test,0
correct_prediction,,False,4545,0,ocr,0,0,phobert-base,0,2026,threads,test,0
correct_prediction,,False,4901,0,ocr,0,0,phobert-base,0,2026,threads,test,0
false_positive,,True,333,0,ocr,0,0,phobert-base,1,2026,threads,test,0
correct_prediction,,False,4040,0,ocr,0,0,phobert-base,0,2026,threads,test,0
false_positive,,True,289,0,ocr,0,0,phobert-base,1,2026,threads,test,0
correct_prediction,,True,361,0,ocr,0,0,phobert-base,0,2026,threads,test,0
false_positive,,True,2216,0,ocr,0,0,phobert-base,1,2026,facebook,test,0
correct_prediction,,True,2356,1,ocr,1,1,phobert-base,1,2026,facebook,test,0
correct_prediction,,True,1686,0,ocr,0,0,phobert-base,0,2026,threads,test,0
error_001,,False,6644,0,ocr,1,1,phobert-base,0,2026,facebook,test,0
correct_prediction,,True,2715,0,ocr,0,0,phobert-base,0,2026,facebook,test,0
correct_prediction,,True,3510,0,ocr,0,0,phobert-base,0,2026,threads,test,0
error_001,,True,5575,0,ocr,1,1,phobert-base,0,2026,threads,test,0
correct_prediction,,True,548,0,ocr,0,0,phobert-base,0,2026,threads,test,0
correct_prediction,,True,427,0,ocr,0,0,phobert-base,0,2026,threads,test,0
false_positive,,True,5880,0,ocr,0,0,phobert-base,1,2026,facebook,test,0
correct_prediction,,False,4651,0,ocr,0,0,phobert-base,0,2026,threads,test,0
correct_prediction,,True,3635,0,ocr,0,0,phobert-base,0,2026,threads,test,0
correct_prediction,,True,1325,1,ocr,1,1,phobert-base,1,2026,threads,test,0
correct_prediction,,False,4510,0,ocr,0,0,phobert-base,0,2026,threads,test,0
correct_prediction,,True,5245,0,ocr,0,0,phobert-base,0,2026,threads,test,0
error_001,,False,2629,0,ocr,1,1,phobert-base,0,2026,facebook,test,0
correct_prediction,,True,5061,0,ocr,0,0,phobert-base,0,2026,threads,test,0
correct_prediction,,True,2280,1,ocr,1,1,phobert-base,1,2026,facebook,test,0
false_positive,,True,3850,0,ocr,0,0,phobert-base,1,2026,threads,test,0
correct_prediction,,False,3533,0,ocr,0,0,phobert-base,0,2026,threads,test,0
false_positive,,True,7009,0,ocr,0,0,phobert-base,1,2026,facebook,test,0
false_positive,,True,5548,0,ocr,0,0,phobert-base,1,2026,threads,test,0
false_positive,,True,2215,0,ocr,0,0,phobert-base,1,2026,facebook,test,0
false_positive,,True,2229,0,ocr,0,0,phobert-base,1,2026,facebook,test,0
correct_prediction,,True,2947,0,ocr,1,1,phobert-base,1,2026,facebook,test,0
correct_prediction,,True,4088,0,ocr,0,0,phobert-base,0,2026,threads,test,0
correct_prediction,,False,1574,0,ocr,0,0,phobert-base,0,2026,threads,test,0
error_001,,False,2713,0,ocr,1,1,phobert-base,0,2026,facebook,test,0
false_positive,,True,3881,0,ocr,0,0,phobert-base,1,2026,threads,test,0
correct_prediction,,True,1734,0,ocr,0,0,phobert-base,0,2026,threads,test,0
false_positive,,True,6961,0,ocr,0,0,phobert-base,1,2026,facebook,test,0
correct_prediction,,True,4575,0,ocr,0,0,phobert-base,0,2026,threads,test,0
correct_prediction,,True,1417,0,ocr,0,0,phobert-base,0,2026,threads,test,0
false_positive,,True,3267,0,ocr,0,0,phobert-base,1,2026,threads,test,0
correct_prediction,,False,1298,0,ocr,0,0,phobert-base,0,2026,threads,test,0
correct_prediction,,True,7214,0,ocr,1,1,phobert-base,1,2026,facebook,test,0
correct_prediction,,False,5140,0,ocr,0,0,phobert-base,0,2026,threads,test,0
false_positive,,True,7215,0,ocr,0,0,phobert-base,1,2026,facebook,test,0
correct_prediction,,True,619,0,ocr,1,1,phobert-base,1,2026,threads,test,0
correct_prediction,,True,2544,1,ocr,1,1,phobert-base,1,2026,facebook,test,0
correct_prediction,,True,2894,0,ocr,1,1,phobert-base,1,2026,facebook,test,0
false_positive,,True,668,0,ocr,0,0,phobert-base,1,2026,threads,test,0
correct_prediction,,True,308,0,ocr,1,1,phobert-base,1,2026,threads,test,0
correct_prediction,,True,2727,1,ocr,1,1,phobert-base,1,2026,facebook,test,0
correct_prediction,,False,1107,0,ocr,0,0,phobert-base,0,2026,threads,test,1
correct_prediction,,False,834,0,ocr,0,0,phobert-base,0,2026,threads,test,0
correct_prediction,,True,30,0,ocr,0,0,phobert-base,0,2026,threads,test,0
false_positive,,True,2564,0,ocr,0,0,phobert-base,1,2026,facebook,test,0
correct_prediction,,False,3673,0,ocr,0,0,phobert-base,0,2026,threads,test,0
correct_prediction,,True,2048,0,ocr,0,0,phobert-base,0,2026,facebook,test,0
correct_prediction,,True,2303,0,ocr,0,0,phobert-base,0,2026,facebook,test,0
correct_prediction,,True,4498,0,ocr,0,0,phobert-base,0,2026,threads,test,0
error_001,,False,5995,0,ocr,1,1,phobert-base,0,2026,facebook,test,0
correct_prediction,,True,1464,0,ocr,0,0,phobert-base,0,2026,threads,test,0
correct_prediction,,True,147,0,ocr,0,0,phobert-base,0,2026,threads,test,0
correct_prediction,,True,6310,1,ocr,1,1,phobert-base,1,2026,facebook,test,0
error_001,,True,7328,0,ocr,1,1,phobert-base,0,2026,facebook,test,0
correct_prediction,,False,2818,0,ocr,0,0,phobert-base,0,2026,facebook,test,0
false_positive,,True,5703,0,ocr,0,0,phobert-base,1,2026,facebook,test,0
correct_prediction,,False,817,0,ocr,0,0,phobert-base,0,2026,threads,test,0
correct_prediction,,False,3622,0,ocr,0,0,phobert-base,0,2026,threads,test,0
correct_prediction,,False,5024,0,ocr,0,0,phobert-base,0,2026,threads,test,0
error_001,,False,2203,0,ocr,1,1,phobert-base,0,2026,facebook,test,0
error_001,,False,6536,0,ocr,1,1,phobert-base,0,2026,facebook,test,0
correct_prediction,,False,204,0,ocr,0,0,phobert-base,0,2026,threads,test,1
error_001,,True,491,0,ocr,1,1,phobert-base,0,2026,threads,test,0
correct_prediction,,False,1960,0,ocr,0,0,phobert-base,0,2026,facebook,test,0
correct_prediction,,False,718,0,ocr,0,0,phobert-base,0,2026,threads,test,0
false_positive,,True,6394,0,ocr,0,0,phobert-base,1,2026,facebook,test,0
error_001,,False,53,0,ocr,1,1,phobert-base,0,2026,threads,test,0
correct_prediction,,False,2787,0,ocr,0,0,phobert-base,0,2026,facebook,test,0
correct_prediction,,True,5089,0,ocr,0,0,phobert-base,0,2026,threads,test,0
false_positive,,True,1789,0,ocr,0,0,phobert-base,1,2026,threads,test,1
error_001,,False,6978,0,ocr,1,1,phobert-base,0,2026,facebook,test,0
error_001,,True,6577,0,ocr,1,1,phobert-base,0,2026,facebook,test,0
correct_prediction,,True,3769,0,ocr,0,0,phobert-base,0,2026,threads,test,0
correct_prediction,,False,335,0,ocr,0,0,phobert-base,0,2026,threads,test,0
correct_prediction,,True,5219,0,ocr,0,0,phobert-base,0,2026,threads,test,0
false_positive,,True,7086,0,ocr,0,0,phobert-base,1,2026,facebook,test,0
error_001,,True,3896,0,ocr,1,1,phobert-base,0,2026,threads,test,0
false_positive,,True,2590,0,ocr,0,0,phobert-base,1,2026,facebook,test,0
false_positive,,True,7049,0,ocr,0,0,phobert-base,1,2026,facebook,test,0
error_001,,False,2805,0,ocr,1,1,phobert-base,0,2026,facebook,test,0
correct_prediction,,True,3496,0,ocr,0,0,phobert-base,0,2026,threads,test,0
correct_prediction,,True,2367,1,ocr,1,1,phobert-base,1,2026,facebook,test,0
error_001,,True,3746,0,ocr,1,1,phobert-base,0,2026,threads,test,0
correct_prediction,,True,6337,0,ocr,0,0,phobert-base,0,2026,facebook,test,0
error_001,,True,4887,0,ocr,1,1,phobert-base,0,2026,threads,test,0
correct_prediction,,True,2585,1,ocr,1,1,phobert-base,1,2026,facebook,test,0
correct_prediction,,True,2288,1,ocr,1,1,phobert-base,1,2026,facebook,test,0
false_positive,,True,2134,0,ocr,0,0,phobert-base,1,2026,facebook,test,0
correct_prediction,,False,3685,0,ocr,0,0,phobert-base,0,2026,threads,test,0
error_001,,False,5736,0,ocr,1,1,phobert-base,0,2026,facebook,test,0
correct_prediction,,True,3225,0,ocr,0,0,phobert-base,0,2026,threads,test,0
correct_prediction,,True,5074,0,ocr,0,0,phobert-base,0,2026,threads,test,0
correct_prediction,,True,3866,0,ocr,0,0,phobert-base,0,2026,threads,test,0
correct_prediction,,True,2695,0,ocr,1,1,phobert-base,1,2026,facebook,test,1
false_positive,,True,3968,0,ocr,0,0,phobert-base,1,2026,threads,test,0
correct_prediction,,False,4720,0,ocr,0,0,phobert-base,0,2026,threads,test,0
correct_prediction,,False,3713,0,ocr,0,0,phobert-base,0,2026,threads,test,0
correct_prediction,,False,1809,0,ocr,0,0,phobert-base,0,2026,threads,test,0
correct_prediction,,True,3678,0,ocr,0,0,phobert-base,0,2026,threads,test,0
correct_prediction,,True,7289,1,ocr,1,1,phobert-base,1,2026,facebook,test,0
correct_prediction,,False,1974,0,ocr,0,0,phobert-base,0,2026,facebook,test,0
correct_prediction,,False,4805,0,ocr,0,0,phobert-base,0,2026,threads,test,0
correct_prediction,,True,3940,0,ocr,1,1,phobert-base,1,2026,threads,test,1
false_positive,,True,4026,0,ocr,0,0,phobert-base,1,2026,threads,test,1
correct_prediction,,True,557,0,ocr,0,0,phobert-base,0,2026,threads,test,0
correct_prediction,,True,7287,0,ocr,1,1,phobert-base,1,2026,facebook,test,1
correct_prediction,,True,2187,0,ocr,1,1,phobert-base,1,2026,facebook,test,0
error_001,,True,1647,0,ocr,1,1,phobert-base,0,2026,threads,test,0
correct_prediction,,True,6436,0,ocr,1,1,phobert-base,1,2026,facebook,test,0
correct_prediction,,True,4220,0,ocr,0,0,phobert-base,0,2026,threads,test,0
correct_prediction,,False,138,0,ocr,0,0,phobert-base,0,2026,threads,test,0
correct_prediction,,True,2639,0,ocr,1,1,phobert-base,1,2026,facebook,test,0
correct_prediction,,False,4705,0,ocr,0,0,phobert-base,0,2026,threads,test,0
correct_prediction,,True,3475,0,ocr,0,0,phobert-base,0,2026,threads,test,0
correct_prediction,,True,1056,0,ocr,0,0,phobert-base,0,2026,threads,test,0
error_001,,True,1453,0,ocr,1,1,phobert-base,0,2026,threads,test,0
error_001,,True,5220,0,ocr,1,1,phobert-base,0,2026,threads,test,0
error_001,,False,6847,0,ocr,1,1,phobert-base,0,2026,facebook,test,0
correct_prediction,,False,3219,0,ocr,0,0,phobert-base,0,2026,threads,test,0
correct_prediction,,True,1040,0,ocr,0,0,phobert-base,0,2026,threads,test,0
correct_prediction,,True,1703,1,ocr,1,1,phobert-base,1,2026,threads,test,1
correct_prediction,,True,1271,0,ocr,0,0,phobert-base,0,2026,threads,test,0
correct_prediction,,True,2870,0,ocr,1,1,phobert-base,1,2026,facebook,test,1
correct_prediction,,True,4764,0,ocr,0,0,phobert-base,0,2026,threads,test,0
correct_prediction,,False,4635,0,ocr,0,0,phobert-base,0,2026,threads,test,0
correct_prediction,,True,4713,0,ocr,0,0,phobert-base,0,2026,threads,test,0
correct_prediction,,True,4718,0,ocr,0,0,phobert-base,0,2026,threads,test,0
correct_prediction,,False,5047,0,ocr,0,0,phobert-base,0,2026,threads,test,0
correct_prediction,,True,2358,0,ocr,1,1,phobert-base,1,2026,facebook,test,0
false_positive,,True,2093,0,ocr,0,0,phobert-base,1,2026,facebook,test,0
correct_prediction,,False,5077,0,ocr,0,0,phobert-base,0,2026,threads,test,0
error_001,,False,3731,0,ocr,1,1,phobert-base,0,2026,threads,test,0
correct_prediction,,True,1660,0,ocr,1,1,phobert-base,1,2026,threads,test,1
correct_prediction,,False,3788,0,ocr,0,0,phobert-base,0,2026,threads,test,0
correct_prediction,,True,4435,0,ocr,0,0,phobert-base,0,2026,threads,test,0
false_positive,,True,3079,0,ocr,0,0,phobert-base,1,2026,facebook,test,0
correct_prediction,,True,5515,0,ocr,0,0,phobert-base,0,2026,threads,test,0
correct_prediction,,True,5562,0,ocr,0,0,phobert-base,0,2026,threads,test,0
correct_prediction,,True,7331,0,ocr,0,0,phobert-base,0,2026,facebook,test,0
error_001,,False,6680,0,ocr,1,1,phobert-base,0,2026,facebook,test,0
error_001,,False,7141,0,ocr,1,1,phobert-base,0,2026,facebook,test,0
false_positive,,True,7295,0,ocr,0,0,phobert-base,1,2026,facebook,test,0
false_positive,,True,7100,0,ocr,0,0,phobert-base,1,2026,facebook,test,0
correct_prediction,,True,902,0,ocr,1,1,phobert-base,1,2026,threads,test,1
correct_prediction,,True,4456,0,ocr,0,0,phobert-base,0,2026,threads,test,0
correct_prediction,,False,1369,0,ocr,0,0,phobert-base,0,2026,threads,test,0
correct_prediction,,True,3015,0,ocr,0,0,phobert-base,0,2026,facebook,test,1
correct_prediction,,True,5378,0,ocr,0,0,phobert-base,0,2026,threads,test,0
correct_prediction,,True,2763,0,ocr,0,0,phobert-base,0,2026,facebook,test,0
correct_prediction,,False,6360,0,ocr,0,0,phobert-base,0,2026,facebook,test,0
correct_prediction,,True,3117,0,ocr,0,0,phobert-base,0,2026,threads,test,0
error_001,,True,6106,0,ocr,1,1,phobert-base,0,2026,facebook,test,0
correct_prediction,,True,2521,0,ocr,1,1,phobert-base,1,2026,facebook,test,0
correct_prediction,,True,990,0,ocr,0,0,phobert-base,0,2026,threads,test,0
correct_prediction,,False,1503,0,ocr,0,0,phobert-base,0,2026,threads,test,0
correct_prediction,,True,1490,0,ocr,0,0,phobert-base,0,2026,threads,test,0
correct_prediction,,False,3623,0,ocr,0,0,phobert-base,0,2026,threads,test,0
correct_prediction,,True,987,1,ocr,1,1,phobert-base,1,2026,threads,test,1
correct_prediction,,True,4401,0,ocr,0,0,phobert-base,0,2026,threads,test,0
error_001,,False,6855,0,ocr,1,1,phobert-base,0,2026,facebook,test,0
false_positive,,True,6049,0,ocr,0,0,phobert-base,1,2026,facebook,test,0
correct_prediction,,False,812,0,ocr,0,0,phobert-base,0,2026,threads,test,0
correct_prediction,,False,4267,0,ocr,0,0,phobert-base,0,2026,threads,test,0
false_positive,,True,4197,0,ocr,0,0,phobert-base,1,2026,threads,test,1
false_positive,,True,2296,0,ocr,0,0,phobert-base,1,2026,facebook,test,0
correct_prediction,,True,6594,0,ocr,1,1,phobert-base,1,2026,facebook,test,0
correct_prediction,,True,6977,1,ocr,1,1,phobert-base,1,2026,facebook,test,0
correct_prediction,,True,5139,0,ocr,0,0,phobert-base,0,2026,threads,test,0
correct_prediction,,True,3289,0,ocr,0,0,phobert-base,0,2026,threads,test,0
error_001,,True,1624,0,ocr,1,1,phobert-base,0,2026,threads,test,0
correct_prediction,,False,3952,0,ocr,0,0,phobert-base,0,2026,threads,test,1
correct_prediction,,True,6060,0,ocr,0,0,phobert-base,0,2026,facebook,test,0
error_001,,False,3824,0,ocr,1,1,phobert-base,0,2026,threads,test,0
correct_prediction,,True,5482,0,ocr,0,0,phobert-base,0,2026,threads,test,0
correct_prediction,,False,5568,0,ocr,0,0,phobert-base,0,2026,threads,test,0
false_positive,,True,3913,0,ocr,0,0,phobert-base,1,2026,threads,test,0
correct_prediction,,True,7004,0,ocr,1,1,phobert-base,1,2026,facebook,test,0
correct_prediction,,False,4871,0,ocr,0,0,phobert-base,0,2026,threads,test,0
false_positive,,True,3960,0,ocr,0,0,phobert-base,1,2026,threads,test,0
error_001,,False,4500,0,ocr,1,1,phobert-base,0,2026,threads,test,0
correct_prediction,,True,1688,0,ocr,0,0,phobert-base,0,2026,threads,test,0
error_001,,False,7092,0,ocr,1,1,phobert-base,0,2026,facebook,test,0
correct_prediction,,True,3491,0,ocr,0,0,phobert-base,0,2026,threads,test,0
correct_prediction,,False,5564,0,ocr,0,0,phobert-base,0,2026,threads,test,0
false_positive,,True,7220,1,ocr,0,0,phobert-base,1,2026,facebook,test,0
false_positive,,True,6151,0,ocr,0,0,phobert-base,1,2026,facebook,test,0
correct_prediction,,True,2470,1,ocr,1,1,phobert-base,1,2026,facebook,test,0
correct_prediction,,True,1964,0,ocr,0,0,phobert-base,0,2026,facebook,test,0
correct_prediction,,True,2382,1,ocr,1,1,phobert-base,1,2026,facebook,test,0
false_positive,,True,4272,0,ocr,0,0,phobert-base,1,2026,threads,test,0
error_001,,False,1867,0,ocr,1,1,phobert-base,0,2026,facebook,test,0
correct_prediction,,True,5421,0,ocr,0,0,phobert-base,0,2026,threads,test,0
correct_prediction,,True,4755,0,ocr,0,0,phobert-base,0,2026,threads,test,0
correct_prediction,,False,826,0,ocr,0,0,phobert-base,0,2026,threads,test,1
false_positive,,True,3167,0,ocr,0,0,phobert-base,1,2026,threads,test,0
error_001,,False,1463,0,ocr,1,1,phobert-base,0,2026,threads,test,0
error_001,,False,6823,0,ocr,1,1,phobert-base,0,2026,facebook,test,0
correct_prediction,,True,4355,0,ocr,1,1,phobert-base,1,2026,threads,test,0
correct_prediction,,True,1906,0,ocr,1,1,phobert-base,1,2026,facebook,test,0
correct_prediction,,True,4344,0,ocr,0,0,phobert-base,0,2026,threads,test,0
correct_prediction,,True,5788,0,ocr,1,1,phobert-base,1,2026,facebook,test,0
correct_prediction,,True,3159,0,ocr,0,0,phobert-base,0,2026,threads,test,0
false_positive,,True,4902,0,ocr,0,0,phobert-base,1,2026,threads,test,0
correct_prediction,,True,144,0,ocr,1,1,phobert-base,1,2026,threads,test,1
false_positive,,True,6761,0,ocr,0,0,phobert-base,1,2026,facebook,test,1
false_positive,,True,805,0,ocr,0,0,phobert-base,1,2026,threads,test,0
correct_prediction,,True,7186,0,ocr,1,1,phobert-base,1,2026,facebook,test,0
false_positive,,True,3182,0,ocr,0,0,phobert-base,1,2026,threads,test,0
correct_prediction,,False,4092,0,ocr,0,0,phobert-base,0,2026,threads,test,0
correct_prediction,,False,5450,0,ocr,0,0,phobert-base,0,2026,threads,test,0
correct_prediction,,False,3378,0,ocr,0,0,phobert-base,0,2026,threads,test,0
error_001,,False,6551,0,ocr,1,1,phobert-base,0,2026,facebook,test,0
error_001,,True,3487,0,ocr,1,1,phobert-base,0,2026,threads,test,0
error_001,,True,2049,0,ocr,1,1,phobert-base,0,2026,facebook,test,0
correct_prediction,,True,3667,0,ocr,0,0,phobert-base,0,2026,threads,test,0
correct_prediction,,True,7250,0,ocr,1,1,phobert-base,1,2026,facebook,test,1
false_positive,,True,3969,0,ocr,0,0,phobert-base,1,2026,threads,test,0
correct_prediction,,True,478,0,ocr,0,0,phobert-base,0,2026,threads,test,1
false_positive,,True,5816,0,ocr,0,0,phobert-base,1,2026,facebook,test,0
false_positive,,True,1043,0,ocr,0,0,phobert-base,1,2026,threads,test,0
correct_prediction,,True,6451,1,ocr,1,1,phobert-base,1,2026,facebook,test,0
false_positive,,True,2990,0,ocr,0,0,phobert-base,1,2026,facebook,test,0
correct_prediction,,False,5193,0,ocr,0,0,phobert-base,0,2026,threads,test,0
correct_prediction,,True,7159,0,ocr,0,0,phobert-base,0,2026,facebook,test,0
correct_prediction,,True,6556,0,ocr,0,0,phobert-base,0,2026,facebook,test,0
correct_prediction,,False,4752,0,ocr,0,0,phobert-base,0,2026,threads,test,0
correct_prediction,,True,7277,1,ocr,1,1,phobert-base,1,2026,facebook,test,0
error_001,,False,6960,0,ocr,1,1,phobert-base,0,2026,facebook,test,0
correct_prediction,,True,3837,0,ocr,1,1,phobert-base,1,2026,threads,test,1
correct_prediction,,False,4514,0,ocr,0,0,phobert-base,0,2026,threads,test,0
correct_prediction,,False,5281,0,ocr,0,0,phobert-base,0,2026,threads,test,0
correct_prediction,,False,555,0,ocr,0,0,phobert-base,0,2026,threads,test,0
correct_prediction,,True,7074,1,ocr,1,1,phobert-base,1,2026,facebook,test,0
correct_prediction,,False,4038,0,ocr,0,0,phobert-base,0,2026,threads,test,0
error_001,,False,5054,0,ocr,1,1,phobert-base,0,2026,threads,test,0
false_positive,,True,6051,0,ocr,0,0,phobert-base,1,2026,facebook,test,0
false_positive,,True,6443,0,ocr,0,0,phobert-base,1,2026,facebook,test,0
correct_prediction,,True,6603,1,ocr,1,1,phobert-base,1,2026,facebook,test,0
error_001,,False,5760,0,ocr,1,1,phobert-base,0,2026,facebook,test,0
correct_prediction,,True,2538,1,ocr,1,1,phobert-base,1,2026,facebook,test,0
false_positive,,True,3665,0,ocr,0,0,phobert-base,1,2026,threads,test,0
correct_prediction,,True,2529,1,ocr,1,1,phobert-base,1,2026,facebook,test,0
correct_prediction,,False,4427,0,ocr,0,0,phobert-base,0,2026,threads,test,0
error_001,,False,1432,0,ocr,1,1,phobert-base,0,2026,threads,test,0
correct_prediction,,False,127,0,ocr,0,0,phobert-base,0,2026,threads,test,0
correct_prediction,,True,2469,1,ocr,1,1,phobert-base,1,2026,facebook,test,0
false_positive,,True,4199,0,ocr,0,0,phobert-base,1,2026,threads,test,0
correct_prediction,,True,6899,1,ocr,1,1,phobert-base,1,2026,facebook,test,0
false_positive,,True,523,0,ocr,0,0,phobert-base,1,2026,threads,test,0
false_positive,,True,4642,0,ocr,0,0,phobert-base,1,2026,threads,test,0
false_positive,,True,3187,0,ocr,0,0,phobert-base,1,2026,threads,test,0
correct_prediction,,True,1354,0,ocr,0,0,phobert-base,0,2026,threads,test,0
false_positive,,True,383,1,ocr,0,0,phobert-base,1,2026,threads,test,0
false_positive,,True,313,0,ocr,0,0,phobert-base,1,2026,threads,test,0
error_001,,False,6790,0,ocr,1,1,phobert-base,0,2026,facebook,test,0
correct_prediction,,True,5964,0,ocr,0,0,phobert-base,0,2026,facebook,test,0
error_001,,True,2999,0,ocr,1,1,phobert-base,0,2026,facebook,test,0
error_001,,False,4614,0,ocr,1,1,phobert-base,0,2026,threads,test,0
correct_prediction,,False,4360,0,ocr,0,0,phobert-base,0,2026,threads,test,0
correct_prediction,,False,3994,0,ocr,0,0,phobert-base,0,2026,threads,test,0
error_001,,True,7254,0,ocr,1,1,phobert-base,0,2026,facebook,test,0
error_001,,False,3513,0,ocr,1,1,phobert-base,0,2026,threads,test,0
correct_prediction,,True,1096,0,ocr,1,1,phobert-base,1,2026,threads,test,1
error_001,,False,1479,0,ocr,1,1,phobert-base,0,2026,threads,test,0
correct_prediction,,False,4739,0,ocr,0,0,phobert-base,0,2026,threads,test,0
correct_prediction,,True,5826,1,ocr,1,1,phobert-base,1,2026,facebook,test,0
error_001,,True,1802,0,ocr,1,1,phobert-base,0,2026,threads,test,0
correct_prediction,,False,796,0,ocr,0,0,phobert-base,0,2026,threads,test,0
correct_prediction,,False,6155,0,ocr,0,0,phobert-base,0,2026,facebook,test,0
correct_prediction,,True,1808,0,ocr,0,0,phobert-base,0,2026,threads,test,0
false_positive,,True,7291,0,ocr,0,0,phobert-base,1,2026,facebook,test,0
false_positive,,True,6086,0,ocr,0,0,phobert-base,1,2026,facebook,test,0
error_001,,False,521,0,ocr,1,1,phobert-base,0,2026,threads,test,0
correct_prediction,,True,4451,0,ocr,0,0,phobert-base,0,2026,threads,test,0
correct_prediction,,True,6044,1,ocr,1,1,phobert-base,1,2026,facebook,test,0
correct_prediction,,True,644,0,ocr,0,0,phobert-base,0,2026,threads,test,0
correct_prediction,,True,4463,0,ocr,0,0,phobert-base,0,2026,threads,test,0
correct_prediction,,True,3956,0,ocr,0,0,phobert-base,0,2026,threads,test,0
correct_prediction,,True,1778,0,ocr,0,0,phobert-base,0,2026,threads,test,0
false_positive,,True,6217,0,ocr,0,0,phobert-base,1,2026,facebook,test,0
correct_prediction,,True,2426,1,ocr,1,1,phobert-base,1,2026,facebook,test,0
correct_prediction,,True,3497,0,ocr,0,0,phobert-base,0,2026,threads,test,1
correct_prediction,,True,2376,1,ocr,1,1,phobert-base,1,2026,facebook,test,0
error_001,,False,2057,0,ocr,1,1,phobert-base,0,2026,facebook,test,0
error_001,,False,2567,0,ocr,1,1,phobert-base,0,2026,facebook,test,0
error_001,,True,6517,0,ocr,1,1,phobert-base,0,2026,facebook,test,0
correct_prediction,,True,2622,0,ocr,1,1,phobert-base,1,2026,facebook,test,0
correct_prediction,,False,5824,0,ocr,0,0,phobert-base,0,2026,facebook,test,0
error_001,,False,7239,0,ocr,1,1,phobert-base,0,2026,facebook,test,0
false_positive,,True,4034,0,ocr,0,0,phobert-base,1,2026,threads,test,0
error_001,,False,892,0,ocr,1,1,phobert-base,0,2026,threads,test,0
error_001,,True,502,0,ocr,1,1,phobert-base,0,2026,threads,test,0
correct_prediction,,True,297,0,ocr,1,1,phobert-base,1,2026,threads,test,0
correct_prediction,,True,258,0,ocr,1,1,phobert-base,1,2026,threads,test,0
correct_prediction,,False,4889,0,ocr,0,0,phobert-base,0,2026,threads,test,0
correct_prediction,,True,3930,0,ocr,0,0,phobert-base,0,2026,threads,test,0
correct_prediction,,True,5728,0,ocr,1,1,phobert-base,1,2026,facebook,test,0
correct_prediction,,True,4595,0,ocr,1,1,phobert-base,1,2026,threads,test,1
correct_prediction,,True,4675,0,ocr,1,1,phobert-base,1,2026,threads,test,0
false_positive,,True,6359,0,ocr,0,0,phobert-base,1,2026,facebook,test,0
correct_prediction,,True,4492,0,ocr,0,0,phobert-base,0,2026,threads,test,0
correct_prediction,,False,5272,0,ocr,0,0,phobert-base,0,2026,threads,test,0
error_001,,False,6574,0,ocr,1,1,phobert-base,0,2026,facebook,test,0
error_001,,False,6427,0,ocr,1,1,phobert-base,0,2026,facebook,test,0
correct_prediction,,True,2327,0,ocr,0,0,phobert-base,0,2026,facebook,test,0
correct_prediction,,False,5249,0,ocr,0,0,phobert-base,0,2026,threads,test,0
correct_prediction,,False,5361,0,ocr,0,0,phobert-base,0,2026,threads,test,0
correct_prediction,,True,2952,0,ocr,1,1,phobert-base,1,2026,facebook,test,1
error_001,,False,2053,0,ocr,1,1,phobert-base,0,2026,facebook,test,0
correct_prediction,,False,1020,0,ocr,0,0,phobert-base,0,2026,threads,test,0
correct_prediction,,True,1604,0,ocr,0,0,phobert-base,0,2026,threads,test,0
correct_prediction,,True,2832,0,ocr,0,0,phobert-base,0,2026,facebook,test,1
correct_prediction,,True,5579,0,ocr,0,0,phobert-base,0,2026,threads,test,0
correct_prediction,,False,1977,0,ocr,0,0,phobert-base,0,2026,facebook,test,0
correct_prediction,,True,221,0,ocr,1,1,phobert-base,1,2026,threads,test,1
correct_prediction,,True,4790,0,ocr,0,0,phobert-base,0,2026,threads,test,0
error_001,,True,2839,0,ocr,1,1,phobert-base,0,2026,facebook,test,0
correct_prediction,,False,4604,0,ocr,0,0,phobert-base,0,2026,threads,test,0
correct_prediction,,True,490,0,ocr,0,0,phobert-base,0,2026,threads,test,0
correct_prediction,,False,4900,0,ocr,0,0,phobert-base,0,2026,threads,test,0
correct_prediction,,False,1206,0,ocr,0,0,phobert-base,0,2026,threads,test,0
error_001,,False,6919,0,ocr,1,1,phobert-base,0,2026,facebook,test,0
correct_prediction,,False,5013,0,ocr,0,0,phobert-base,0,2026,threads,test,0
false_positive,,True,7127,0,ocr,0,0,phobert-base,1,2026,facebook,test,0
correct_prediction,,True,5130,0,ocr,0,0,phobert-base,0,2026,threads,test,0
correct_prediction,,True,6450,0,ocr,0,0,phobert-base,0,2026,facebook,test,0
false_positive,,True,3230,0,ocr,0,0,phobert-base,1,2026,threads,test,0
correct_prediction,,True,4827,0,ocr,0,0,phobert-base,0,2026,threads,test,0
correct_prediction,,True,2434,1,ocr,1,1,phobert-base,1,2026,facebook,test,0
correct_prediction,,True,1022,0,ocr,0,0,phobert-base,0,2026,threads,test,0
correct_prediction,,False,5302,0,ocr,0,0,phobert-base,0,2026,threads,test,0
correct_prediction,,True,3645,0,ocr,0,0,phobert-base,0,2026,threads,test,0
correct_prediction,,True,1037,0,ocr,0,0,phobert-base,0,2026,threads,test,1
correct_prediction,,True,6000,0,ocr,1,1,phobert-base,1,2026,facebook,test,0
correct_prediction,,True,3179,0,ocr,0,0,phobert-base,0,2026,threads,test,0
correct_prediction,,True,4101,1,ocr,1,1,phobert-base,1,2026,threads,test,0
error_001,,True,618,0,ocr,1,1,phobert-base,0,2026,threads,test,0
correct_prediction,,True,1671,0,ocr,1,1,phobert-base,1,2026,threads,test,1
correct_prediction,,True,4369,0,ocr,0,0,phobert-base,0,2026,threads,test,0
correct_prediction,,True,2428,0,ocr,0,0,phobert-base,0,2026,facebook,test,0
correct_prediction,,True,4304,0,ocr,0,0,phobert-base,0,2026,threads,test,0
error_001,,True,2113,0,ocr,1,1,phobert-base,0,2026,facebook,test,0
error_001,,False,5930,0,ocr,1,1,phobert-base,0,2026,facebook,test,0
correct_prediction,,False,5205,0,ocr,0,0,phobert-base,0,2026,threads,test,0
correct_prediction,,True,411,0,ocr,1,1,phobert-base,1,2026,threads,test,1
correct_prediction,,False,743,0,ocr,0,0,phobert-base,0,2026,threads,test,0
correct_prediction,,True,2558,1,ocr,1,1,phobert-base,1,2026,facebook,test,0
correct_prediction,,True,113,0,ocr,1,1,phobert-base,1,2026,threads,test,1
correct_prediction,,False,426,0,ocr,0,0,phobert-base,0,2026,threads,test,0
error_001,,True,7221,0,ocr,1,1,phobert-base,0,2026,facebook,test,0
correct_prediction,,True,4744,0,ocr,0,0,phobert-base,0,2026,threads,test,0
correct_prediction,,True,7014,1,ocr,1,1,phobert-base,1,2026,facebook,test,0
correct_prediction,,True,7135,1,ocr,1,1,phobert-base,1,2026,facebook,test,0
correct_prediction,,True,6677,0,ocr,1,1,phobert-base,1,2026,facebook,test,0
correct_prediction,,False,5282,0,ocr,0,0,phobert-base,0,2026,threads,test,0
correct_prediction,,True,6037,1,ocr,1,1,phobert-base,1,2026,facebook,test,0
correct_prediction,,True,4241,0,ocr,0,0,phobert-base,0,2026,threads,test,0
correct_prediction,,False,16,0,ocr,0,0,phobert-base,0,2026,threads,test,0
correct_prediction,,True,26,0,ocr,1,1,phobert-base,1,2026,threads,test,1
false_positive,,True,256,0,ocr,0,0,phobert-base,1,2026,threads,test,1
false_positive,,True,6856,1,ocr,0,0,phobert-base,1,2026,facebook,test,0
correct_prediction,,True,4132,0,ocr,0,0,phobert-base,0,2026,threads,test,0
false_positive,,True,3518,0,ocr,0,0,phobert-base,1,2026,threads,test,0
correct_prediction,,False,1348,0,ocr,0,0,phobert-base,0,2026,threads,test,0
correct_prediction,,True,4057,0,ocr,0,0,phobert-base,0,2026,threads,test,0
error_001,,False,2729,0,ocr,1,1,phobert-base,0,2026,facebook,test,0
false_positive,,True,3110,0,ocr,0,0,phobert-base,1,2026,threads,test,0
correct_prediction,,False,1217,0,ocr,0,0,phobert-base,0,2026,threads,test,0
correct_prediction,,False,5119,0,ocr,0,0,phobert-base,0,2026,threads,test,0
correct_prediction,,True,4123,0,ocr,0,0,phobert-base,0,2026,threads,test,0
correct_prediction,,True,3371,0,ocr,0,0,phobert-base,0,2026,threads,test,0
correct_prediction,,False,4607,0,ocr,0,0,phobert-base,0,2026,threads,test,0
error_001,,True,6410,0,ocr,1,1,phobert-base,0,2026,facebook,test,0
false_positive,,True,2435,1,ocr,0,0,phobert-base,1,2026,facebook,test,0
false_positive,,True,5547,0,ocr,0,0,phobert-base,1,2026,threads,test,0
correct_prediction,,True,1901,0,ocr,1,1,phobert-base,1,2026,facebook,test,1
error_001,,True,4258,0,ocr,1,1,phobert-base,0,2026,threads,test,0
correct_prediction,,True,6271,0,ocr,1,1,phobert-base,1,2026,facebook,test,1
correct_prediction,,True,6067,0,ocr,0,0,phobert-base,0,2026,facebook,test,0
correct_prediction,,True,406,0,ocr,0,0,phobert-base,0,2026,threads,test,0
error_001,,True,3143,0,ocr,1,1,phobert-base,0,2026,threads,test,0
correct_prediction,,True,2992,0,ocr,0,0,phobert-base,0,2026,facebook,test,1
error_001,,False,2792,0,ocr,1,1,phobert-base,0,2026,facebook,test,0
correct_prediction,,True,4507,0,ocr,0,0,phobert-base,0,2026,threads,test,0
correct_prediction,,True,2308,0,ocr,1,1,phobert-base,1,2026,facebook,test,0
correct_prediction,,True,1248,0,ocr,0,0,phobert-base,0,2026,threads,test,0
correct_prediction,,True,6011,0,ocr,1,1,phobert-base,1,2026,facebook,test,1
correct_prediction,,True,5925,0,ocr,1,1,phobert-base,1,2026,facebook,test,0
correct_prediction,,True,1397,0,ocr,0,0,phobert-base,0,2026,threads,test,0
correct_prediction,,False,4052,0,ocr,0,0,phobert-base,0,2026,threads,test,0
correct_prediction,,False,665,0,ocr,0,0,phobert-base,0,2026,threads,test,0
correct_prediction,,True,462,0,ocr,0,0,phobert-base,0,2026,threads,test,0
correct_prediction,,True,2337,1,ocr,1,1,phobert-base,1,2026,facebook,test,0
error_001,,True,3260,0,ocr,1,1,phobert-base,0,2026,threads,test,0
correct_prediction,,False,5255,0,ocr,0,0,phobert-base,0,2026,threads,test,0
correct_prediction,,False,3503,0,ocr,0,0,phobert-base,0,2026,threads,test,0
error_001,,False,3209,0,ocr,1,1,phobert-base,0,2026,threads,test,0
correct_prediction,,False,3099,0,ocr,0,0,phobert-base,0,2026,facebook,test,1
false_positive,,True,7058,0,ocr,0,0,phobert-base,1,2026,facebook,test,0
correct_prediction,,True,6116,1,ocr,1,1,phobert-base,1,2026,facebook,test,0
correct_prediction,,False,4698,0,ocr,0,0,phobert-base,0,2026,threads,test,0
correct_prediction,,True,1079,0,ocr,0,0,phobert-base,0,2026,threads,test,0
correct_prediction,,True,4362,1,ocr,1,1,phobert-base,1,2026,threads,test,0
false_positive,,True,2338,1,ocr,0,0,phobert-base,1,2026,facebook,test,0
correct_prediction,,True,7314,0,ocr,1,1,phobert-base,1,2026,facebook,test,1
correct_prediction,,False,629,0,ocr,0,0,phobert-base,0,2026,threads,test,0
error_001,,True,3883,0,ocr,1,1,phobert-base,0,2026,threads,test,0
correct_prediction,,True,5786,0,ocr,0,0,phobert-base,0,2026,facebook,test,0
correct_prediction,,False,3119,0,ocr,0,0,phobert-base,0,2026,threads,test,0
error_001,,False,5894,0,ocr,1,1,phobert-base,0,2026,facebook,test,0
correct_prediction,,True,5084,0,ocr,0,0,phobert-base,0,2026,threads,test,0
correct_prediction,,False,5343,0,ocr,0,0,phobert-base,0,2026,threads,test,0
correct_prediction,,False,4324,0,ocr,0,0,phobert-base,0,2026,threads,test,0
correct_prediction,,True,1216,1,ocr,1,1,phobert-base,1,2026,threads,test,0
correct_prediction,,False,2006,0,ocr,0,0,phobert-base,0,2026,facebook,test,0
correct_prediction,,True,5661,0,ocr,0,0,phobert-base,0,2026,threads,test,0
correct_prediction,,True,5640,0,ocr,0,0,phobert-base,0,2026,threads,test,0
correct_prediction,,True,5765,0,ocr,1,1,phobert-base,1,2026,facebook,test,0
false_positive,,True,5803,0,ocr,0,0,phobert-base,1,42,facebook,test,0
correct_prediction,,True,6388,1,ocr,1,1,phobert-base,1,42,facebook,test,0
correct_prediction,,True,5990,0,ocr,0,0,phobert-base,0,42,facebook,test,0
false_positive,,True,1024,0,ocr,0,0,phobert-base,1,42,threads,test,0
correct_prediction,,True,1075,0,ocr,0,0,phobert-base,0,42,threads,test,0
correct_prediction,,True,4170,0,ocr,0,0,phobert-base,0,42,threads,test,0
false_positive,,True,599,0,ocr,0,0,phobert-base,1,42,threads,test,0
correct_prediction,,False,371,0,ocr,0,0,phobert-base,0,42,threads,test,0
correct_prediction,,False,5811,0,ocr,0,0,phobert-base,0,42,facebook,test,0
false_positive,,True,5986,0,ocr,0,0,phobert-base,1,42,facebook,test,0
correct_prediction,,True,6456,1,ocr,1,1,phobert-base,1,42,facebook,test,1
correct_prediction,,True,6826,0,ocr,1,1,phobert-base,1,42,facebook,test,0
correct_prediction,,False,859,0,ocr,0,0,phobert-base,0,42,threads,test,0
error_001,,False,6562,0,ocr,1,1,phobert-base,0,42,facebook,test,0
correct_prediction,,True,2399,1,ocr,1,1,phobert-base,1,42,facebook,test,0
error_001,,False,6505,0,ocr,1,1,phobert-base,0,42,facebook,test,0
correct_prediction,,True,7292,0,ocr,1,1,phobert-base,1,42,facebook,test,0
correct_prediction,,True,6818,1,ocr,1,1,phobert-base,1,42,facebook,test,0
correct_prediction,,False,4909,0,ocr,0,0,phobert-base,0,42,threads,test,0
correct_prediction,,False,4190,0,ocr,0,0,phobert-base,0,42,threads,test,0
false_positive,,True,6100,0,ocr,0,0,phobert-base,1,42,facebook,test,0
correct_prediction,,True,5033,0,ocr,0,0,phobert-base,0,42,threads,test,0
error_001,,True,5608,0,ocr,1,1,phobert-base,0,42,threads,test,0
correct_prediction,,False,4177,0,ocr,0,0,phobert-base,0,42,threads,test,0
false_positive,,True,3845,0,ocr,0,0,phobert-base,1,42,threads,test,0
error_001,,False,2129,0,ocr,1,1,phobert-base,0,42,facebook,test,0
correct_prediction,,True,5000,0,ocr,1,1,phobert-base,1,42,threads,test,1
correct_prediction,,True,3054,0,ocr,0,0,phobert-base,0,42,facebook,test,0
correct_prediction,,True,3867,0,ocr,0,0,phobert-base,0,42,threads,test,0
correct_prediction,,False,4031,0,ocr,0,0,phobert-base,0,42,threads,test,0
false_positive,,True,1767,1,ocr,0,0,phobert-base,1,42,threads,test,0
correct_prediction,,True,1598,0,ocr,1,1,phobert-base,1,42,threads,test,0
correct_prediction,,False,850,0,ocr,0,0,phobert-base,0,42,threads,test,0
error_001,,True,5978,0,ocr,1,1,phobert-base,0,42,facebook,test,0
correct_prediction,,True,3709,0,ocr,0,0,phobert-base,0,42,threads,test,0
correct_prediction,,True,5782,1,ocr,1,1,phobert-base,1,42,facebook,test,0
correct_prediction,,True,4722,0,ocr,0,0,phobert-base,0,42,threads,test,0
correct_prediction,,True,1801,0,ocr,1,1,phobert-base,1,42,threads,test,0
error_001,,False,2768,0,ocr,1,1,phobert-base,0,42,facebook,test,0
error_001,,False,5737,0,ocr,1,1,phobert-base,0,42,facebook,test,0
error_001,,False,1824,0,ocr,1,1,phobert-base,0,42,threads,test,0
error_001,,True,2321,0,ocr,1,1,phobert-base,0,42,facebook,test,0
correct_prediction,,True,6447,1,ocr,1,1,phobert-base,1,42,facebook,test,0
correct_prediction,,True,255,0,ocr,0,0,phobert-base,0,42,threads,test,0
false_positive,,True,1103,0,ocr,0,0,phobert-base,1,42,threads,test,0
correct_prediction,,True,1228,1,ocr,1,1,phobert-base,1,42,threads,test,0
error_001,,True,4004,0,ocr,1,1,phobert-base,0,42,threads,test,0
correct_prediction,,False,1591,0,ocr,0,0,phobert-base,0,42,threads,test,0
correct_prediction,,False,2861,0,ocr,0,0,phobert-base,0,42,facebook,test,0
correct_prediction,,True,797,0,ocr,1,1,phobert-base,1,42,threads,test,0
correct_prediction,,True,2913,0,ocr,1,1,phobert-base,1,42,facebook,test,1
correct_prediction,,True,6159,1,ocr,1,1,phobert-base,1,42,facebook,test,0
error_001,,False,7007,0,ocr,1,1,phobert-base,0,42,facebook,test,0
correct_prediction,,True,2333,1,ocr,1,1,phobert-base,1,42,facebook,test,0
false_positive,,True,1448,0,ocr,0,0,phobert-base,1,42,threads,test,1
correct_prediction,,True,993,0,ocr,0,0,phobert-base,0,42,threads,test,0
error_001,,False,1978,0,ocr,1,1,phobert-base,0,42,facebook,test,0
correct_prediction,,False,5035,0,ocr,0,0,phobert-base,0,42,threads,test,0
correct_prediction,,False,4647,0,ocr,0,0,phobert-base,0,42,threads,test,0
correct_prediction,,False,4922,0,ocr,0,0,phobert-base,0,42,threads,test,0
correct_prediction,,False,525,0,ocr,0,0,phobert-base,0,42,threads,test,0
correct_prediction,,True,3878,0,ocr,0,0,phobert-base,0,42,threads,test,0
false_positive,,True,2139,0,ocr,0,0,phobert-base,1,42,facebook,test,0
false_positive,,True,314,0,ocr,0,0,phobert-base,1,42,threads,test,0
false_positive,,True,2482,1,ocr,0,0,phobert-base,1,42,facebook,test,0
correct_prediction,,False,5580,0,ocr,0,0,phobert-base,0,42,threads,test,0
correct_prediction,,True,3587,1,ocr,1,1,phobert-base,1,42,threads,test,1
false_positive,,True,196,0,ocr,0,0,phobert-base,1,42,threads,test,0
correct_prediction,,True,6755,1,ocr,1,1,phobert-base,1,42,facebook,test,0
correct_prediction,,True,5335,0,ocr,0,0,phobert-base,0,42,threads,test,0
false_positive,,True,592,0,ocr,0,0,phobert-base,1,42,threads,test,0
correct_prediction,,True,6168,0,ocr,0,0,phobert-base,0,42,facebook,test,0
correct_prediction,,False,5293,0,ocr,0,0,phobert-base,0,42,threads,test,0
false_positive,,True,423,0,ocr,0,0,phobert-base,1,42,threads,test,0
false_positive,,True,6189,0,ocr,0,0,phobert-base,1,42,facebook,test,0
false_positive,,True,1155,0,ocr,0,0,phobert-base,1,42,threads,test,0
correct_prediction,,False,5197,0,ocr,0,0,phobert-base,0,42,threads,test,0
false_positive,,True,464,0,ocr,0,0,phobert-base,1,42,threads,test,0
correct_prediction,,True,6645,1,ocr,1,1,phobert-base,1,42,facebook,test,0
correct_prediction,,False,3992,0,ocr,0,0,phobert-base,0,42,threads,test,0
correct_prediction,,True,2916,0,ocr,1,1,phobert-base,1,42,facebook,test,0
correct_prediction,,True,6098,0,ocr,1,1,phobert-base,1,42,facebook,test,0
correct_prediction,,False,735,0,ocr,0,0,phobert-base,0,42,threads,test,0
false_positive,,True,134,1,ocr,0,0,phobert-base,1,42,threads,test,0
correct_prediction,,True,793,0,ocr,0,0,phobert-base,0,42,threads,test,0
error_001,,False,4475,0,ocr,1,1,phobert-base,0,42,threads,test,0
correct_prediction,,True,4403,0,ocr,0,0,phobert-base,0,42,threads,test,0
correct_prediction,,True,1657,0,ocr,1,1,phobert-base,1,42,threads,test,1
false_positive,,True,533,0,ocr,0,0,phobert-base,1,42,threads,test,1
error_001,,False,6861,0,ocr,1,1,phobert-base,0,42,facebook,test,0
correct_prediction,,True,4136,0,ocr,0,0,phobert-base,0,42,threads,test,0
error_001,,True,6962,0,ocr,1,1,phobert-base,0,42,facebook,test,0
error_001,,True,1716,0,ocr,1,1,phobert-base,0,42,threads,test,0
correct_prediction,,True,6983,0,ocr,1,1,phobert-base,1,42,facebook,test,0
false_positive,,True,3705,0,ocr,0,0,phobert-base,1,42,threads,test,0
correct_prediction,,True,3887,0,ocr,0,0,phobert-base,0,42,threads,test,0
correct_prediction,,True,4269,0,ocr,0,0,phobert-base,0,42,threads,test,0
false_positive,,True,860,0,ocr,0,0,phobert-base,1,42,threads,test,0
error_001,,True,2042,0,ocr,1,1,phobert-base,0,42,facebook,test,0
error_001,,True,5835,0,ocr,1,1,phobert-base,0,42,facebook,test,0
correct_prediction,,False,1953,0,ocr,0,0,phobert-base,0,42,facebook,test,0
error_001,,False,6414,0,ocr,1,1,phobert-base,0,42,facebook,test,0
error_001,,False,6537,0,ocr,1,1,phobert-base,0,42,facebook,test,0
correct_prediction,,False,5825,0,ocr,0,0,phobert-base,0,42,facebook,test,0
false_positive,,True,2096,0,ocr,0,0,phobert-base,1,42,facebook,test,1
false_positive,,True,2627,0,ocr,0,0,phobert-base,1,42,facebook,test,0
correct_prediction,,False,2757,0,ocr,0,0,phobert-base,0,42,facebook,test,0
correct_prediction,,True,1684,0,ocr,0,0,phobert-base,0,42,threads,test,0
error_001,,True,2005,0,ocr,1,1,phobert-base,0,42,facebook,test,0
correct_prediction,,True,5014,0,ocr,0,0,phobert-base,0,42,threads,test,0
correct_prediction,,True,4892,0,ocr,0,0,phobert-base,0,42,threads,test,0
correct_prediction,,False,5589,0,ocr,0,0,phobert-base,0,42,threads,test,0
false_positive,,True,2206,0,ocr,0,0,phobert-base,1,42,facebook,test,1
correct_prediction,,False,5202,0,ocr,0,0,phobert-base,0,42,threads,test,0
correct_prediction,,True,1329,0,ocr,0,0,phobert-base,0,42,threads,test,1
correct_prediction,,True,613,1,ocr,1,1,phobert-base,1,42,threads,test,1
correct_prediction,,True,47,0,ocr,1,1,phobert-base,1,42,threads,test,0
error_001,,False,3398,0,ocr,1,1,phobert-base,0,42,threads,test,0
correct_prediction,,False,3695,0,ocr,0,0,phobert-base,0,42,threads,test,0
correct_prediction,,True,3365,0,ocr,0,0,phobert-base,0,42,threads,test,1
correct_prediction,,True,513,0,ocr,0,0,phobert-base,0,42,threads,test,0
correct_prediction,,False,7022,0,ocr,0,0,phobert-base,0,42,facebook,test,0
false_positive,,True,2459,0,ocr,0,0,phobert-base,1,42,facebook,test,0
correct_prediction,,True,1813,0,ocr,1,1,phobert-base,1,42,threads,test,0
correct_prediction,,True,4433,0,ocr,1,1,phobert-base,1,42,threads,test,1
false_positive,,True,1761,0,ocr,0,0,phobert-base,1,42,threads,test,0
correct_prediction,,False,800,0,ocr,0,0,phobert-base,0,42,threads,test,0
correct_prediction,,True,107,0,ocr,0,0,phobert-base,0,42,threads,test,1
correct_prediction,,True,980,0,ocr,0,0,phobert-base,0,42,threads,test,0
correct_prediction,,False,4819,0,ocr,0,0,phobert-base,0,42,threads,test,0
correct_prediction,,True,4321,0,ocr,0,0,phobert-base,0,42,threads,test,0
correct_prediction,,True,2506,1,ocr,1,1,phobert-base,1,42,facebook,test,0
error_001,,True,1126,0,ocr,1,1,phobert-base,0,42,threads,test,0
correct_prediction,,True,1570,0,ocr,0,0,phobert-base,0,42,threads,test,0
false_positive,,True,2368,1,ocr,0,0,phobert-base,1,42,facebook,test,0
correct_prediction,,True,4037,0,ocr,0,0,phobert-base,0,42,threads,test,0
correct_prediction,,True,1863,1,ocr,1,1,phobert-base,1,42,facebook,test,0
correct_prediction,,True,1635,0,ocr,0,0,phobert-base,0,42,threads,test,0
error_001,,False,6894,0,ocr,1,1,phobert-base,0,42,facebook,test,0
correct_prediction,,False,5474,0,ocr,0,0,phobert-base,0,42,threads,test,0
false_positive,,True,1791,0,ocr,0,0,phobert-base,1,42,threads,test,1
correct_prediction,,True,7209,0,ocr,1,1,phobert-base,1,42,facebook,test,0
false_positive,,True,5072,0,ocr,0,0,phobert-base,1,42,threads,test,0
false_positive,,True,7123,0,ocr,0,0,phobert-base,1,42,facebook,test,0
false_positive,,True,2233,1,ocr,0,0,phobert-base,1,42,facebook,test,0
error_001,,False,2015,0,ocr,1,1,phobert-base,0,42,facebook,test,0
error_001,,False,6784,0,ocr,1,1,phobert-base,0,42,facebook,test,0
correct_prediction,,True,403,0,ocr,0,0,phobert-base,0,42,threads,test,0
false_positive,,True,6090,0,ocr,0,0,phobert-base,1,42,facebook,test,0
correct_prediction,,False,677,0,ocr,0,0,phobert-base,0,42,threads,test,0
error_001,,True,6493,0,ocr,1,1,phobert-base,0,42,facebook,test,0
correct_prediction,,False,5495,0,ocr,0,0,phobert-base,0,42,threads,test,0
correct_prediction,,True,5802,0,ocr,1,1,phobert-base,1,42,facebook,test,0
correct_prediction,,True,6800,0,ocr,1,1,phobert-base,1,42,facebook,test,0
correct_prediction,,False,3949,0,ocr,0,0,phobert-base,0,42,threads,test,0
correct_prediction,,True,2320,0,ocr,1,1,phobert-base,1,42,facebook,test,0
correct_prediction,,False,3805,0,ocr,0,0,phobert-base,0,42,threads,test,0
correct_prediction,,True,6404,0,ocr,0,0,phobert-base,0,42,facebook,test,0
correct_prediction,,False,4036,0,ocr,0,0,phobert-base,0,42,threads,test,0
correct_prediction,,True,2397,1,ocr,1,1,phobert-base,1,42,facebook,test,0
correct_prediction,,True,3609,0,ocr,0,0,phobert-base,0,42,threads,test,0
correct_prediction,,False,4950,0,ocr,0,0,phobert-base,0,42,threads,test,0
error_001,,False,7228,0,ocr,1,1,phobert-base,0,42,facebook,test,0
correct_prediction,,False,4770,0,ocr,0,0,phobert-base,0,42,threads,test,0
error_001,,True,2744,0,ocr,1,1,phobert-base,0,42,facebook,test,0
correct_prediction,,True,4924,0,ocr,0,0,phobert-base,0,42,threads,test,0
correct_prediction,,True,3104,0,ocr,1,1,phobert-base,1,42,threads,test,1
false_positive,,True,5906,0,ocr,0,0,phobert-base,1,42,facebook,test,0
false_positive,,True,6375,0,ocr,0,0,phobert-base,1,42,facebook,test,0
correct_prediction,,True,2438,0,ocr,1,1,phobert-base,1,42,facebook,test,0
error_001,,False,4611,0,ocr,1,1,phobert-base,0,42,threads,test,0
correct_prediction,,True,3164,0,ocr,1,1,phobert-base,1,42,threads,test,0
correct_prediction,,True,2929,0,ocr,1,1,phobert-base,1,42,facebook,test,0
error_001,,False,6564,0,ocr,1,1,phobert-base,0,42,facebook,test,0
false_positive,,True,3857,0,ocr,0,0,phobert-base,1,42,threads,test,0
false_positive,,True,1054,0,ocr,0,0,phobert-base,1,42,threads,test,0
error_001,,False,6734,0,ocr,1,1,phobert-base,0,42,facebook,test,0
correct_prediction,,True,7011,1,ocr,1,1,phobert-base,1,42,facebook,test,0
correct_prediction,,False,5961,0,ocr,0,0,phobert-base,0,42,facebook,test,0
correct_prediction,,True,2064,0,ocr,0,0,phobert-base,0,42,facebook,test,0
correct_prediction,,False,3666,0,ocr,0,0,phobert-base,0,42,threads,test,0
error_001,,False,1392,0,ocr,1,1,phobert-base,0,42,threads,test,0
false_positive,,True,3125,0,ocr,0,0,phobert-base,1,42,threads,test,0
false_positive,,True,5288,0,ocr,0,0,phobert-base,1,42,threads,test,0
error_001,,False,591,0,ocr,1,1,phobert-base,0,42,threads,test,0
error_001,,False,6634,0,ocr,1,1,phobert-base,0,42,facebook,test,0
correct_prediction,,True,3875,1,ocr,1,1,phobert-base,1,42,threads,test,0
correct_prediction,,True,1280,1,ocr,1,1,phobert-base,1,42,threads,test,0
correct_prediction,,True,430,1,ocr,1,1,phobert-base,1,42,threads,test,0
correct_prediction,,False,889,0,ocr,0,0,phobert-base,0,42,threads,test,0
correct_prediction,,False,5371,0,ocr,0,0,phobert-base,0,42,threads,test,0
correct_prediction,,True,715,0,ocr,0,0,phobert-base,0,42,threads,test,0
false_positive,,True,2463,0,ocr,0,0,phobert-base,1,42,facebook,test,0
correct_prediction,,True,4461,0,ocr,1,1,phobert-base,1,42,threads,test,0
false_positive,,True,4232,0,ocr,0,0,phobert-base,1,42,threads,test,0
correct_prediction,,True,3372,0,ocr,1,1,phobert-base,1,42,threads,test,0
correct_prediction,,True,6297,1,ocr,1,1,phobert-base,1,42,facebook,test,0
correct_prediction,,False,4881,0,ocr,0,0,phobert-base,0,42,threads,test,0
false_positive,,True,1480,0,ocr,0,0,phobert-base,1,42,threads,test,1
correct_prediction,,True,116,0,ocr,1,1,phobert-base,1,42,threads,test,0
false_positive,,True,6181,0,ocr,0,0,phobert-base,1,42,facebook,test,0
correct_prediction,,False,721,0,ocr,0,0,phobert-base,0,42,threads,test,0
correct_prediction,,False,5590,0,ocr,0,0,phobert-base,0,42,threads,test,0
correct_prediction,,True,5322,0,ocr,1,1,phobert-base,1,42,threads,test,1
correct_prediction,,False,4504,0,ocr,0,0,phobert-base,0,42,threads,test,0
correct_prediction,,False,1121,0,ocr,0,0,phobert-base,0,42,threads,test,0
correct_prediction,,False,5224,0,ocr,0,0,phobert-base,0,42,threads,test,0
correct_prediction,,True,1623,0,ocr,0,0,phobert-base,0,42,threads,test,0
correct_prediction,,False,4503,0,ocr,0,0,phobert-base,0,42,threads,test,0
correct_prediction,,True,188,0,ocr,0,0,phobert-base,0,42,threads,test,1
error_001,,True,276,0,ocr,1,1,phobert-base,0,42,threads,test,0
correct_prediction,,False,4625,0,ocr,0,0,phobert-base,0,42,threads,test,0
correct_prediction,,True,4164,0,ocr,0,0,phobert-base,0,42,threads,test,0
correct_prediction,,True,6329,0,ocr,1,1,phobert-base,1,42,facebook,test,0
false_positive,,True,4964,0,ocr,0,0,phobert-base,1,42,threads,test,0
false_positive,,True,4669,0,ocr,0,0,phobert-base,1,42,threads,test,0
false_positive,,True,4201,0,ocr,0,0,phobert-base,1,42,threads,test,0
correct_prediction,,True,1714,0,ocr,1,1,phobert-base,1,42,threads,test,0
error_001,,True,209,0,ocr,1,1,phobert-base,0,42,threads,test,0
error_001,,True,4048,0,ocr,1,1,phobert-base,0,42,threads,test,0
correct_prediction,,True,6968,1,ocr,1,1,phobert-base,1,42,facebook,test,0
correct_prediction,,True,2151,1,ocr,1,1,phobert-base,1,42,facebook,test,0
false_positive,,True,5565,0,ocr,0,0,phobert-base,1,42,threads,test,0
error_001,,False,6476,0,ocr,1,1,phobert-base,0,42,facebook,test,0
false_positive,,True,5666,0,ocr,0,0,phobert-base,1,42,threads,test,0
correct_prediction,,False,3827,0,ocr,0,0,phobert-base,0,42,threads,test,0
error_001,,False,1207,0,ocr,1,1,phobert-base,0,42,threads,test,0
false_positive,,True,6735,0,ocr,0,0,phobert-base,1,42,facebook,test,0
false_positive,,True,932,0,ocr,0,0,phobert-base,1,42,threads,test,0
false_positive,,True,235,0,ocr,0,0,phobert-base,1,42,threads,test,0
correct_prediction,,False,593,0,ocr,0,0,phobert-base,0,42,threads,test,0
false_positive,,True,2166,0,ocr,0,0,phobert-base,1,42,facebook,test,0
false_positive,,True,6353,0,ocr,0,0,phobert-base,1,42,facebook,test,0
correct_prediction,,True,137,0,ocr,0,0,phobert-base,0,42,threads,test,0
correct_prediction,,False,4545,0,ocr,0,0,phobert-base,0,42,threads,test,0
correct_prediction,,False,4901,0,ocr,0,0,phobert-base,0,42,threads,test,0
false_positive,,True,333,0,ocr,0,0,phobert-base,1,42,threads,test,0
correct_prediction,,False,4040,0,ocr,0,0,phobert-base,0,42,threads,test,0
false_positive,,True,289,0,ocr,0,0,phobert-base,1,42,threads,test,0
correct_prediction,,True,361,0,ocr,0,0,phobert-base,0,42,threads,test,0
false_positive,,True,2216,0,ocr,0,0,phobert-base,1,42,facebook,test,0
correct_prediction,,True,2356,1,ocr,1,1,phobert-base,1,42,facebook,test,0
correct_prediction,,True,1686,0,ocr,0,0,phobert-base,0,42,threads,test,0
error_001,,False,6644,0,ocr,1,1,phobert-base,0,42,facebook,test,0
correct_prediction,,True,2715,0,ocr,0,0,phobert-base,0,42,facebook,test,0
correct_prediction,,True,3510,0,ocr,0,0,phobert-base,0,42,threads,test,0
error_001,,True,5575,0,ocr,1,1,phobert-base,0,42,threads,test,0
correct_prediction,,True,548,0,ocr,0,0,phobert-base,0,42,threads,test,0
correct_prediction,,True,427,0,ocr,0,0,phobert-base,0,42,threads,test,0
false_positive,,True,5880,0,ocr,0,0,phobert-base,1,42,facebook,test,0
correct_prediction,,False,4651,0,ocr,0,0,phobert-base,0,42,threads,test,0
correct_prediction,,True,3635,0,ocr,0,0,phobert-base,0,42,threads,test,0
correct_prediction,,True,1325,1,ocr,1,1,phobert-base,1,42,threads,test,0
correct_prediction,,False,4510,0,ocr,0,0,phobert-base,0,42,threads,test,0
correct_prediction,,True,5245,0,ocr,0,0,phobert-base,0,42,threads,test,0
correct_prediction,,True,5533,0,ocr,1,1,phobert-base,1,42,threads,test,1
error_001,,False,2629,0,ocr,1,1,phobert-base,0,42,facebook,test,0
correct_prediction,,True,5061,0,ocr,0,0,phobert-base,0,42,threads,test,0
correct_prediction,,True,2280,1,ocr,1,1,phobert-base,1,42,facebook,test,0
false_positive,,True,3850,0,ocr,0,0,phobert-base,1,42,threads,test,0
correct_prediction,,False,3533,0,ocr,0,0,phobert-base,0,42,threads,test,0
false_positive,,True,7009,0,ocr,0,0,phobert-base,1,42,facebook,test,0
false_positive,,True,5548,0,ocr,0,0,phobert-base,1,42,threads,test,0
false_positive,,True,2215,0,ocr,0,0,phobert-base,1,42,facebook,test,0
correct_prediction,,True,2229,0,ocr,0,0,phobert-base,0,42,facebook,test,0
correct_prediction,,True,2947,0,ocr,1,1,phobert-base,1,42,facebook,test,0
correct_prediction,,True,4088,0,ocr,0,0,phobert-base,0,42,threads,test,0
correct_prediction,,False,1574,0,ocr,0,0,phobert-base,0,42,threads,test,0
error_001,,False,2713,0,ocr,1,1,phobert-base,0,42,facebook,test,0
false_positive,,True,3881,0,ocr,0,0,phobert-base,1,42,threads,test,0
correct_prediction,,True,1734,0,ocr,0,0,phobert-base,0,42,threads,test,0
false_positive,,True,6961,0,ocr,0,0,phobert-base,1,42,facebook,test,0
correct_prediction,,True,4575,0,ocr,0,0,phobert-base,0,42,threads,test,0
correct_prediction,,True,1417,0,ocr,0,0,phobert-base,0,42,threads,test,0
false_positive,,True,3267,0,ocr,0,0,phobert-base,1,42,threads,test,0
correct_prediction,,False,1298,0,ocr,0,0,phobert-base,0,42,threads,test,0
correct_prediction,,True,7214,0,ocr,1,1,phobert-base,1,42,facebook,test,0
correct_prediction,,False,5140,0,ocr,0,0,phobert-base,0,42,threads,test,0
correct_prediction,,True,7215,0,ocr,0,0,phobert-base,0,42,facebook,test,0
correct_prediction,,True,619,0,ocr,1,1,phobert-base,1,42,threads,test,0
correct_prediction,,True,2544,1,ocr,1,1,phobert-base,1,42,facebook,test,0
error_001,,True,2894,0,ocr,1,1,phobert-base,0,42,facebook,test,0
false_positive,,True,668,0,ocr,0,0,phobert-base,1,42,threads,test,0
correct_prediction,,True,308,0,ocr,1,1,phobert-base,1,42,threads,test,0
correct_prediction,,True,2727,1,ocr,1,1,phobert-base,1,42,facebook,test,0
correct_prediction,,False,1107,0,ocr,0,0,phobert-base,0,42,threads,test,1
correct_prediction,,False,834,0,ocr,0,0,phobert-base,0,42,threads,test,0
correct_prediction,,True,30,0,ocr,0,0,phobert-base,0,42,threads,test,0
false_positive,,True,2564,0,ocr,0,0,phobert-base,1,42,facebook,test,0
correct_prediction,,False,3673,0,ocr,0,0,phobert-base,0,42,threads,test,0
correct_prediction,,True,2048,0,ocr,0,0,phobert-base,0,42,facebook,test,0
correct_prediction,,True,2303,0,ocr,0,0,phobert-base,0,42,facebook,test,0
correct_prediction,,True,4498,0,ocr,0,0,phobert-base,0,42,threads,test,0
error_001,,False,5995,0,ocr,1,1,phobert-base,0,42,facebook,test,0
correct_prediction,,True,1464,0,ocr,0,0,phobert-base,0,42,threads,test,0
correct_prediction,,True,147,0,ocr,0,0,phobert-base,0,42,threads,test,0
correct_prediction,,True,6310,1,ocr,1,1,phobert-base,1,42,facebook,test,0
error_001,,True,7328,0,ocr,1,1,phobert-base,0,42,facebook,test,0
correct_prediction,,False,2818,0,ocr,0,0,phobert-base,0,42,facebook,test,0
correct_prediction,,True,5703,0,ocr,0,0,phobert-base,0,42,facebook,test,0
correct_prediction,,False,817,0,ocr,0,0,phobert-base,0,42,threads,test,0
correct_prediction,,False,3622,0,ocr,0,0,phobert-base,0,42,threads,test,0
correct_prediction,,False,5024,0,ocr,0,0,phobert-base,0,42,threads,test,0
error_001,,False,2203,0,ocr,1,1,phobert-base,0,42,facebook,test,0
error_001,,False,6536,0,ocr,1,1,phobert-base,0,42,facebook,test,0
correct_prediction,,False,204,0,ocr,0,0,phobert-base,0,42,threads,test,1
error_001,,True,491,0,ocr,1,1,phobert-base,0,42,threads,test,0
correct_prediction,,False,1960,0,ocr,0,0,phobert-base,0,42,facebook,test,0
correct_prediction,,False,718,0,ocr,0,0,phobert-base,0,42,threads,test,0
false_positive,,True,6394,0,ocr,0,0,phobert-base,1,42,facebook,test,0
error_001,,False,53,0,ocr,1,1,phobert-base,0,42,threads,test,0
correct_prediction,,False,2787,0,ocr,0,0,phobert-base,0,42,facebook,test,0
correct_prediction,,True,5089,0,ocr,0,0,phobert-base,0,42,threads,test,0
false_positive,,True,1789,0,ocr,0,0,phobert-base,1,42,threads,test,1
error_001,,False,6978,0,ocr,1,1,phobert-base,0,42,facebook,test,0
correct_prediction,,True,1413,0,ocr,1,1,phobert-base,1,42,threads,test,1
error_001,,True,6577,0,ocr,1,1,phobert-base,0,42,facebook,test,0
correct_prediction,,True,3769,0,ocr,0,0,phobert-base,0,42,threads,test,0
correct_prediction,,False,335,0,ocr,0,0,phobert-base,0,42,threads,test,0
correct_prediction,,True,5219,0,ocr,0,0,phobert-base,0,42,threads,test,0
false_positive,,True,7086,0,ocr,0,0,phobert-base,1,42,facebook,test,0
error_001,,True,3896,0,ocr,1,1,phobert-base,0,42,threads,test,0
false_positive,,True,2590,0,ocr,0,0,phobert-base,1,42,facebook,test,0
false_positive,,True,7049,0,ocr,0,0,phobert-base,1,42,facebook,test,0
error_001,,False,2805,0,ocr,1,1,phobert-base,0,42,facebook,test,0
correct_prediction,,True,3496,0,ocr,0,0,phobert-base,0,42,threads,test,0
correct_prediction,,True,2367,1,ocr,1,1,phobert-base,1,42,facebook,test,0
error_001,,True,3746,0,ocr,1,1,phobert-base,0,42,threads,test,0
false_positive,,True,6337,0,ocr,0,0,phobert-base,1,42,facebook,test,0
error_001,,True,4887,0,ocr,1,1,phobert-base,0,42,threads,test,0
correct_prediction,,True,2585,1,ocr,1,1,phobert-base,1,42,facebook,test,0
correct_prediction,,True,2288,1,ocr,1,1,phobert-base,1,42,facebook,test,0
correct_prediction,,True,2134,0,ocr,0,0,phobert-base,0,42,facebook,test,0
correct_prediction,,False,3685,0,ocr,0,0,phobert-base,0,42,threads,test,0
error_001,,False,5736,0,ocr,1,1,phobert-base,0,42,facebook,test,0
correct_prediction,,True,3225,0,ocr,0,0,phobert-base,0,42,threads,test,0
correct_prediction,,True,5074,0,ocr,0,0,phobert-base,0,42,threads,test,0
correct_prediction,,True,3866,0,ocr,0,0,phobert-base,0,42,threads,test,0
correct_prediction,,True,2695,0,ocr,1,1,phobert-base,1,42,facebook,test,1
false_positive,,True,3968,0,ocr,0,0,phobert-base,1,42,threads,test,0
correct_prediction,,False,4720,0,ocr,0,0,phobert-base,0,42,threads,test,0
correct_prediction,,False,3713,0,ocr,0,0,phobert-base,0,42,threads,test,0
correct_prediction,,False,1809,0,ocr,0,0,phobert-base,0,42,threads,test,0
correct_prediction,,True,3678,0,ocr,0,0,phobert-base,0,42,threads,test,0
correct_prediction,,False,1974,0,ocr,0,0,phobert-base,0,42,facebook,test,0
correct_prediction,,False,4805,0,ocr,0,0,phobert-base,0,42,threads,test,0
correct_prediction,,True,3940,0,ocr,1,1,phobert-base,1,42,threads,test,1
false_positive,,True,4026,0,ocr,0,0,phobert-base,1,42,threads,test,1
correct_prediction,,True,557,0,ocr,0,0,phobert-base,0,42,threads,test,0
correct_prediction,,True,7287,0,ocr,1,1,phobert-base,1,42,facebook,test,1
correct_prediction,,True,2187,0,ocr,1,1,phobert-base,1,42,facebook,test,0
error_001,,True,1647,0,ocr,1,1,phobert-base,0,42,threads,test,0
error_001,,True,6436,0,ocr,1,1,phobert-base,0,42,facebook,test,0
correct_prediction,,True,4220,0,ocr,0,0,phobert-base,0,42,threads,test,0
correct_prediction,,False,138,0,ocr,0,0,phobert-base,0,42,threads,test,0
correct_prediction,,True,2639,0,ocr,1,1,phobert-base,1,42,facebook,test,0
correct_prediction,,False,4705,0,ocr,0,0,phobert-base,0,42,threads,test,0
correct_prediction,,True,3475,0,ocr,0,0,phobert-base,0,42,threads,test,0
correct_prediction,,True,1056,0,ocr,0,0,phobert-base,0,42,threads,test,0
error_001,,True,1453,0,ocr,1,1,phobert-base,0,42,threads,test,0
correct_prediction,,True,5220,0,ocr,1,1,phobert-base,1,42,threads,test,0
error_001,,False,6847,0,ocr,1,1,phobert-base,0,42,facebook,test,0
correct_prediction,,False,3219,0,ocr,0,0,phobert-base,0,42,threads,test,0
correct_prediction,,True,1040,0,ocr,0,0,phobert-base,0,42,threads,test,0
correct_prediction,,True,1703,1,ocr,1,1,phobert-base,1,42,threads,test,1
correct_prediction,,True,1271,0,ocr,0,0,phobert-base,0,42,threads,test,0
correct_prediction,,True,2870,0,ocr,1,1,phobert-base,1,42,facebook,test,1
correct_prediction,,True,4764,0,ocr,0,0,phobert-base,0,42,threads,test,0
correct_prediction,,True,5650,0,ocr,1,1,phobert-base,1,42,threads,test,1
correct_prediction,,False,4635,0,ocr,0,0,phobert-base,0,42,threads,test,0
correct_prediction,,True,4713,0,ocr,0,0,phobert-base,0,42,threads,test,0
false_positive,,True,4718,0,ocr,0,0,phobert-base,1,42,threads,test,0
correct_prediction,,True,5865,1,ocr,1,1,phobert-base,1,42,facebook,test,0
correct_prediction,,False,5047,0,ocr,0,0,phobert-base,0,42,threads,test,0
correct_prediction,,True,2358,0,ocr,1,1,phobert-base,1,42,facebook,test,0
correct_prediction,,True,2093,0,ocr,0,0,phobert-base,0,42,facebook,test,0
correct_prediction,,False,5077,0,ocr,0,0,phobert-base,0,42,threads,test,0
error_001,,False,3731,0,ocr,1,1,phobert-base,0,42,threads,test,0
correct_prediction,,True,1660,0,ocr,1,1,phobert-base,1,42,threads,test,1
correct_prediction,,False,3788,0,ocr,0,0,phobert-base,0,42,threads,test,0
correct_prediction,,True,4435,0,ocr,0,0,phobert-base,0,42,threads,test,0
false_positive,,True,3079,0,ocr,0,0,phobert-base,1,42,facebook,test,0
correct_prediction,,True,5515,0,ocr,0,0,phobert-base,0,42,threads,test,0
correct_prediction,,True,5562,0,ocr,0,0,phobert-base,0,42,threads,test,0
false_positive,,True,7331,0,ocr,0,0,phobert-base,1,42,facebook,test,0
error_001,,False,6680,0,ocr,1,1,phobert-base,0,42,facebook,test,0
error_001,,False,7141,0,ocr,1,1,phobert-base,0,42,facebook,test,0
false_positive,,True,7295,0,ocr,0,0,phobert-base,1,42,facebook,test,0
false_positive,,True,7100,0,ocr,0,0,phobert-base,1,42,facebook,test,0
correct_prediction,,True,902,0,ocr,1,1,phobert-base,1,42,threads,test,1
correct_prediction,,True,4456,0,ocr,0,0,phobert-base,0,42,threads,test,0
correct_prediction,,False,1369,0,ocr,0,0,phobert-base,0,42,threads,test,0
correct_prediction,,True,3015,0,ocr,0,0,phobert-base,0,42,facebook,test,1
correct_prediction,,True,5378,0,ocr,0,0,phobert-base,0,42,threads,test,0
false_positive,,True,2763,0,ocr,0,0,phobert-base,1,42,facebook,test,0
correct_prediction,,False,6360,0,ocr,0,0,phobert-base,0,42,facebook,test,0
correct_prediction,,True,3117,0,ocr,0,0,phobert-base,0,42,threads,test,0
error_001,,True,6106,0,ocr,1,1,phobert-base,0,42,facebook,test,0
correct_prediction,,True,2521,0,ocr,1,1,phobert-base,1,42,facebook,test,0
correct_prediction,,True,990,0,ocr,0,0,phobert-base,0,42,threads,test,0
correct_prediction,,False,1503,0,ocr,0,0,phobert-base,0,42,threads,test,0
correct_prediction,,True,1490,0,ocr,0,0,phobert-base,0,42,threads,test,0
correct_prediction,,False,3623,0,ocr,0,0,phobert-base,0,42,threads,test,0
correct_prediction,,True,987,1,ocr,1,1,phobert-base,1,42,threads,test,1
correct_prediction,,True,4401,0,ocr,0,0,phobert-base,0,42,threads,test,0
error_001,,False,6855,0,ocr,1,1,phobert-base,0,42,facebook,test,0
false_positive,,True,6049,0,ocr,0,0,phobert-base,1,42,facebook,test,0
correct_prediction,,False,812,0,ocr,0,0,phobert-base,0,42,threads,test,0
correct_prediction,,False,4267,0,ocr,0,0,phobert-base,0,42,threads,test,0
correct_prediction,,True,4197,0,ocr,0,0,phobert-base,0,42,threads,test,1
false_positive,,True,2296,0,ocr,0,0,phobert-base,1,42,facebook,test,0
correct_prediction,,True,6594,0,ocr,1,1,phobert-base,1,42,facebook,test,0
correct_prediction,,True,6977,1,ocr,1,1,phobert-base,1,42,facebook,test,0
correct_prediction,,True,5139,0,ocr,0,0,phobert-base,0,42,threads,test,0
correct_prediction,,True,3289,0,ocr,0,0,phobert-base,0,42,threads,test,0
error_001,,True,1624,0,ocr,1,1,phobert-base,0,42,threads,test,0
correct_prediction,,False,3952,0,ocr,0,0,phobert-base,0,42,threads,test,1
correct_prediction,,True,6060,0,ocr,0,0,phobert-base,0,42,facebook,test,0
error_001,,False,3824,0,ocr,1,1,phobert-base,0,42,threads,test,0
correct_prediction,,True,5482,0,ocr,0,0,phobert-base,0,42,threads,test,0
correct_prediction,,False,5568,0,ocr,0,0,phobert-base,0,42,threads,test,0
false_positive,,True,3913,0,ocr,0,0,phobert-base,1,42,threads,test,0
correct_prediction,,True,7004,0,ocr,1,1,phobert-base,1,42,facebook,test,0
correct_prediction,,False,4871,0,ocr,0,0,phobert-base,0,42,threads,test,0
false_positive,,True,3960,0,ocr,0,0,phobert-base,1,42,threads,test,0
error_001,,False,4500,0,ocr,1,1,phobert-base,0,42,threads,test,0
correct_prediction,,True,1688,0,ocr,0,0,phobert-base,0,42,threads,test,0
error_001,,False,7092,0,ocr,1,1,phobert-base,0,42,facebook,test,0
correct_prediction,,True,3491,0,ocr,0,0,phobert-base,0,42,threads,test,0
correct_prediction,,False,5564,0,ocr,0,0,phobert-base,0,42,threads,test,0
false_positive,,True,7220,1,ocr,0,0,phobert-base,1,42,facebook,test,0
correct_prediction,,True,6151,0,ocr,0,0,phobert-base,0,42,facebook,test,0
correct_prediction,,True,2470,1,ocr,1,1,phobert-base,1,42,facebook,test,0
false_positive,,True,1964,0,ocr,0,0,phobert-base,1,42,facebook,test,0
correct_prediction,,True,2382,1,ocr,1,1,phobert-base,1,42,facebook,test,0
false_positive,,True,4272,0,ocr,0,0,phobert-base,1,42,threads,test,0
error_001,,False,1867,0,ocr,1,1,phobert-base,0,42,facebook,test,0
correct_prediction,,True,5421,0,ocr,0,0,phobert-base,0,42,threads,test,0
correct_prediction,,True,4755,0,ocr,0,0,phobert-base,0,42,threads,test,0
correct_prediction,,False,826,0,ocr,0,0,phobert-base,0,42,threads,test,1
correct_prediction,,True,3167,0,ocr,0,0,phobert-base,0,42,threads,test,0
error_001,,False,1463,0,ocr,1,1,phobert-base,0,42,threads,test,0
error_001,,False,6823,0,ocr,1,1,phobert-base,0,42,facebook,test,0
correct_prediction,,True,4355,0,ocr,1,1,phobert-base,1,42,threads,test,0
correct_prediction,,True,1906,0,ocr,1,1,phobert-base,1,42,facebook,test,0
correct_prediction,,True,4344,0,ocr,0,0,phobert-base,0,42,threads,test,0
correct_prediction,,True,5788,0,ocr,1,1,phobert-base,1,42,facebook,test,0
false_positive,,True,3159,0,ocr,0,0,phobert-base,1,42,threads,test,0
false_positive,,True,4902,0,ocr,0,0,phobert-base,1,42,threads,test,0
correct_prediction,,True,144,0,ocr,1,1,phobert-base,1,42,threads,test,1
false_positive,,True,6761,0,ocr,0,0,phobert-base,1,42,facebook,test,1
false_positive,,True,805,0,ocr,0,0,phobert-base,1,42,threads,test,0
correct_prediction,,True,7186,0,ocr,1,1,phobert-base,1,42,facebook,test,0
false_positive,,True,3182,0,ocr,0,0,phobert-base,1,42,threads,test,0
correct_prediction,,False,4092,0,ocr,0,0,phobert-base,0,42,threads,test,0
correct_prediction,,False,5450,0,ocr,0,0,phobert-base,0,42,threads,test,0
correct_prediction,,False,3378,0,ocr,0,0,phobert-base,0,42,threads,test,0
error_001,,False,6551,0,ocr,1,1,phobert-base,0,42,facebook,test,0
error_001,,True,3487,0,ocr,1,1,phobert-base,0,42,threads,test,0
error_001,,True,2049,0,ocr,1,1,phobert-base,0,42,facebook,test,0
correct_prediction,,True,3667,0,ocr,0,0,phobert-base,0,42,threads,test,0
correct_prediction,,True,5702,0,ocr,1,1,phobert-base,1,42,facebook,test,1
correct_prediction,,True,7250,0,ocr,1,1,phobert-base,1,42,facebook,test,1
false_positive,,True,3969,0,ocr,0,0,phobert-base,1,42,threads,test,0
correct_prediction,,True,478,0,ocr,0,0,phobert-base,0,42,threads,test,1
false_positive,,True,5816,0,ocr,0,0,phobert-base,1,42,facebook,test,0
false_positive,,True,1043,0,ocr,0,0,phobert-base,1,42,threads,test,0
correct_prediction,,True,6451,1,ocr,1,1,phobert-base,1,42,facebook,test,0
false_positive,,True,2990,0,ocr,0,0,phobert-base,1,42,facebook,test,0
correct_prediction,,False,5193,0,ocr,0,0,phobert-base,0,42,threads,test,0
correct_prediction,,True,7159,0,ocr,0,0,phobert-base,0,42,facebook,test,0
correct_prediction,,True,6556,0,ocr,0,0,phobert-base,0,42,facebook,test,0
correct_prediction,,False,4752,0,ocr,0,0,phobert-base,0,42,threads,test,0
correct_prediction,,True,7277,1,ocr,1,1,phobert-base,1,42,facebook,test,0
error_001,,False,6960,0,ocr,1,1,phobert-base,0,42,facebook,test,0
correct_prediction,,False,4514,0,ocr,0,0,phobert-base,0,42,threads,test,0
correct_prediction,,False,5281,0,ocr,0,0,phobert-base,0,42,threads,test,0
correct_prediction,,False,555,0,ocr,0,0,phobert-base,0,42,threads,test,0
correct_prediction,,True,7074,1,ocr,1,1,phobert-base,1,42,facebook,test,0
correct_prediction,,False,4038,0,ocr,0,0,phobert-base,0,42,threads,test,0
error_001,,False,5054,0,ocr,1,1,phobert-base,0,42,threads,test,0
correct_prediction,,True,6051,0,ocr,0,0,phobert-base,0,42,facebook,test,0
false_positive,,True,6443,0,ocr,0,0,phobert-base,1,42,facebook,test,0
correct_prediction,,True,6603,1,ocr,1,1,phobert-base,1,42,facebook,test,0
error_001,,False,5760,0,ocr,1,1,phobert-base,0,42,facebook,test,0
correct_prediction,,True,2538,1,ocr,1,1,phobert-base,1,42,facebook,test,0
false_positive,,True,3665,0,ocr,0,0,phobert-base,1,42,threads,test,0
correct_prediction,,True,2529,1,ocr,1,1,phobert-base,1,42,facebook,test,0
correct_prediction,,False,4427,0,ocr,0,0,phobert-base,0,42,threads,test,0
error_001,,False,1432,0,ocr,1,1,phobert-base,0,42,threads,test,0
correct_prediction,,False,127,0,ocr,0,0,phobert-base,0,42,threads,test,0
correct_prediction,,True,2469,1,ocr,1,1,phobert-base,1,42,facebook,test,0
false_positive,,True,4199,0,ocr,0,0,phobert-base,1,42,threads,test,0
correct_prediction,,True,6899,1,ocr,1,1,phobert-base,1,42,facebook,test,0
false_positive,,True,523,0,ocr,0,0,phobert-base,1,42,threads,test,0
correct_prediction,,True,4642,0,ocr,0,0,phobert-base,0,42,threads,test,0
false_positive,,True,3187,0,ocr,0,0,phobert-base,1,42,threads,test,0
correct_prediction,,True,1354,0,ocr,0,0,phobert-base,0,42,threads,test,0
false_positive,,True,383,1,ocr,0,0,phobert-base,1,42,threads,test,0
false_positive,,True,313,0,ocr,0,0,phobert-base,1,42,threads,test,0
error_001,,False,6790,0,ocr,1,1,phobert-base,0,42,facebook,test,0
correct_prediction,,True,5964,0,ocr,0,0,phobert-base,0,42,facebook,test,0
error_001,,True,2999,0,ocr,1,1,phobert-base,0,42,facebook,test,0
error_001,,False,4614,0,ocr,1,1,phobert-base,0,42,threads,test,0
correct_prediction,,False,4360,0,ocr,0,0,phobert-base,0,42,threads,test,0
correct_prediction,,False,3994,0,ocr,0,0,phobert-base,0,42,threads,test,0
error_001,,True,7254,0,ocr,1,1,phobert-base,0,42,facebook,test,0
error_001,,False,3513,0,ocr,1,1,phobert-base,0,42,threads,test,0
correct_prediction,,True,1096,0,ocr,1,1,phobert-base,1,42,threads,test,1
error_001,,False,1479,0,ocr,1,1,phobert-base,0,42,threads,test,0
correct_prediction,,False,4739,0,ocr,0,0,phobert-base,0,42,threads,test,0
error_001,,True,1802,0,ocr,1,1,phobert-base,0,42,threads,test,0
correct_prediction,,False,796,0,ocr,0,0,phobert-base,0,42,threads,test,0
correct_prediction,,False,6155,0,ocr,0,0,phobert-base,0,42,facebook,test,0
correct_prediction,,True,1808,0,ocr,0,0,phobert-base,0,42,threads,test,0
false_positive,,True,7291,0,ocr,0,0,phobert-base,1,42,facebook,test,0
false_positive,,True,6086,0,ocr,0,0,phobert-base,1,42,facebook,test,0
error_001,,False,521,0,ocr,1,1,phobert-base,0,42,threads,test,0
false_positive,,True,4451,0,ocr,0,0,phobert-base,1,42,threads,test,0
correct_prediction,,True,6044,1,ocr,1,1,phobert-base,1,42,facebook,test,0
false_positive,,True,644,0,ocr,0,0,phobert-base,1,42,threads,test,0
false_positive,,True,4463,0,ocr,0,0,phobert-base,1,42,threads,test,0
correct_prediction,,True,3956,0,ocr,0,0,phobert-base,0,42,threads,test,0
correct_prediction,,True,1778,0,ocr,0,0,phobert-base,0,42,threads,test,0
false_positive,,True,6217,0,ocr,0,0,phobert-base,1,42,facebook,test,0
correct_prediction,,True,2426,1,ocr,1,1,phobert-base,1,42,facebook,test,0
correct_prediction,,True,3497,0,ocr,0,0,phobert-base,0,42,threads,test,1
correct_prediction,,True,2376,1,ocr,1,1,phobert-base,1,42,facebook,test,0
error_001,,False,2057,0,ocr,1,1,phobert-base,0,42,facebook,test,0
error_001,,False,2567,0,ocr,1,1,phobert-base,0,42,facebook,test,0
error_001,,True,6517,0,ocr,1,1,phobert-base,0,42,facebook,test,0
correct_prediction,,True,2622,0,ocr,1,1,phobert-base,1,42,facebook,test,0
correct_prediction,,False,5824,0,ocr,0,0,phobert-base,0,42,facebook,test,0
error_001,,False,7239,0,ocr,1,1,phobert-base,0,42,facebook,test,0
false_positive,,True,4034,0,ocr,0,0,phobert-base,1,42,threads,test,0
error_001,,False,892,0,ocr,1,1,phobert-base,0,42,threads,test,0
error_001,,True,502,0,ocr,1,1,phobert-base,0,42,threads,test,0
correct_prediction,,True,297,0,ocr,1,1,phobert-base,1,42,threads,test,0
correct_prediction,,True,258,0,ocr,1,1,phobert-base,1,42,threads,test,0
correct_prediction,,False,4889,0,ocr,0,0,phobert-base,0,42,threads,test,0
correct_prediction,,True,3930,0,ocr,0,0,phobert-base,0,42,threads,test,0
correct_prediction,,True,5728,0,ocr,1,1,phobert-base,1,42,facebook,test,0
correct_prediction,,True,4595,0,ocr,1,1,phobert-base,1,42,threads,test,1
error_001,,True,4675,0,ocr,1,1,phobert-base,0,42,threads,test,0
false_positive,,True,6359,0,ocr,0,0,phobert-base,1,42,facebook,test,0
correct_prediction,,True,4492,0,ocr,0,0,phobert-base,0,42,threads,test,0
correct_prediction,,False,5272,0,ocr,0,0,phobert-base,0,42,threads,test,0
error_001,,False,6574,0,ocr,1,1,phobert-base,0,42,facebook,test,0
error_001,,False,6427,0,ocr,1,1,phobert-base,0,42,facebook,test,0
correct_prediction,,True,2327,0,ocr,0,0,phobert-base,0,42,facebook,test,0
correct_prediction,,False,5249,0,ocr,0,0,phobert-base,0,42,threads,test,0
correct_prediction,,False,5361,0,ocr,0,0,phobert-base,0,42,threads,test,0
correct_prediction,,True,2952,0,ocr,1,1,phobert-base,1,42,facebook,test,1
error_001,,False,2053,0,ocr,1,1,phobert-base,0,42,facebook,test,0
correct_prediction,,False,1020,0,ocr,0,0,phobert-base,0,42,threads,test,0
correct_prediction,,True,1604,0,ocr,0,0,phobert-base,0,42,threads,test,0
false_positive,,True,2832,0,ocr,0,0,phobert-base,1,42,facebook,test,1
correct_prediction,,True,5579,0,ocr,0,0,phobert-base,0,42,threads,test,0
correct_prediction,,False,1977,0,ocr,0,0,phobert-base,0,42,facebook,test,0
correct_prediction,,True,221,0,ocr,1,1,phobert-base,1,42,threads,test,1
correct_prediction,,True,4790,0,ocr,0,0,phobert-base,0,42,threads,test,0
error_001,,True,2839,0,ocr,1,1,phobert-base,0,42,facebook,test,0
correct_prediction,,False,4604,0,ocr,0,0,phobert-base,0,42,threads,test,0
correct_prediction,,True,490,0,ocr,0,0,phobert-base,0,42,threads,test,0
correct_prediction,,False,4900,0,ocr,0,0,phobert-base,0,42,threads,test,0
correct_prediction,,False,1206,0,ocr,0,0,phobert-base,0,42,threads,test,0
error_001,,False,6919,0,ocr,1,1,phobert-base,0,42,facebook,test,0
correct_prediction,,False,5013,0,ocr,0,0,phobert-base,0,42,threads,test,0
false_positive,,True,7127,0,ocr,0,0,phobert-base,1,42,facebook,test,0
correct_prediction,,True,5130,0,ocr,0,0,phobert-base,0,42,threads,test,0
correct_prediction,,True,6450,0,ocr,0,0,phobert-base,0,42,facebook,test,0
false_positive,,True,3230,0,ocr,0,0,phobert-base,1,42,threads,test,0
false_positive,,True,4827,0,ocr,0,0,phobert-base,1,42,threads,test,0
correct_prediction,,True,2434,1,ocr,1,1,phobert-base,1,42,facebook,test,0
correct_prediction,,True,1022,0,ocr,0,0,phobert-base,0,42,threads,test,0
correct_prediction,,False,5302,0,ocr,0,0,phobert-base,0,42,threads,test,0
correct_prediction,,True,3645,0,ocr,0,0,phobert-base,0,42,threads,test,0
correct_prediction,,True,1037,0,ocr,0,0,phobert-base,0,42,threads,test,1
correct_prediction,,True,6000,0,ocr,1,1,phobert-base,1,42,facebook,test,0
correct_prediction,,True,3179,0,ocr,0,0,phobert-base,0,42,threads,test,0
correct_prediction,,True,4101,1,ocr,1,1,phobert-base,1,42,threads,test,0
error_001,,True,618,0,ocr,1,1,phobert-base,0,42,threads,test,0
correct_prediction,,True,1671,0,ocr,1,1,phobert-base,1,42,threads,test,1
correct_prediction,,True,4369,0,ocr,0,0,phobert-base,0,42,threads,test,0
correct_prediction,,True,2428,0,ocr,0,0,phobert-base,0,42,facebook,test,0
correct_prediction,,True,4304,0,ocr,0,0,phobert-base,0,42,threads,test,0
error_001,,True,2113,0,ocr,1,1,phobert-base,0,42,facebook,test,0
error_001,,False,5930,0,ocr,1,1,phobert-base,0,42,facebook,test,0
correct_prediction,,False,5205,0,ocr,0,0,phobert-base,0,42,threads,test,0
correct_prediction,,True,411,0,ocr,1,1,phobert-base,1,42,threads,test,1
correct_prediction,,False,743,0,ocr,0,0,phobert-base,0,42,threads,test,0
correct_prediction,,True,2558,1,ocr,1,1,phobert-base,1,42,facebook,test,0
correct_prediction,,True,113,0,ocr,1,1,phobert-base,1,42,threads,test,1
correct_prediction,,False,426,0,ocr,0,0,phobert-base,0,42,threads,test,0
correct_prediction,,True,7221,0,ocr,1,1,phobert-base,1,42,facebook,test,0
correct_prediction,,True,1653,0,ocr,1,1,phobert-base,1,42,threads,test,1
correct_prediction,,True,4744,0,ocr,0,0,phobert-base,0,42,threads,test,0
correct_prediction,,True,7014,1,ocr,1,1,phobert-base,1,42,facebook,test,0
correct_prediction,,True,7135,1,ocr,1,1,phobert-base,1,42,facebook,test,0
correct_prediction,,True,6677,0,ocr,1,1,phobert-base,1,42,facebook,test,0
correct_prediction,,False,5282,0,ocr,0,0,phobert-base,0,42,threads,test,0
correct_prediction,,True,6037,1,ocr,1,1,phobert-base,1,42,facebook,test,0
correct_prediction,,True,4241,0,ocr,0,0,phobert-base,0,42,threads,test,0
correct_prediction,,False,16,0,ocr,0,0,phobert-base,0,42,threads,test,0
correct_prediction,,True,26,0,ocr,1,1,phobert-base,1,42,threads,test,1
false_positive,,True,256,0,ocr,0,0,phobert-base,1,42,threads,test,1
false_positive,,True,6856,1,ocr,0,0,phobert-base,1,42,facebook,test,0
correct_prediction,,True,4132,0,ocr,0,0,phobert-base,0,42,threads,test,0
false_positive,,True,3518,0,ocr,0,0,phobert-base,1,42,threads,test,0
correct_prediction,,True,1005,1,ocr,1,1,phobert-base,1,42,threads,test,1
correct_prediction,,False,1348,0,ocr,0,0,phobert-base,0,42,threads,test,0
correct_prediction,,True,4057,0,ocr,0,0,phobert-base,0,42,threads,test,0
error_001,,False,2729,0,ocr,1,1,phobert-base,0,42,facebook,test,0
correct_prediction,,True,3110,0,ocr,0,0,phobert-base,0,42,threads,test,0
correct_prediction,,False,1217,0,ocr,0,0,phobert-base,0,42,threads,test,0
correct_prediction,,False,5119,0,ocr,0,0,phobert-base,0,42,threads,test,0
correct_prediction,,True,4123,0,ocr,0,0,phobert-base,0,42,threads,test,0
correct_prediction,,True,3371,0,ocr,0,0,phobert-base,0,42,threads,test,0
correct_prediction,,False,4607,0,ocr,0,0,phobert-base,0,42,threads,test,0
error_001,,True,6410,0,ocr,1,1,phobert-base,0,42,facebook,test,0
false_positive,,True,2435,1,ocr,0,0,phobert-base,1,42,facebook,test,0
correct_prediction,,True,5547,0,ocr,0,0,phobert-base,0,42,threads,test,0
correct_prediction,,True,1901,0,ocr,1,1,phobert-base,1,42,facebook,test,1
error_001,,True,4258,0,ocr,1,1,phobert-base,0,42,threads,test,0
correct_prediction,,True,6271,0,ocr,1,1,phobert-base,1,42,facebook,test,1
correct_prediction,,True,6067,0,ocr,0,0,phobert-base,0,42,facebook,test,0
false_positive,,True,406,0,ocr,0,0,phobert-base,1,42,threads,test,0
correct_prediction,,True,3143,0,ocr,1,1,phobert-base,1,42,threads,test,0
correct_prediction,,True,2992,0,ocr,0,0,phobert-base,0,42,facebook,test,1
error_001,,False,2792,0,ocr,1,1,phobert-base,0,42,facebook,test,0
false_positive,,True,4507,0,ocr,0,0,phobert-base,1,42,threads,test,0
correct_prediction,,True,2966,0,ocr,1,1,phobert-base,1,42,facebook,test,1
correct_prediction,,True,2308,0,ocr,1,1,phobert-base,1,42,facebook,test,0
correct_prediction,,True,1248,0,ocr,0,0,phobert-base,0,42,threads,test,0
correct_prediction,,True,6011,0,ocr,1,1,phobert-base,1,42,facebook,test,1
correct_prediction,,True,5925,0,ocr,1,1,phobert-base,1,42,facebook,test,0
correct_prediction,,True,1397,0,ocr,0,0,phobert-base,0,42,threads,test,0
correct_prediction,,False,4052,0,ocr,0,0,phobert-base,0,42,threads,test,0
correct_prediction,,False,665,0,ocr,0,0,phobert-base,0,42,threads,test,0
correct_prediction,,True,462,0,ocr,0,0,phobert-base,0,42,threads,test,0
correct_prediction,,True,2337,1,ocr,1,1,phobert-base,1,42,facebook,test,0
correct_prediction,,True,3260,0,ocr,1,1,phobert-base,1,42,threads,test,0
correct_prediction,,False,5255,0,ocr,0,0,phobert-base,0,42,threads,test,0
correct_prediction,,False,3503,0,ocr,0,0,phobert-base,0,42,threads,test,0
error_001,,False,3209,0,ocr,1,1,phobert-base,0,42,threads,test,0
correct_prediction,,False,3099,0,ocr,0,0,phobert-base,0,42,facebook,test,1
false_positive,,True,7058,0,ocr,0,0,phobert-base,1,42,facebook,test,0
correct_prediction,,False,4698,0,ocr,0,0,phobert-base,0,42,threads,test,0
correct_prediction,,True,1079,0,ocr,0,0,phobert-base,0,42,threads,test,0
correct_prediction,,True,4362,1,ocr,1,1,phobert-base,1,42,threads,test,0
false_positive,,True,2338,1,ocr,0,0,phobert-base,1,42,facebook,test,0
correct_prediction,,True,7314,0,ocr,1,1,phobert-base,1,42,facebook,test,1
correct_prediction,,False,629,0,ocr,0,0,phobert-base,0,42,threads,test,0
error_001,,True,3883,0,ocr,1,1,phobert-base,0,42,threads,test,0
correct_prediction,,True,5786,0,ocr,0,0,phobert-base,0,42,facebook,test,0
correct_prediction,,False,3119,0,ocr,0,0,phobert-base,0,42,threads,test,0
error_001,,False,5894,0,ocr,1,1,phobert-base,0,42,facebook,test,0
correct_prediction,,True,5084,0,ocr,0,0,phobert-base,0,42,threads,test,0
correct_prediction,,False,5343,0,ocr,0,0,phobert-base,0,42,threads,test,0
correct_prediction,,False,4324,0,ocr,0,0,phobert-base,0,42,threads,test,0
correct_prediction,,True,1216,1,ocr,1,1,phobert-base,1,42,threads,test,0
correct_prediction,,False,2006,0,ocr,0,0,phobert-base,0,42,facebook,test,0
false_positive,,True,5661,0,ocr,0,0,phobert-base,1,42,threads,test,0
false_positive,,True,5640,0,ocr,0,0,phobert-base,1,42,threads,test,0
correct_prediction,,True,5765,0,ocr,1,1,phobert-base,1,42,facebook,test,0
ocr_improves,0,True,6159,1,caption_ocr,1,1,dt4mid-phobert,1,123,facebook,test,0
ocr_improves,1,True,2064,0,caption_ocr,0,0,dt4mid-phobert,0,123,facebook,test,0
ocr_improves,0,True,26,0,caption_ocr,1,1,dt4mid-phobert,1,123,threads,test,1
ocr_improves,1,True,6189,0,caption_ocr,0,0,dt4mid-phobert,0,123,facebook,test,0
ocr_improves,1,True,2096,0,caption_ocr,0,0,dt4mid-phobert,0,123,facebook,test,1
ocr_harms,1,True,2113,0,caption_ocr,1,1,dt4mid-phobert,0,123,facebook,test,0
ocr_improves,1,True,4170,0,caption_ocr,0,0,dt4mid-phobert,0,123,threads,test,0
ocr_improves,1,True,2134,0,caption_ocr,0,0,dt4mid-phobert,0,123,facebook,test,0
ocr_improves,1,True,2139,0,caption_ocr,0,0,dt4mid-phobert,0,123,facebook,test,0
ocr_harms,0,True,134,1,caption_ocr,0,0,dt4mid-phobert,1,123,threads,test,0
ocr_improves,0,True,144,0,caption_ocr,1,1,dt4mid-phobert,1,123,threads,test,1
ocr_improves,0,True,6297,1,caption_ocr,1,1,dt4mid-phobert,1,123,facebook,test,0
ocr_improves,1,True,2206,0,caption_ocr,0,0,dt4mid-phobert,0,123,facebook,test,1
ocr_improves,0,True,4258,0,caption_ocr,1,1,dt4mid-phobert,1,123,threads,test,0
ocr_improves,0,True,6310,1,caption_ocr,1,1,dt4mid-phobert,1,123,facebook,test,0
ocr_harms,0,True,2216,0,caption_ocr,0,0,dt4mid-phobert,1,123,facebook,test,0
ocr_improves,1,True,2229,0,caption_ocr,0,0,dt4mid-phobert,0,123,facebook,test,0
ocr_harms,0,True,2233,1,caption_ocr,0,0,dt4mid-phobert,1,123,facebook,test,0
ocr_harms,0,True,6337,0,caption_ocr,0,0,dt4mid-phobert,1,123,facebook,test,0
ocr_harms,0,True,6359,0,caption_ocr,0,0,dt4mid-phobert,1,123,facebook,test,0
ocr_improves,0,True,221,0,caption_ocr,1,1,dt4mid-phobert,1,123,threads,test,1
ocr_harms,0,True,6375,0,caption_ocr,0,0,dt4mid-phobert,1,123,facebook,test,0
ocr_harms,0,True,235,0,caption_ocr,0,0,dt4mid-phobert,1,123,threads,test,0
ocr_harms,1,True,258,0,caption_ocr,1,1,dt4mid-phobert,0,123,threads,test,0
ocr_harms,1,True,6410,0,caption_ocr,1,1,dt4mid-phobert,0,123,facebook,test,0
ocr_improves,1,True,4369,0,caption_ocr,0,0,dt4mid-phobert,0,123,threads,test,0
ocr_harms,1,True,2333,1,caption_ocr,1,1,dt4mid-phobert,0,123,facebook,test,0
ocr_improves,0,True,297,0,caption_ocr,1,1,dt4mid-phobert,1,123,threads,test,0
ocr_improves,0,True,6447,1,caption_ocr,1,1,dt4mid-phobert,1,123,facebook,test,0
ocr_improves,0,True,308,0,caption_ocr,1,1,dt4mid-phobert,1,123,threads,test,0
ocr_harms,0,True,313,0,caption_ocr,0,0,dt4mid-phobert,1,123,threads,test,0
ocr_improves,1,True,2368,1,caption_ocr,0,0,dt4mid-phobert,0,123,facebook,test,0
ocr_harms,1,True,2376,1,caption_ocr,1,1,dt4mid-phobert,0,123,facebook,test,0
ocr_improves,0,True,4433,0,caption_ocr,1,1,dt4mid-phobert,1,123,threads,test,1
ocr_harms,1,True,6491,1,caption_ocr,1,1,dt4mid-phobert,0,123,facebook,test,1
ocr_improves,0,True,4461,0,caption_ocr,1,1,dt4mid-phobert,1,123,threads,test,0
ocr_improves,0,True,2438,0,caption_ocr,1,1,dt4mid-phobert,1,123,facebook,test,0
ocr_improves,0,True,411,0,caption_ocr,1,1,dt4mid-phobert,1,123,threads,test,1
ocr_improves,0,True,430,1,caption_ocr,1,1,dt4mid-phobert,1,123,threads,test,0
ocr_improves,0,True,2506,1,caption_ocr,1,1,dt4mid-phobert,1,123,facebook,test,0
ocr_harms,0,True,464,0,caption_ocr,0,0,dt4mid-phobert,1,123,threads,test,0
ocr_improves,0,True,4574,0,caption_ocr,1,1,dt4mid-phobert,1,123,threads,test,1
ocr_harms,0,True,478,0,caption_ocr,0,0,dt4mid-phobert,1,123,threads,test,1
ocr_harms,0,True,490,0,caption_ocr,0,0,dt4mid-phobert,1,123,threads,test,0
ocr_harms,1,True,2544,1,caption_ocr,1,1,dt4mid-phobert,0,123,facebook,test,0
ocr_harms,0,True,513,0,caption_ocr,0,0,dt4mid-phobert,1,123,threads,test,0
ocr_harms,0,True,533,0,caption_ocr,0,0,dt4mid-phobert,1,123,threads,test,1
ocr_improves,0,True,2622,0,caption_ocr,1,1,dt4mid-phobert,1,123,facebook,test,0
ocr_harms,0,True,2627,0,caption_ocr,0,0,dt4mid-phobert,1,123,facebook,test,0
ocr_harms,0,True,592,0,caption_ocr,0,0,dt4mid-phobert,1,123,threads,test,0
ocr_harms,1,True,2639,0,caption_ocr,1,1,dt4mid-phobert,0,123,facebook,test,0
ocr_harms,1,True,613,1,caption_ocr,1,1,dt4mid-phobert,0,123,threads,test,1
ocr_harms,0,True,6761,0,caption_ocr,0,0,dt4mid-phobert,1,123,facebook,test,1
ocr_improves,0,True,619,0,caption_ocr,1,1,dt4mid-phobert,1,123,threads,test,0
ocr_improves,0,True,6800,0,caption_ocr,1,1,dt4mid-phobert,1,123,facebook,test,0
ocr_improves,1,True,4764,0,caption_ocr,0,0,dt4mid-phobert,0,123,threads,test,0
ocr_improves,0,True,2727,1,caption_ocr,1,1,dt4mid-phobert,1,123,facebook,test,0
ocr_improves,0,True,797,0,caption_ocr,1,1,dt4mid-phobert,1,123,threads,test,0
ocr_improves,1,True,805,0,caption_ocr,0,0,dt4mid-phobert,0,123,threads,test,0
ocr_improves,0,True,6977,1,caption_ocr,1,1,dt4mid-phobert,1,123,facebook,test,0
ocr_improves,0,True,2913,0,caption_ocr,1,1,dt4mid-phobert,1,123,facebook,test,1
ocr_improves,0,True,2929,0,caption_ocr,1,1,dt4mid-phobert,1,123,facebook,test,0
ocr_improves,0,True,884,1,caption_ocr,1,1,dt4mid-phobert,1,123,threads,test,1
ocr_improves,0,True,2947,0,caption_ocr,1,1,dt4mid-phobert,1,123,facebook,test,0
ocr_harms,0,True,7049,0,caption_ocr,0,0,dt4mid-phobert,1,123,facebook,test,0
ocr_improves,0,True,2966,0,caption_ocr,1,1,dt4mid-phobert,1,123,facebook,test,1
ocr_harms,1,True,7074,1,caption_ocr,1,1,dt4mid-phobert,0,123,facebook,test,0
ocr_improves,1,True,932,0,caption_ocr,0,0,dt4mid-phobert,0,123,threads,test,0
ocr_improves,1,True,7086,0,caption_ocr,0,0,dt4mid-phobert,0,123,facebook,test,0
ocr_harms,1,True,2999,0,caption_ocr,1,1,dt4mid-phobert,0,123,facebook,test,0
ocr_harms,0,True,7100,0,caption_ocr,0,0,dt4mid-phobert,1,123,facebook,test,0
ocr_harms,0,True,980,0,caption_ocr,0,0,dt4mid-phobert,1,123,threads,test,0
ocr_improves,0,True,987,1,caption_ocr,1,1,dt4mid-phobert,1,123,threads,test,1
ocr_improves,0,True,3040,0,caption_ocr,1,1,dt4mid-phobert,1,123,facebook,test,1
ocr_harms,1,True,3043,0,caption_ocr,1,1,dt4mid-phobert,0,123,facebook,test,1
ocr_harms,0,True,1024,0,caption_ocr,0,0,dt4mid-phobert,1,123,threads,test,0
ocr_harms,0,True,5130,0,caption_ocr,0,0,dt4mid-phobert,1,123,threads,test,0
ocr_harms,1,True,7181,0,caption_ocr,1,1,dt4mid-phobert,0,123,facebook,test,1
ocr_harms,1,True,7186,0,caption_ocr,1,1,dt4mid-phobert,0,123,facebook,test,0
ocr_improves,0,True,3091,0,caption_ocr,1,1,dt4mid-phobert,1,123,facebook,test,1
ocr_improves,1,True,5139,0,caption_ocr,0,0,dt4mid-phobert,0,123,threads,test,0
ocr_harms,0,True,1043,0,caption_ocr,0,0,dt4mid-phobert,1,123,threads,test,0
ocr_harms,0,True,1054,0,caption_ocr,0,0,dt4mid-phobert,1,123,threads,test,0
ocr_improves,0,True,3104,0,caption_ocr,1,1,dt4mid-phobert,1,123,threads,test,1
ocr_improves,0,True,7209,0,caption_ocr,1,1,dt4mid-phobert,1,123,facebook,test,0
ocr_harms,0,True,3117,0,caption_ocr,0,0,dt4mid-phobert,1,123,threads,test,0
ocr_improves,1,True,7220,1,caption_ocr,0,0,dt4mid-phobert,0,123,facebook,test,0
ocr_harms,0,True,3125,0,caption_ocr,0,0,dt4mid-phobert,1,123,threads,test,0
ocr_harms,1,True,7221,0,caption_ocr,1,1,dt4mid-phobert,0,123,facebook,test,0
ocr_harms,0,True,1079,0,caption_ocr,0,0,dt4mid-phobert,1,123,threads,test,0
ocr_improves,0,True,1096,0,caption_ocr,1,1,dt4mid-phobert,1,123,threads,test,1
ocr_improves,0,True,3143,0,caption_ocr,1,1,dt4mid-phobert,1,123,threads,test,0
ocr_improves,0,True,3164,0,caption_ocr,1,1,dt4mid-phobert,1,123,threads,test,0
ocr_harms,1,True,5220,0,caption_ocr,1,1,dt4mid-phobert,0,123,threads,test,0
ocr_harms,0,True,7291,0,caption_ocr,0,0,dt4mid-phobert,1,123,facebook,test,0
ocr_improves,0,True,7292,0,caption_ocr,1,1,dt4mid-phobert,1,123,facebook,test,0
ocr_improves,1,True,5245,0,caption_ocr,0,0,dt4mid-phobert,0,123,threads,test,0
ocr_improves,1,True,7295,0,caption_ocr,0,0,dt4mid-phobert,0,123,facebook,test,0
ocr_harms,0,True,3225,0,caption_ocr,0,0,dt4mid-phobert,1,123,threads,test,0
ocr_harms,1,True,7328,0,caption_ocr,1,1,dt4mid-phobert,0,123,facebook,test,0
ocr_harms,1,True,3260,0,caption_ocr,1,1,dt4mid-phobert,0,123,threads,test,0
ocr_harms,1,True,1216,1,caption_ocr,1,1,dt4mid-phobert,0,123,threads,test,0
ocr_improves,0,True,1234,0,caption_ocr,1,1,dt4mid-phobert,1,123,threads,test,1
ocr_harms,0,True,5378,0,caption_ocr,0,0,dt4mid-phobert,1,123,threads,test,0
ocr_harms,1,True,1303,1,caption_ocr,1,1,dt4mid-phobert,0,123,threads,test,0
ocr_improves,0,True,1325,1,caption_ocr,1,1,dt4mid-phobert,1,123,threads,test,0
ocr_harms,0,True,1329,0,caption_ocr,0,0,dt4mid-phobert,1,123,threads,test,1
ocr_improves,0,True,3485,0,caption_ocr,1,1,dt4mid-phobert,1,123,threads,test,1
ocr_improves,0,True,3487,0,caption_ocr,1,1,dt4mid-phobert,1,123,threads,test,0
ocr_harms,0,True,1448,0,caption_ocr,0,0,dt4mid-phobert,1,123,threads,test,1
ocr_improves,1,True,3497,0,caption_ocr,0,0,dt4mid-phobert,0,123,threads,test,1
ocr_harms,0,True,5547,0,caption_ocr,0,0,dt4mid-phobert,1,123,threads,test,0
ocr_harms,0,True,5548,0,caption_ocr,0,0,dt4mid-phobert,1,123,threads,test,0
ocr_harms,1,True,5575,0,caption_ocr,1,1,dt4mid-phobert,0,123,threads,test,0
ocr_harms,0,True,1480,0,caption_ocr,0,0,dt4mid-phobert,1,123,threads,test,1
ocr_improves,0,True,1598,0,caption_ocr,1,1,dt4mid-phobert,1,123,threads,test,0
ocr_harms,0,True,1604,0,caption_ocr,0,0,dt4mid-phobert,1,123,threads,test,0
ocr_harms,0,True,3667,0,caption_ocr,0,0,dt4mid-phobert,1,123,threads,test,0
ocr_improves,0,True,5728,0,caption_ocr,1,1,dt4mid-phobert,1,123,facebook,test,0
ocr_improves,0,True,1653,0,caption_ocr,1,1,dt4mid-phobert,1,123,threads,test,1
ocr_improves,0,True,1657,0,caption_ocr,1,1,dt4mid-phobert,1,123,threads,test,1
ocr_improves,0,True,1660,0,caption_ocr,1,1,dt4mid-phobert,1,123,threads,test,1
ocr_harms,0,True,3709,0,caption_ocr,0,0,dt4mid-phobert,1,123,threads,test,0
ocr_improves,0,True,5788,0,caption_ocr,1,1,dt4mid-phobert,1,123,facebook,test,0
ocr_improves,0,True,3746,0,caption_ocr,1,1,dt4mid-phobert,1,123,threads,test,0
ocr_improves,0,True,1702,0,caption_ocr,1,1,dt4mid-phobert,1,123,threads,test,1
ocr_improves,0,True,1703,1,caption_ocr,1,1,dt4mid-phobert,1,123,threads,test,1
ocr_improves,0,True,1716,0,caption_ocr,1,1,dt4mid-phobert,1,123,threads,test,0
ocr_improves,0,True,5835,0,caption_ocr,1,1,dt4mid-phobert,1,123,facebook,test,0
ocr_harms,0,True,1778,0,caption_ocr,0,0,dt4mid-phobert,1,123,threads,test,0
ocr_harms,0,True,1789,0,caption_ocr,0,0,dt4mid-phobert,1,123,threads,test,1
ocr_improves,0,True,3837,0,caption_ocr,1,1,dt4mid-phobert,1,123,threads,test,1
ocr_harms,0,True,1791,0,caption_ocr,0,0,dt4mid-phobert,1,123,threads,test,1
ocr_harms,0,True,3845,0,caption_ocr,0,0,dt4mid-phobert,1,123,threads,test,0
ocr_improves,0,True,1802,0,caption_ocr,1,1,dt4mid-phobert,1,123,threads,test,0
ocr_harms,0,True,3857,0,caption_ocr,0,0,dt4mid-phobert,1,123,threads,test,0
ocr_harms,0,True,3881,0,caption_ocr,0,0,dt4mid-phobert,1,123,threads,test,0
ocr_improves,0,True,1863,1,caption_ocr,1,1,dt4mid-phobert,1,123,facebook,test,0
ocr_harms,1,True,6011,0,caption_ocr,1,1,dt4mid-phobert,0,123,facebook,test,1
ocr_harms,0,True,3968,0,caption_ocr,0,0,dt4mid-phobert,1,123,threads,test,0
ocr_improves,1,True,6060,0,caption_ocr,0,0,dt4mid-phobert,0,123,facebook,test,0
ocr_harms,0,True,1964,0,caption_ocr,0,0,dt4mid-phobert,1,123,facebook,test,0
ocr_improves,1,True,4026,0,caption_ocr,0,0,dt4mid-phobert,0,123,threads,test,1
ocr_improves,1,True,6168,0,caption_ocr,0,0,dt4mid-phobert,0,2026,facebook,test,0
ocr_improves,0,True,26,0,caption_ocr,1,1,dt4mid-phobert,1,2026,threads,test,1
ocr_harms,0,True,2093,0,caption_ocr,0,0,dt4mid-phobert,1,2026,facebook,test,0
ocr_improves,0,True,47,0,caption_ocr,1,1,dt4mid-phobert,1,2026,threads,test,0
ocr_harms,1,True,101,0,caption_ocr,1,1,dt4mid-phobert,0,2026,threads,test,1
ocr_harms,0,True,107,0,caption_ocr,0,0,dt4mid-phobert,1,2026,threads,test,1
ocr_improves,0,True,113,0,caption_ocr,1,1,dt4mid-phobert,1,2026,threads,test,1
ocr_harms,0,True,134,1,caption_ocr,0,0,dt4mid-phobert,1,2026,threads,test,0
ocr_harms,0,True,4232,0,caption_ocr,0,0,dt4mid-phobert,1,2026,threads,test,0
ocr_harms,1,True,6297,1,caption_ocr,1,1,dt4mid-phobert,0,2026,facebook,test,0
ocr_improves,1,True,2206,0,caption_ocr,0,0,dt4mid-phobert,0,2026,facebook,test,1
ocr_improves,0,True,4258,0,caption_ocr,1,1,dt4mid-phobert,1,2026,threads,test,0
ocr_harms,0,True,6337,0,caption_ocr,0,0,dt4mid-phobert,1,2026,facebook,test,0
ocr_harms,0,True,6375,0,caption_ocr,0,0,dt4mid-phobert,1,2026,facebook,test,0
ocr_harms,0,True,235,0,caption_ocr,0,0,dt4mid-phobert,1,2026,threads,test,0
ocr_improves,1,True,2296,0,caption_ocr,0,0,dt4mid-phobert,0,2026,facebook,test,0
ocr_harms,0,True,256,0,caption_ocr,0,0,dt4mid-phobert,1,2026,threads,test,1
ocr_improves,0,True,258,0,caption_ocr,1,1,dt4mid-phobert,1,2026,threads,test,0
ocr_improves,1,True,6404,0,caption_ocr,0,0,dt4mid-phobert,0,2026,facebook,test,0
ocr_improves,1,True,4369,0,caption_ocr,0,0,dt4mid-phobert,0,2026,threads,test,0
ocr_harms,0,True,289,0,caption_ocr,0,0,dt4mid-phobert,1,2026,threads,test,0
ocr_improves,0,True,297,0,caption_ocr,1,1,dt4mid-phobert,1,2026,threads,test,0
ocr_improves,0,True,6447,1,caption_ocr,1,1,dt4mid-phobert,1,2026,facebook,test,0
ocr_improves,0,True,308,0,caption_ocr,1,1,dt4mid-phobert,1,2026,threads,test,0
ocr_harms,1,True,6456,1,caption_ocr,1,1,dt4mid-phobert,0,2026,facebook,test,1
ocr_harms,0,True,333,0,caption_ocr,0,0,dt4mid-phobert,1,2026,threads,test,0
ocr_harms,1,True,6491,1,caption_ocr,1,1,dt4mid-phobert,0,2026,facebook,test,1
ocr_improves,0,True,2434,1,caption_ocr,1,1,dt4mid-phobert,1,2026,facebook,test,0
ocr_harms,0,True,4507,0,caption_ocr,0,0,dt4mid-phobert,1,2026,threads,test,0
ocr_harms,0,True,464,0,caption_ocr,0,0,dt4mid-phobert,1,2026,threads,test,0
ocr_harms,0,True,478,0,caption_ocr,0,0,dt4mid-phobert,1,2026,threads,test,1
ocr_improves,0,True,4595,0,caption_ocr,1,1,dt4mid-phobert,1,2026,threads,test,1
ocr_harms,0,True,523,0,caption_ocr,0,0,dt4mid-phobert,1,2026,threads,test,0
ocr_harms,0,True,533,0,caption_ocr,0,0,dt4mid-phobert,1,2026,threads,test,1
ocr_improves,0,True,6677,0,caption_ocr,1,1,dt4mid-phobert,1,2026,facebook,test,0
ocr_harms,0,True,4642,0,caption_ocr,0,0,dt4mid-phobert,1,2026,threads,test,0
ocr_harms,1,True,613,1,caption_ocr,1,1,dt4mid-phobert,0,2026,threads,test,1
ocr_improves,0,True,619,0,caption_ocr,1,1,dt4mid-phobert,1,2026,threads,test,0
ocr_improves,1,True,644,0,caption_ocr,0,0,dt4mid-phobert,0,2026,threads,test,0
ocr_harms,0,True,6856,1,caption_ocr,0,0,dt4mid-phobert,1,2026,facebook,test,0
ocr_harms,0,True,2763,0,caption_ocr,0,0,dt4mid-phobert,1,2026,facebook,test,0
ocr_harms,0,True,4892,0,caption_ocr,0,0,dt4mid-phobert,1,2026,threads,test,0
ocr_improves,0,True,797,0,caption_ocr,1,1,dt4mid-phobert,1,2026,threads,test,0
ocr_improves,1,True,6961,0,caption_ocr,0,0,dt4mid-phobert,0,2026,facebook,test,0
ocr_improves,1,True,4924,0,caption_ocr,0,0,dt4mid-phobert,0,2026,threads,test,0
ocr_improves,0,True,6977,1,caption_ocr,1,1,dt4mid-phobert,1,2026,facebook,test,0
ocr_harms,0,True,4964,0,caption_ocr,0,0,dt4mid-phobert,1,2026,threads,test,0
ocr_improves,0,True,884,1,caption_ocr,1,1,dt4mid-phobert,1,2026,threads,test,1
ocr_harms,0,True,7049,0,caption_ocr,0,0,dt4mid-phobert,1,2026,facebook,test,0
ocr_harms,0,True,2992,0,caption_ocr,0,0,dt4mid-phobert,1,2026,facebook,test,1
ocr_improves,0,True,1005,1,caption_ocr,1,1,dt4mid-phobert,1,2026,threads,test,1
ocr_improves,1,True,7159,0,caption_ocr,0,0,dt4mid-phobert,0,2026,facebook,test,0
ocr_harms,0,True,1024,0,caption_ocr,0,0,dt4mid-phobert,1,2026,threads,test,0
ocr_harms,0,True,5130,0,caption_ocr,0,0,dt4mid-phobert,1,2026,threads,test,0
ocr_harms,0,True,1040,0,caption_ocr,0,0,dt4mid-phobert,1,2026,threads,test,0
ocr_harms,1,True,7186,0,caption_ocr,1,1,dt4mid-phobert,0,2026,facebook,test,0
ocr_improves,1,True,5139,0,caption_ocr,0,0,dt4mid-phobert,0,2026,threads,test,0
ocr_harms,0,True,1054,0,caption_ocr,0,0,dt4mid-phobert,1,2026,threads,test,0
ocr_improves,0,True,3104,0,caption_ocr,1,1,dt4mid-phobert,1,2026,threads,test,1
ocr_improves,1,True,3110,0,caption_ocr,0,0,dt4mid-phobert,0,2026,threads,test,0
ocr_harms,0,True,3117,0,caption_ocr,0,0,dt4mid-phobert,1,2026,threads,test,0
ocr_harms,0,True,7215,0,caption_ocr,0,0,dt4mid-phobert,1,2026,facebook,test,0
ocr_harms,0,True,1075,0,caption_ocr,0,0,dt4mid-phobert,1,2026,threads,test,0
ocr_harms,1,True,7221,0,caption_ocr,1,1,dt4mid-phobert,0,2026,facebook,test,0
ocr_harms,0,True,1079,0,caption_ocr,0,0,dt4mid-phobert,1,2026,threads,test,0
ocr_improves,0,True,1096,0,caption_ocr,1,1,dt4mid-phobert,1,2026,threads,test,1
ocr_improves,0,True,1127,1,caption_ocr,1,1,dt4mid-phobert,1,2026,threads,test,1
ocr_harms,1,True,7277,1,caption_ocr,1,1,dt4mid-phobert,0,2026,facebook,test,0
ocr_harms,0,True,3289,0,caption_ocr,0,0,dt4mid-phobert,1,2026,threads,test,0
ocr_harms,0,True,5378,0,caption_ocr,0,0,dt4mid-phobert,1,2026,threads,test,0
ocr_improves,0,True,1325,1,caption_ocr,1,1,dt4mid-phobert,1,2026,threads,test,0
ocr_harms,1,True,3487,0,caption_ocr,1,1,dt4mid-phobert,0,2026,threads,test,0
ocr_harms,0,True,1448,0,caption_ocr,0,0,dt4mid-phobert,1,2026,threads,test,1
ocr_harms,0,True,3510,0,caption_ocr,0,0,dt4mid-phobert,1,2026,threads,test,0
ocr_harms,0,True,1464,0,caption_ocr,0,0,dt4mid-phobert,1,2026,threads,test,0
ocr_harms,0,True,3518,0,caption_ocr,0,0,dt4mid-phobert,1,2026,threads,test,0
ocr_harms,1,True,5575,0,caption_ocr,1,1,dt4mid-phobert,0,2026,threads,test,0
ocr_improves,1,True,1490,0,caption_ocr,0,0,dt4mid-phobert,0,2026,threads,test,0
ocr_harms,1,True,5608,0,caption_ocr,1,1,dt4mid-phobert,0,2026,threads,test,0
ocr_harms,0,True,5666,0,caption_ocr,0,0,dt4mid-phobert,1,2026,threads,test,0
ocr_harms,0,True,3665,0,caption_ocr,0,0,dt4mid-phobert,1,2026,threads,test,0
ocr_improves,1,True,3678,0,caption_ocr,0,0,dt4mid-phobert,0,2026,threads,test,0
ocr_improves,0,True,1653,0,caption_ocr,1,1,dt4mid-phobert,1,2026,threads,test,1
ocr_improves,0,True,1657,0,caption_ocr,1,1,dt4mid-phobert,1,2026,threads,test,1
ocr_harms,0,True,3705,0,caption_ocr,0,0,dt4mid-phobert,1,2026,threads,test,0
ocr_improves,0,True,1660,0,caption_ocr,1,1,dt4mid-phobert,1,2026,threads,test,1
ocr_harms,0,True,3709,0,caption_ocr,0,0,dt4mid-phobert,1,2026,threads,test,0
ocr_improves,0,True,3746,0,caption_ocr,1,1,dt4mid-phobert,1,2026,threads,test,0
ocr_improves,0,True,1702,0,caption_ocr,1,1,dt4mid-phobert,1,2026,threads,test,1
ocr_improves,0,True,1703,1,caption_ocr,1,1,dt4mid-phobert,1,2026,threads,test,1
ocr_improves,0,True,1717,0,caption_ocr,1,1,dt4mid-phobert,1,2026,threads,test,1
ocr_harms,1,True,5835,0,caption_ocr,1,1,dt4mid-phobert,0,2026,facebook,test,0
ocr_harms,0,True,1778,0,caption_ocr,0,0,dt4mid-phobert,1,2026,threads,test,0
ocr_harms,0,True,1789,0,caption_ocr,0,0,dt4mid-phobert,1,2026,threads,test,1
ocr_harms,0,True,3845,0,caption_ocr,0,0,dt4mid-phobert,1,2026,threads,test,0
ocr_improves,0,True,1802,0,caption_ocr,1,1,dt4mid-phobert,1,2026,threads,test,0
ocr_harms,0,True,3857,0,caption_ocr,0,0,dt4mid-phobert,1,2026,threads,test,0
ocr_harms,0,True,3881,0,caption_ocr,0,0,dt4mid-phobert,1,2026,threads,test,0
ocr_improves,1,True,3968,0,caption_ocr,0,0,dt4mid-phobert,0,2026,threads,test,0
ocr_harms,0,True,3969,0,caption_ocr,0,0,dt4mid-phobert,1,2026,threads,test,0
ocr_harms,0,True,6049,0,caption_ocr,0,0,dt4mid-phobert,1,2026,facebook,test,0
ocr_harms,0,True,6051,0,caption_ocr,0,0,dt4mid-phobert,1,2026,facebook,test,0
ocr_improves,0,True,4004,0,caption_ocr,1,1,dt4mid-phobert,1,2026,threads,test,0
ocr_improves,1,True,6060,0,caption_ocr,0,0,dt4mid-phobert,0,2026,facebook,test,0
ocr_harms,0,True,1964,0,caption_ocr,0,0,dt4mid-phobert,1,2026,facebook,test,0
ocr_harms,0,True,4037,0,caption_ocr,0,0,dt4mid-phobert,1,2026,threads,test,0
ocr_harms,1,True,2005,0,caption_ocr,1,1,dt4mid-phobert,0,2026,facebook,test,0
ocr_harms,1,True,6116,1,caption_ocr,1,1,dt4mid-phobert,0,2026,facebook,test,0
ocr_harms,0,True,30,0,caption_ocr,0,0,dt4mid-phobert,1,42,threads,test,0
ocr_improves,1,True,4132,0,caption_ocr,0,0,dt4mid-phobert,0,42,threads,test,0
ocr_improves,1,True,2134,0,caption_ocr,0,0,dt4mid-phobert,0,42,facebook,test,0
ocr_harms,0,True,4197,0,caption_ocr,0,0,dt4mid-phobert,1,42,threads,test,1
ocr_harms,0,True,134,1,caption_ocr,0,0,dt4mid-phobert,1,42,threads,test,0
ocr_harms,0,True,4232,0,caption_ocr,0,0,dt4mid-phobert,1,42,threads,test,0
ocr_harms,0,True,4272,0,caption_ocr,0,0,dt4mid-phobert,1,42,threads,test,0
ocr_harms,0,True,188,0,caption_ocr,0,0,dt4mid-phobert,1,42,threads,test,1
ocr_improves,1,True,6337,0,caption_ocr,0,0,dt4mid-phobert,0,42,facebook,test,0
ocr_improves,1,True,196,0,caption_ocr,0,0,dt4mid-phobert,0,42,threads,test,0
ocr_harms,0,True,6353,0,caption_ocr,0,0,dt4mid-phobert,1,42,facebook,test,0
ocr_harms,1,True,221,0,caption_ocr,1,1,dt4mid-phobert,0,42,threads,test,1
ocr_harms,0,True,255,0,caption_ocr,0,0,dt4mid-phobert,1,42,threads,test,0
ocr_improves,1,True,2303,0,caption_ocr,0,0,dt4mid-phobert,0,42,facebook,test,0
ocr_improves,1,True,6404,0,caption_ocr,0,0,dt4mid-phobert,0,42,facebook,test,0
ocr_improves,0,True,2308,0,caption_ocr,1,1,dt4mid-phobert,1,42,facebook,test,0
ocr_improves,0,True,2320,0,caption_ocr,1,1,dt4mid-phobert,1,42,facebook,test,0
ocr_improves,0,True,2321,0,caption_ocr,1,1,dt4mid-phobert,1,42,facebook,test,0
ocr_improves,1,True,2327,0,caption_ocr,0,0,dt4mid-phobert,0,42,facebook,test,0
ocr_improves,0,True,297,0,caption_ocr,1,1,dt4mid-phobert,1,42,threads,test,0
ocr_improves,0,True,6447,1,caption_ocr,1,1,dt4mid-phobert,1,42,facebook,test,0
ocr_harms,0,True,6450,0,caption_ocr,0,0,dt4mid-phobert,1,42,facebook,test,0
ocr_harms,1,True,308,0,caption_ocr,1,1,dt4mid-phobert,0,42,threads,test,0
ocr_improves,0,True,6456,1,caption_ocr,1,1,dt4mid-phobert,1,42,facebook,test,1
ocr_harms,0,True,333,0,caption_ocr,0,0,dt4mid-phobert,1,42,threads,test,0
ocr_improves,1,True,4435,0,caption_ocr,0,0,dt4mid-phobert,0,42,threads,test,0
ocr_harms,1,True,6493,0,caption_ocr,1,1,dt4mid-phobert,0,42,facebook,test,0
ocr_harms,0,True,4456,0,caption_ocr,0,0,dt4mid-phobert,1,42,threads,test,0
ocr_harms,1,True,4461,0,caption_ocr,1,1,dt4mid-phobert,0,42,threads,test,0
ocr_harms,0,True,383,1,caption_ocr,0,0,dt4mid-phobert,1,42,threads,test,0
ocr_harms,0,True,4498,0,caption_ocr,0,0,dt4mid-phobert,1,42,threads,test,0
ocr_harms,0,True,403,0,caption_ocr,0,0,dt4mid-phobert,1,42,threads,test,0
ocr_harms,0,True,4507,0,caption_ocr,0,0,dt4mid-phobert,1,42,threads,test,0
ocr_harms,0,True,423,0,caption_ocr,0,0,dt4mid-phobert,1,42,threads,test,0
ocr_improves,1,True,427,0,caption_ocr,0,0,dt4mid-phobert,0,42,threads,test,0
ocr_harms,0,True,464,0,caption_ocr,0,0,dt4mid-phobert,1,42,threads,test,0
ocr_harms,0,True,4575,0,caption_ocr,0,0,dt4mid-phobert,1,42,threads,test,0
ocr_harms,0,True,478,0,caption_ocr,0,0,dt4mid-phobert,1,42,threads,test,1
ocr_improves,1,True,513,0,caption_ocr,0,0,dt4mid-phobert,0,42,threads,test,0
ocr_harms,0,True,4642,0,caption_ocr,0,0,dt4mid-phobert,1,42,threads,test,0
ocr_improves,1,True,548,0,caption_ocr,0,0,dt4mid-phobert,0,42,threads,test,0
ocr_improves,1,True,557,0,caption_ocr,0,0,dt4mid-phobert,0,42,threads,test,0
ocr_improves,1,True,592,0,caption_ocr,0,0,dt4mid-phobert,0,42,threads,test,0
ocr_improves,0,True,2642,1,caption_ocr,1,1,dt4mid-phobert,1,42,facebook,test,1
ocr_improves,0,True,618,0,caption_ocr,1,1,dt4mid-phobert,1,42,threads,test,0
ocr_harms,0,True,668,0,caption_ocr,0,0,dt4mid-phobert,1,42,threads,test,0
ocr_improves,1,True,4764,0,caption_ocr,0,0,dt4mid-phobert,0,42,threads,test,0
ocr_harms,0,True,2832,0,caption_ocr,0,0,dt4mid-phobert,1,42,facebook,test,1
ocr_improves,0,True,2966,0,caption_ocr,1,1,dt4mid-phobert,1,42,facebook,test,1
ocr_improves,1,True,932,0,caption_ocr,0,0,dt4mid-phobert,0,42,threads,test,0
ocr_improves,1,True,2990,0,caption_ocr,0,0,dt4mid-phobert,0,42,facebook,test,0
ocr_harms,1,True,2999,0,caption_ocr,1,1,dt4mid-phobert,0,42,facebook,test,0
ocr_harms,0,True,7100,0,caption_ocr,0,0,dt4mid-phobert,1,42,facebook,test,0
ocr_harms,0,True,5072,0,caption_ocr,0,0,dt4mid-phobert,1,42,threads,test,0
ocr_harms,0,True,7123,0,caption_ocr,0,0,dt4mid-phobert,1,42,facebook,test,0
ocr_harms,0,True,980,0,caption_ocr,0,0,dt4mid-phobert,1,42,threads,test,0
ocr_harms,0,True,7127,0,caption_ocr,0,0,dt4mid-phobert,1,42,facebook,test,0
ocr_improves,0,True,7135,1,caption_ocr,1,1,dt4mid-phobert,1,42,facebook,test,0
ocr_harms,1,True,3043,0,caption_ocr,1,1,dt4mid-phobert,0,42,facebook,test,1
ocr_improves,1,True,7159,0,caption_ocr,0,0,dt4mid-phobert,0,42,facebook,test,0
ocr_harms,0,True,1022,0,caption_ocr,0,0,dt4mid-phobert,1,42,threads,test,0
ocr_improves,1,True,3117,0,caption_ocr,0,0,dt4mid-phobert,0,42,threads,test,0
ocr_harms,0,True,1079,0,caption_ocr,0,0,dt4mid-phobert,1,42,threads,test,0
ocr_improves,0,True,3143,0,caption_ocr,1,1,dt4mid-phobert,1,42,threads,test,0
ocr_harms,0,True,1103,0,caption_ocr,0,0,dt4mid-phobert,1,42,threads,test,0
ocr_harms,0,True,3159,0,caption_ocr,0,0,dt4mid-phobert,1,42,threads,test,0
ocr_harms,1,True,5220,0,caption_ocr,1,1,dt4mid-phobert,0,42,threads,test,0
ocr_harms,0,True,3182,0,caption_ocr,0,0,dt4mid-phobert,1,42,threads,test,0
ocr_improves,1,True,5245,0,caption_ocr,0,0,dt4mid-phobert,0,42,threads,test,0
ocr_improves,1,True,3225,0,caption_ocr,0,0,dt4mid-phobert,0,42,threads,test,0
ocr_improves,0,True,1228,1,caption_ocr,1,1,dt4mid-phobert,1,42,threads,test,0
ocr_harms,0,True,3289,0,caption_ocr,0,0,dt4mid-phobert,1,42,threads,test,0
ocr_harms,0,True,1248,0,caption_ocr,0,0,dt4mid-phobert,1,42,threads,test,0
ocr_improves,1,True,5378,0,caption_ocr,0,0,dt4mid-phobert,0,42,threads,test,0
ocr_harms,1,True,3372,0,caption_ocr,1,1,dt4mid-phobert,0,42,threads,test,0
ocr_improves,1,True,1329,0,caption_ocr,0,0,dt4mid-phobert,0,42,threads,test,1
ocr_improves,1,True,3475,0,caption_ocr,0,0,dt4mid-phobert,0,42,threads,test,0
ocr_harms,0,True,3497,0,caption_ocr,0,0,dt4mid-phobert,1,42,threads,test,1
ocr_harms,1,True,1453,0,caption_ocr,1,1,dt4mid-phobert,0,42,threads,test,0
ocr_improves,0,True,3587,1,caption_ocr,1,1,dt4mid-phobert,1,42,threads,test,1
ocr_harms,0,True,5666,0,caption_ocr,0,0,dt4mid-phobert,1,42,threads,test,0
ocr_harms,0,True,1684,0,caption_ocr,0,0,dt4mid-phobert,1,42,threads,test,0
ocr_improves,1,True,5786,0,caption_ocr,0,0,dt4mid-phobert,0,42,facebook,test,0
ocr_improves,0,True,3746,0,caption_ocr,1,1,dt4mid-phobert,1,42,threads,test,0
ocr_improves,1,True,1778,0,caption_ocr,0,0,dt4mid-phobert,0,42,threads,test,0
ocr_harms,0,True,1789,0,caption_ocr,0,0,dt4mid-phobert,1,42,threads,test,1
ocr_harms,0,True,3845,0,caption_ocr,0,0,dt4mid-phobert,1,42,threads,test,0
ocr_improves,1,True,3850,0,caption_ocr,0,0,dt4mid-phobert,0,42,threads,test,0
ocr_harms,0,True,3857,0,caption_ocr,0,0,dt4mid-phobert,1,42,threads,test,0
ocr_harms,1,True,1813,0,caption_ocr,1,1,dt4mid-phobert,0,42,threads,test,0
ocr_harms,0,True,3881,0,caption_ocr,0,0,dt4mid-phobert,1,42,threads,test,0
ocr_harms,1,True,3940,0,caption_ocr,1,1,dt4mid-phobert,0,42,threads,test,1
ocr_harms,1,True,6011,0,caption_ocr,1,1,dt4mid-phobert,0,42,facebook,test,1
ocr_improves,1,True,6060,0,caption_ocr,0,0,dt4mid-phobert,0,42,facebook,test,0
ocr_improves,1,True,2048,0,caption_ocr,0,0,phobert-base,0,123,facebook,test,0
ocr_improves,0,True,6159,1,caption_ocr,1,1,phobert-base,1,123,facebook,test,0
ocr_improves,1,True,2064,0,caption_ocr,0,0,phobert-base,0,123,facebook,test,0
ocr_improves,0,True,26,0,caption_ocr,1,1,phobert-base,1,123,threads,test,1
ocr_harms,0,True,2093,0,caption_ocr,0,0,phobert-base,1,123,facebook,test,0
ocr_harms,1,True,2113,0,caption_ocr,1,1,phobert-base,0,123,facebook,test,0
ocr_harms,0,True,107,0,caption_ocr,0,0,phobert-base,1,123,threads,test,1
ocr_improves,0,True,113,0,caption_ocr,1,1,phobert-base,1,123,threads,test,1
ocr_harms,0,True,4220,0,caption_ocr,0,0,phobert-base,1,123,threads,test,0
ocr_improves,1,True,2206,0,caption_ocr,0,0,phobert-base,0,123,facebook,test,1
ocr_improves,0,True,4258,0,caption_ocr,1,1,phobert-base,1,123,threads,test,0
ocr_improves,1,True,2233,1,caption_ocr,0,0,phobert-base,0,123,facebook,test,0
ocr_improves,0,True,6329,0,caption_ocr,1,1,phobert-base,1,123,facebook,test,0
ocr_harms,0,True,6337,0,caption_ocr,0,0,phobert-base,1,123,facebook,test,0
ocr_harms,0,True,196,0,caption_ocr,0,0,phobert-base,1,123,threads,test,0
ocr_harms,1,True,209,0,caption_ocr,1,1,phobert-base,0,123,threads,test,0
ocr_harms,0,True,6353,0,caption_ocr,0,0,phobert-base,1,123,facebook,test,0
ocr_harms,0,True,2296,0,caption_ocr,0,0,phobert-base,1,123,facebook,test,0
ocr_harms,0,True,255,0,caption_ocr,0,0,phobert-base,1,123,threads,test,0
ocr_harms,0,True,2303,0,caption_ocr,0,0,phobert-base,1,123,facebook,test,0
ocr_harms,0,True,256,0,caption_ocr,0,0,phobert-base,1,123,threads,test,1
ocr_improves,1,True,6404,0,caption_ocr,0,0,phobert-base,0,123,facebook,test,0
ocr_improves,0,True,2308,0,caption_ocr,1,1,phobert-base,1,123,facebook,test,0
ocr_improves,1,True,2327,0,caption_ocr,0,0,phobert-base,0,123,facebook,test,0
ocr_improves,1,True,289,0,caption_ocr,0,0,phobert-base,0,123,threads,test,0
ocr_harms,0,True,2338,1,caption_ocr,0,0,phobert-base,1,123,facebook,test,0
ocr_improves,0,True,297,0,caption_ocr,1,1,phobert-base,1,123,threads,test,0
ocr_improves,0,True,6447,1,caption_ocr,1,1,phobert-base,1,123,facebook,test,0
ocr_improves,0,True,308,0,caption_ocr,1,1,phobert-base,1,123,threads,test,0
ocr_improves,0,True,6456,1,caption_ocr,1,1,phobert-base,1,123,facebook,test,1
ocr_harms,0,True,313,0,caption_ocr,0,0,phobert-base,1,123,threads,test,0
ocr_improves,0,True,6491,1,caption_ocr,1,1,phobert-base,1,123,facebook,test,1
ocr_improves,0,True,2434,1,caption_ocr,1,1,phobert-base,1,123,facebook,test,0
ocr_harms,0,True,2435,1,caption_ocr,0,0,phobert-base,1,123,facebook,test,0
ocr_improves,0,True,2438,0,caption_ocr,1,1,phobert-base,1,123,facebook,test,0
ocr_improves,1,True,4492,0,caption_ocr,0,0,phobert-base,0,123,threads,test,0
ocr_improves,0,True,430,1,caption_ocr,1,1,phobert-base,1,123,threads,test,0
ocr_improves,0,True,2506,1,caption_ocr,1,1,phobert-base,1,123,facebook,test,0
ocr_harms,1,True,4574,0,caption_ocr,1,1,phobert-base,0,123,threads,test,1
ocr_improves,1,True,4575,0,caption_ocr,0,0,phobert-base,0,123,threads,test,0
ocr_harms,1,True,491,0,caption_ocr,1,1,phobert-base,0,123,threads,test,0
ocr_improves,1,True,513,0,caption_ocr,0,0,phobert-base,0,123,threads,test,0
ocr_harms,0,True,533,0,caption_ocr,0,0,phobert-base,1,123,threads,test,1
ocr_improves,0,True,4675,0,caption_ocr,1,1,phobert-base,1,123,threads,test,0
ocr_harms,1,True,613,1,caption_ocr,1,1,phobert-base,0,123,threads,test,1
ocr_improves,0,True,797,0,caption_ocr,1,1,phobert-base,1,123,threads,test,0
ocr_improves,1,True,6961,0,caption_ocr,0,0,phobert-base,0,123,facebook,test,0
ocr_harms,0,True,4924,0,caption_ocr,0,0,phobert-base,1,123,threads,test,0
ocr_improves,0,True,6977,1,caption_ocr,1,1,phobert-base,1,123,facebook,test,0
ocr_harms,1,True,2882,0,caption_ocr,1,1,phobert-base,0,123,facebook,test,1
ocr_improves,0,True,884,1,caption_ocr,1,1,phobert-base,1,123,threads,test,1
ocr_harms,1,True,2947,0,caption_ocr,1,1,phobert-base,0,123,facebook,test,0
ocr_improves,0,True,902,0,caption_ocr,1,1,phobert-base,1,123,threads,test,1
ocr_improves,1,True,932,0,caption_ocr,0,0,phobert-base,0,123,threads,test,0
ocr_harms,0,True,2990,0,caption_ocr,0,0,phobert-base,1,123,facebook,test,0
ocr_harms,0,True,7100,0,caption_ocr,0,0,phobert-base,1,123,facebook,test,0
ocr_harms,0,True,7123,0,caption_ocr,0,0,phobert-base,1,123,facebook,test,0
ocr_harms,0,True,7127,0,caption_ocr,0,0,phobert-base,1,123,facebook,test,0
ocr_improves,1,True,990,0,caption_ocr,0,0,phobert-base,0,123,threads,test,0
ocr_harms,0,True,1024,0,caption_ocr,0,0,phobert-base,1,123,threads,test,0
ocr_improves,0,True,1027,1,caption_ocr,1,1,phobert-base,1,123,threads,test,0
ocr_improves,1,True,3079,0,caption_ocr,0,0,phobert-base,0,123,facebook,test,0
ocr_improves,1,True,5139,0,caption_ocr,0,0,phobert-base,0,123,threads,test,0
ocr_harms,0,True,1054,0,caption_ocr,0,0,phobert-base,1,123,threads,test,0
ocr_improves,0,True,3104,0,caption_ocr,1,1,phobert-base,1,123,threads,test,1
ocr_harms,0,True,3125,0,caption_ocr,0,0,phobert-base,1,123,threads,test,0
ocr_harms,0,True,1079,0,caption_ocr,0,0,phobert-base,1,123,threads,test,0
ocr_improves,0,True,1096,0,caption_ocr,1,1,phobert-base,1,123,threads,test,1
ocr_improves,0,True,3143,0,caption_ocr,1,1,phobert-base,1,123,threads,test,0
ocr_harms,1,True,7250,0,caption_ocr,1,1,phobert-base,0,123,facebook,test,1
ocr_improves,0,True,3164,0,caption_ocr,1,1,phobert-base,1,123,threads,test,0
ocr_improves,0,True,1127,1,caption_ocr,1,1,phobert-base,1,123,threads,test,1
ocr_harms,0,True,7291,0,caption_ocr,0,0,phobert-base,1,123,facebook,test,0
ocr_harms,1,True,7292,0,caption_ocr,1,1,phobert-base,0,123,facebook,test,0
ocr_improves,1,True,7331,0,caption_ocr,0,0,phobert-base,0,123,facebook,test,0
ocr_improves,0,True,1216,1,caption_ocr,1,1,phobert-base,1,123,threads,test,0
ocr_improves,0,True,5322,0,caption_ocr,1,1,phobert-base,1,123,threads,test,1
ocr_harms,0,True,5335,0,caption_ocr,0,0,phobert-base,1,123,threads,test,0
ocr_harms,0,True,3289,0,caption_ocr,0,0,phobert-base,1,123,threads,test,0
ocr_improves,0,True,3372,0,caption_ocr,1,1,phobert-base,1,123,threads,test,0
ocr_improves,0,True,5533,0,caption_ocr,1,1,phobert-base,1,123,threads,test,1
ocr_improves,0,True,3485,0,caption_ocr,1,1,phobert-base,1,123,threads,test,1
ocr_harms,0,True,1448,0,caption_ocr,0,0,phobert-base,1,123,threads,test,1
ocr_harms,0,True,5547,0,caption_ocr,0,0,phobert-base,1,123,threads,test,0
ocr_improves,0,True,1452,1,caption_ocr,1,1,phobert-base,1,123,threads,test,0
ocr_improves,1,True,5548,0,caption_ocr,0,0,phobert-base,0,123,threads,test,0
ocr_improves,1,True,3510,0,caption_ocr,0,0,phobert-base,0,123,threads,test,0
ocr_harms,1,True,5575,0,caption_ocr,1,1,phobert-base,0,123,threads,test,0
ocr_harms,0,True,5661,0,caption_ocr,0,0,phobert-base,1,123,threads,test,0
ocr_improves,1,True,1604,0,caption_ocr,0,0,phobert-base,0,123,threads,test,0
ocr_improves,1,True,3665,0,caption_ocr,0,0,phobert-base,0,123,threads,test,0
ocr_improves,1,True,1623,0,caption_ocr,0,0,phobert-base,0,123,threads,test,0
ocr_improves,0,True,1657,0,caption_ocr,1,1,phobert-base,1,123,threads,test,1
ocr_improves,0,True,1660,0,caption_ocr,1,1,phobert-base,1,123,threads,test,1
ocr_harms,0,True,5786,0,caption_ocr,0,0,phobert-base,1,123,facebook,test,0
ocr_improves,0,True,3746,0,caption_ocr,1,1,phobert-base,1,123,threads,test,0
ocr_improves,0,True,1702,0,caption_ocr,1,1,phobert-base,1,123,threads,test,1
ocr_harms,1,True,1716,0,caption_ocr,1,1,phobert-base,0,123,threads,test,0
ocr_harms,1,True,5835,0,caption_ocr,1,1,phobert-base,0,123,facebook,test,0
ocr_improves,1,True,1761,0,caption_ocr,0,0,phobert-base,0,123,threads,test,0
ocr_improves,1,True,1767,1,caption_ocr,0,0,phobert-base,0,123,threads,test,0
ocr_harms,0,True,1778,0,caption_ocr,0,0,phobert-base,1,123,threads,test,0
ocr_harms,0,True,5880,0,caption_ocr,0,0,phobert-base,1,123,facebook,test,0
ocr_improves,1,True,1789,0,caption_ocr,0,0,phobert-base,0,123,threads,test,1
ocr_improves,0,True,3837,0,caption_ocr,1,1,phobert-base,1,123,threads,test,1
ocr_harms,0,True,3850,0,caption_ocr,0,0,phobert-base,1,123,threads,test,0
ocr_improves,0,True,1802,0,caption_ocr,1,1,phobert-base,1,123,threads,test,0
ocr_harms,0,True,3857,0,caption_ocr,0,0,phobert-base,1,123,threads,test,0
ocr_improves,0,True,1813,0,caption_ocr,1,1,phobert-base,1,123,threads,test,0
ocr_harms,0,True,3881,0,caption_ocr,0,0,phobert-base,1,123,threads,test,0
ocr_improves,1,True,3930,0,caption_ocr,0,0,phobert-base,0,123,threads,test,0
ocr_improves,0,True,6011,0,caption_ocr,1,1,phobert-base,1,123,facebook,test,1
ocr_harms,0,True,3969,0,caption_ocr,0,0,phobert-base,1,123,threads,test,0
ocr_harms,0,True,6049,0,caption_ocr,0,0,phobert-base,1,123,facebook,test,0
ocr_harms,0,True,6051,0,caption_ocr,0,0,phobert-base,1,123,facebook,test,0
ocr_improves,1,True,6060,0,caption_ocr,0,0,phobert-base,0,123,facebook,test,0
ocr_improves,0,True,6159,1,caption_ocr,1,1,phobert-base,1,2026,facebook,test,0
ocr_improves,1,True,2064,0,caption_ocr,0,0,phobert-base,0,2026,facebook,test,0
ocr_improves,1,True,6168,0,caption_ocr,0,0,phobert-base,0,2026,facebook,test,0
ocr_improves,0,True,26,0,caption_ocr,1,1,phobert-base,1,2026,threads,test,1
ocr_improves,1,True,6189,0,caption_ocr,0,0,phobert-base,0,2026,facebook,test,0
ocr_harms,1,True,2113,0,caption_ocr,1,1,phobert-base,0,2026,facebook,test,0
ocr_improves,1,True,4170,0,caption_ocr,0,0,phobert-base,0,2026,threads,test,0
ocr_improves,1,True,2134,0,caption_ocr,0,0,phobert-base,0,2026,facebook,test,0
ocr_improves,1,True,2139,0,caption_ocr,0,0,phobert-base,0,2026,facebook,test,0
ocr_harms,1,True,101,0,caption_ocr,1,1,phobert-base,0,2026,threads,test,1
ocr_harms,1,True,116,0,caption_ocr,1,1,phobert-base,0,2026,threads,test,0
ocr_harms,0,True,134,1,caption_ocr,0,0,phobert-base,1,2026,threads,test,0
ocr_harms,1,True,2187,0,caption_ocr,1,1,phobert-base,0,2026,facebook,test,0
ocr_improves,0,True,144,0,caption_ocr,1,1,phobert-base,1,2026,threads,test,1
ocr_harms,1,True,6297,1,caption_ocr,1,1,phobert-base,0,2026,facebook,test,0
ocr_improves,0,True,4258,0,caption_ocr,1,1,phobert-base,1,2026,threads,test,0
ocr_improves,0,True,6310,1,caption_ocr,1,1,phobert-base,1,2026,facebook,test,0
ocr_harms,0,True,2216,0,caption_ocr,0,0,phobert-base,1,2026,facebook,test,0
ocr_harms,0,True,2233,1,caption_ocr,0,0,phobert-base,1,2026,facebook,test,0
ocr_harms,1,True,209,0,caption_ocr,1,1,phobert-base,0,2026,threads,test,0
ocr_harms,1,True,2288,1,caption_ocr,1,1,phobert-base,0,2026,facebook,test,0
ocr_harms,0,True,2296,0,caption_ocr,0,0,phobert-base,1,2026,facebook,test,0
ocr_harms,0,True,255,0,caption_ocr,0,0,phobert-base,1,2026,threads,test,0
ocr_improves,1,True,256,0,caption_ocr,0,0,phobert-base,0,2026,threads,test,1
ocr_improves,1,True,6404,0,caption_ocr,0,0,phobert-base,0,2026,facebook,test,0
ocr_improves,0,True,2308,0,caption_ocr,1,1,phobert-base,1,2026,facebook,test,0
ocr_improves,1,True,4369,0,caption_ocr,0,0,phobert-base,0,2026,threads,test,0
ocr_improves,1,True,2327,0,caption_ocr,0,0,phobert-base,0,2026,facebook,test,0
ocr_improves,1,True,2338,1,caption_ocr,0,0,phobert-base,0,2026,facebook,test,0
ocr_improves,0,True,297,0,caption_ocr,1,1,phobert-base,1,2026,threads,test,0
ocr_improves,0,True,308,0,caption_ocr,1,1,phobert-base,1,2026,threads,test,0
ocr_harms,1,True,2358,0,caption_ocr,1,1,phobert-base,0,2026,facebook,test,0
ocr_improves,1,True,2368,1,caption_ocr,0,0,phobert-base,0,2026,facebook,test,0
ocr_improves,0,True,4433,0,caption_ocr,1,1,phobert-base,1,2026,threads,test,1
ocr_harms,1,True,6491,1,caption_ocr,1,1,phobert-base,0,2026,facebook,test,1
ocr_harms,1,True,6493,0,caption_ocr,1,1,phobert-base,0,2026,facebook,test,0
ocr_improves,0,True,2426,1,caption_ocr,1,1,phobert-base,1,2026,facebook,test,0
ocr_improves,0,True,2434,1,caption_ocr,1,1,phobert-base,1,2026,facebook,test,0
ocr_improves,1,True,4492,0,caption_ocr,0,0,phobert-base,0,2026,threads,test,0
ocr_harms,0,True,2459,0,caption_ocr,0,0,phobert-base,1,2026,facebook,test,0
ocr_improves,1,True,4507,0,caption_ocr,0,0,phobert-base,0,2026,threads,test,0
ocr_improves,0,True,2469,1,caption_ocr,1,1,phobert-base,1,2026,facebook,test,0
ocr_improves,0,True,430,1,caption_ocr,1,1,phobert-base,1,2026,threads,test,0
ocr_improves,1,True,2482,1,caption_ocr,0,0,phobert-base,0,2026,facebook,test,0
ocr_improves,0,True,2506,1,caption_ocr,1,1,phobert-base,1,2026,facebook,test,0
ocr_harms,1,True,4574,0,caption_ocr,1,1,phobert-base,0,2026,threads,test,1
ocr_improves,1,True,4575,0,caption_ocr,0,0,phobert-base,0,2026,threads,test,0
ocr_harms,0,True,478,0,caption_ocr,0,0,phobert-base,1,2026,threads,test,1
ocr_improves,0,True,4595,0,caption_ocr,1,1,phobert-base,1,2026,threads,test,1
ocr_harms,1,True,502,0,caption_ocr,1,1,phobert-base,0,2026,threads,test,0
ocr_improves,1,True,533,0,caption_ocr,0,0,phobert-base,0,2026,threads,test,1
ocr_improves,1,True,2627,0,caption_ocr,0,0,phobert-base,0,2026,facebook,test,0
ocr_harms,1,True,595,0,caption_ocr,1,1,phobert-base,0,2026,threads,test,1
ocr_harms,1,True,613,1,caption_ocr,1,1,phobert-base,0,2026,threads,test,1
ocr_improves,1,True,644,0,caption_ocr,0,0,phobert-base,0,2026,threads,test,0
ocr_harms,1,True,691,0,caption_ocr,1,1,phobert-base,0,2026,threads,test,1
ocr_improves,1,True,6961,0,caption_ocr,0,0,phobert-base,0,2026,facebook,test,0
ocr_harms,0,True,4924,0,caption_ocr,0,0,phobert-base,1,2026,threads,test,0
ocr_harms,1,True,6977,1,caption_ocr,1,1,phobert-base,0,2026,facebook,test,0
ocr_improves,1,True,7009,0,caption_ocr,0,0,phobert-base,0,2026,facebook,test,0
ocr_harms,1,True,7014,1,caption_ocr,1,1,phobert-base,0,2026,facebook,test,0
ocr_improves,0,True,884,1,caption_ocr,1,1,phobert-base,1,2026,threads,test,1
ocr_harms,1,True,5000,0,caption_ocr,1,1,phobert-base,0,2026,threads,test,1
ocr_harms,0,True,7049,0,caption_ocr,0,0,phobert-base,1,2026,facebook,test,0
ocr_improves,0,True,987,1,caption_ocr,1,1,phobert-base,1,2026,threads,test,1
ocr_harms,1,True,3043,0,caption_ocr,1,1,phobert-base,0,2026,facebook,test,1
ocr_improves,1,True,7159,0,caption_ocr,0,0,phobert-base,0,2026,facebook,test,0
ocr_improves,1,True,3079,0,caption_ocr,0,0,phobert-base,0,2026,facebook,test,0
ocr_harms,1,True,7181,0,caption_ocr,1,1,phobert-base,0,2026,facebook,test,1
ocr_harms,1,True,3091,0,caption_ocr,1,1,phobert-base,0,2026,facebook,test,1
ocr_improves,1,True,3110,0,caption_ocr,0,0,phobert-base,0,2026,threads,test,0
ocr_harms,0,True,3117,0,caption_ocr,0,0,phobert-base,1,2026,threads,test,0
ocr_harms,0,True,7215,0,caption_ocr,0,0,phobert-base,1,2026,facebook,test,0
ocr_improves,1,True,1075,0,caption_ocr,0,0,phobert-base,0,2026,threads,test,0
ocr_harms,1,True,7221,0,caption_ocr,1,1,phobert-base,0,2026,facebook,test,0
ocr_harms,1,True,1096,0,caption_ocr,1,1,phobert-base,0,2026,threads,test,1
ocr_improves,0,True,3143,0,caption_ocr,1,1,phobert-base,1,2026,threads,test,0
ocr_harms,1,True,7250,0,caption_ocr,1,1,phobert-base,0,2026,facebook,test,1
ocr_improves,0,True,3164,0,caption_ocr,1,1,phobert-base,1,2026,threads,test,0
ocr_harms,1,True,7287,0,caption_ocr,1,1,phobert-base,0,2026,facebook,test,1
ocr_harms,1,True,7292,0,caption_ocr,1,1,phobert-base,0,2026,facebook,test,0
ocr_harms,1,True,3260,0,caption_ocr,1,1,phobert-base,0,2026,threads,test,0
ocr_improves,0,True,1216,1,caption_ocr,1,1,phobert-base,1,2026,threads,test,0
ocr_harms,0,True,3267,0,caption_ocr,0,0,phobert-base,1,2026,threads,test,0
ocr_harms,1,True,5322,0,caption_ocr,1,1,phobert-base,0,2026,threads,test,1
ocr_improves,0,True,1228,1,caption_ocr,1,1,phobert-base,1,2026,threads,test,0
ocr_improves,0,True,3485,0,caption_ocr,1,1,phobert-base,1,2026,threads,test,1
ocr_improves,1,True,3497,0,caption_ocr,0,0,phobert-base,0,2026,threads,test,1
ocr_harms,0,True,3518,0,caption_ocr,0,0,phobert-base,1,2026,threads,test,0
ocr_improves,1,True,5579,0,caption_ocr,0,0,phobert-base,0,2026,threads,test,0
ocr_harms,0,True,5640,0,caption_ocr,0,0,phobert-base,1,2026,threads,test,0
ocr_harms,1,True,5650,0,caption_ocr,1,1,phobert-base,0,2026,threads,test,1
ocr_improves,1,True,3645,0,caption_ocr,0,0,phobert-base,0,2026,threads,test,0
ocr_improves,1,True,1604,0,caption_ocr,0,0,phobert-base,0,2026,threads,test,0
ocr_harms,1,True,5702,0,caption_ocr,1,1,phobert-base,0,2026,facebook,test,1
ocr_improves,1,True,5703,0,caption_ocr,0,0,phobert-base,0,2026,facebook,test,0
ocr_improves,1,True,3665,0,caption_ocr,0,0,phobert-base,0,2026,threads,test,0
ocr_harms,1,True,1653,0,caption_ocr,1,1,phobert-base,0,2026,threads,test,1
ocr_improves,0,True,1657,0,caption_ocr,1,1,phobert-base,1,2026,threads,test,1
ocr_harms,0,True,3709,0,caption_ocr,0,0,phobert-base,1,2026,threads,test,0
ocr_improves,1,True,1686,0,caption_ocr,0,0,phobert-base,0,2026,threads,test,0
ocr_harms,1,True,5788,0,caption_ocr,1,1,phobert-base,0,2026,facebook,test,0
ocr_improves,0,True,3746,0,caption_ocr,1,1,phobert-base,1,2026,threads,test,0
ocr_improves,0,True,1703,1,caption_ocr,1,1,phobert-base,1,2026,threads,test,1
ocr_harms,1,True,5802,0,caption_ocr,1,1,phobert-base,0,2026,facebook,test,0
ocr_harms,1,True,1716,0,caption_ocr,1,1,phobert-base,0,2026,threads,test,0
ocr_harms,1,True,1717,0,caption_ocr,1,1,phobert-base,0,2026,threads,test,1
ocr_improves,1,True,1734,0,caption_ocr,0,0,phobert-base,0,2026,threads,test,0
ocr_harms,1,True,5835,0,caption_ocr,1,1,phobert-base,0,2026,facebook,test,0
ocr_improves,1,True,3845,0,caption_ocr,0,0,phobert-base,0,2026,threads,test,0
ocr_improves,0,True,1802,0,caption_ocr,1,1,phobert-base,1,2026,threads,test,0
ocr_harms,0,True,3857,0,caption_ocr,0,0,phobert-base,1,2026,threads,test,0
ocr_improves,1,True,5906,0,caption_ocr,0,0,phobert-base,0,2026,facebook,test,0
ocr_improves,1,True,3866,0,caption_ocr,0,0,phobert-base,0,2026,threads,test,0
ocr_harms,1,True,1841,0,caption_ocr,1,1,phobert-base,0,2026,threads,test,1
ocr_improves,1,True,3930,0,caption_ocr,0,0,phobert-base,0,2026,threads,test,0
ocr_harms,0,True,3969,0,caption_ocr,0,0,phobert-base,1,2026,threads,test,0
ocr_improves,0,True,6037,1,caption_ocr,1,1,phobert-base,1,2026,facebook,test,0
ocr_improves,1,True,6051,0,caption_ocr,0,0,phobert-base,0,2026,facebook,test,0
ocr_harms,1,True,4004,0,caption_ocr,1,1,phobert-base,0,2026,threads,test,0
ocr_harms,0,True,1964,0,caption_ocr,0,0,phobert-base,1,2026,facebook,test,0
ocr_improves,1,True,4026,0,caption_ocr,0,0,phobert-base,0,2026,threads,test,1
ocr_improves,1,True,4034,0,caption_ocr,0,0,phobert-base,0,2026,threads,test,0
ocr_harms,1,True,2005,0,caption_ocr,1,1,phobert-base,0,2026,facebook,test,0
ocr_improves,1,True,6151,0,caption_ocr,0,0,phobert-base,0,42,facebook,test,0
ocr_improves,0,True,6159,1,caption_ocr,1,1,phobert-base,1,42,facebook,test,0
ocr_improves,0,True,26,0,caption_ocr,1,1,phobert-base,1,42,threads,test,1
ocr_improves,1,True,4132,0,caption_ocr,0,0,phobert-base,0,42,threads,test,0
ocr_harms,0,True,2093,0,caption_ocr,0,0,phobert-base,1,42,facebook,test,0
ocr_harms,1,True,2113,0,caption_ocr,1,1,phobert-base,0,42,facebook,test,0
ocr_improves,1,True,4170,0,caption_ocr,0,0,phobert-base,0,42,threads,test,0
ocr_improves,1,True,2134,0,caption_ocr,0,0,phobert-base,0,42,facebook,test,0
ocr_harms,0,True,4201,0,caption_ocr,0,0,phobert-base,1,42,threads,test,0
ocr_improves,1,True,107,0,caption_ocr,0,0,phobert-base,0,42,threads,test,1
ocr_improves,0,True,113,0,caption_ocr,1,1,phobert-base,1,42,threads,test,1
ocr_harms,0,True,134,1,caption_ocr,0,0,phobert-base,1,42,threads,test,0
ocr_improves,1,True,137,0,caption_ocr,0,0,phobert-base,0,42,threads,test,0
ocr_improves,0,True,4258,0,caption_ocr,1,1,phobert-base,1,42,threads,test,0
ocr_harms,0,True,2229,0,caption_ocr,0,0,phobert-base,1,42,facebook,test,0
ocr_improves,0,True,6329,0,caption_ocr,1,1,phobert-base,1,42,facebook,test,0
ocr_harms,0,True,196,0,caption_ocr,0,0,phobert-base,1,42,threads,test,0
ocr_harms,0,True,6353,0,caption_ocr,0,0,phobert-base,1,42,facebook,test,0
ocr_improves,1,True,4321,0,caption_ocr,0,0,phobert-base,0,42,threads,test,0
ocr_harms,0,True,255,0,caption_ocr,0,0,phobert-base,1,42,threads,test,0
ocr_improves,1,True,256,0,caption_ocr,0,0,phobert-base,0,42,threads,test,1
ocr_improves,0,True,258,0,caption_ocr,1,1,phobert-base,1,42,threads,test,0
ocr_improves,0,True,4355,0,caption_ocr,1,1,phobert-base,1,42,threads,test,0
ocr_improves,1,True,6404,0,caption_ocr,0,0,phobert-base,0,42,facebook,test,0
ocr_improves,0,True,2308,0,caption_ocr,1,1,phobert-base,1,42,facebook,test,0
ocr_improves,1,True,2327,0,caption_ocr,0,0,phobert-base,0,42,facebook,test,0
ocr_harms,0,True,2338,1,caption_ocr,0,0,phobert-base,1,42,facebook,test,0
ocr_improves,0,True,297,0,caption_ocr,1,1,phobert-base,1,42,threads,test,0
ocr_improves,0,True,6447,1,caption_ocr,1,1,phobert-base,1,42,facebook,test,0
ocr_improves,0,True,308,0,caption_ocr,1,1,phobert-base,1,42,threads,test,0
ocr_harms,0,True,313,0,caption_ocr,0,0,phobert-base,1,42,threads,test,0
ocr_improves,0,True,4433,0,caption_ocr,1,1,phobert-base,1,42,threads,test,1
ocr_improves,0,True,6491,1,caption_ocr,1,1,phobert-base,1,42,facebook,test,1
ocr_harms,1,True,6493,0,caption_ocr,1,1,phobert-base,0,42,facebook,test,0
ocr_improves,0,True,2434,1,caption_ocr,1,1,phobert-base,1,42,facebook,test,0
ocr_improves,0,True,2438,0,caption_ocr,1,1,phobert-base,1,42,facebook,test,0
ocr_harms,0,True,4507,0,caption_ocr,0,0,phobert-base,1,42,threads,test,0
ocr_harms,0,True,423,0,caption_ocr,0,0,phobert-base,1,42,threads,test,0
ocr_harms,0,True,464,0,caption_ocr,0,0,phobert-base,1,42,threads,test,0
ocr_harms,1,True,4574,0,caption_ocr,1,1,phobert-base,0,42,threads,test,1
ocr_harms,0,True,478,0,caption_ocr,0,0,phobert-base,1,42,threads,test,1
ocr_improves,1,True,513,0,caption_ocr,0,0,phobert-base,0,42,threads,test,0
ocr_harms,0,True,523,0,caption_ocr,0,0,phobert-base,1,42,threads,test,0
ocr_harms,0,True,2590,0,caption_ocr,0,0,phobert-base,1,42,facebook,test,0
ocr_harms,0,True,4642,0,caption_ocr,0,0,phobert-base,1,42,threads,test,0
ocr_harms,0,True,548,0,caption_ocr,0,0,phobert-base,1,42,threads,test,0
ocr_improves,0,True,595,0,caption_ocr,1,1,phobert-base,1,42,threads,test,1
ocr_improves,1,True,599,0,caption_ocr,0,0,phobert-base,0,42,threads,test,0
ocr_harms,1,True,613,1,caption_ocr,1,1,phobert-base,0,42,threads,test,1
ocr_harms,1,True,618,0,caption_ocr,1,1,phobert-base,0,42,threads,test,0
ocr_harms,0,True,644,0,caption_ocr,0,0,phobert-base,1,42,threads,test,0
ocr_harms,0,True,793,0,caption_ocr,0,0,phobert-base,1,42,threads,test,0
ocr_improves,0,True,797,0,caption_ocr,1,1,phobert-base,1,42,threads,test,0
ocr_harms,0,True,4902,0,caption_ocr,0,0,phobert-base,1,42,threads,test,0
ocr_harms,0,True,4924,0,caption_ocr,0,0,phobert-base,1,42,threads,test,0
ocr_improves,0,True,6977,1,caption_ocr,1,1,phobert-base,1,42,facebook,test,0
ocr_harms,0,True,4964,0,caption_ocr,0,0,phobert-base,1,42,threads,test,0
ocr_improves,0,True,884,1,caption_ocr,1,1,phobert-base,1,42,threads,test,1
ocr_improves,0,True,902,0,caption_ocr,1,1,phobert-base,1,42,threads,test,1
ocr_improves,1,True,932,0,caption_ocr,0,0,phobert-base,0,42,threads,test,0
ocr_harms,0,True,2990,0,caption_ocr,0,0,phobert-base,1,42,facebook,test,0
ocr_harms,1,True,2999,0,caption_ocr,1,1,phobert-base,0,42,facebook,test,0
ocr_harms,0,True,7100,0,caption_ocr,0,0,phobert-base,1,42,facebook,test,0
ocr_harms,0,True,5072,0,caption_ocr,0,0,phobert-base,1,42,threads,test,0
ocr_harms,0,True,7123,0,caption_ocr,0,0,phobert-base,1,42,facebook,test,0
ocr_harms,0,True,980,0,caption_ocr,0,0,phobert-base,1,42,threads,test,0
ocr_harms,0,True,7127,0,caption_ocr,0,0,phobert-base,1,42,facebook,test,0
ocr_harms,0,True,1024,0,caption_ocr,0,0,phobert-base,1,42,threads,test,0
ocr_improves,0,True,1027,1,caption_ocr,1,1,phobert-base,1,42,threads,test,0
ocr_improves,1,True,3079,0,caption_ocr,0,0,phobert-base,0,42,facebook,test,0
ocr_harms,1,True,7181,0,caption_ocr,1,1,phobert-base,0,42,facebook,test,1
ocr_harms,0,True,1043,0,caption_ocr,0,0,phobert-base,1,42,threads,test,0
ocr_improves,0,True,3104,0,caption_ocr,1,1,phobert-base,1,42,threads,test,1
ocr_harms,0,True,3117,0,caption_ocr,0,0,phobert-base,1,42,threads,test,0
ocr_harms,0,True,3125,0,caption_ocr,0,0,phobert-base,1,42,threads,test,0
ocr_harms,0,True,1079,0,caption_ocr,0,0,phobert-base,1,42,threads,test,0
ocr_improves,0,True,1096,0,caption_ocr,1,1,phobert-base,1,42,threads,test,1
ocr_improves,0,True,3143,0,caption_ocr,1,1,phobert-base,1,42,threads,test,0
ocr_improves,0,True,3164,0,caption_ocr,1,1,phobert-base,1,42,threads,test,0
ocr_improves,0,True,3260,0,caption_ocr,1,1,phobert-base,1,42,threads,test,0
ocr_harms,0,True,3267,0,caption_ocr,0,0,phobert-base,1,42,threads,test,0
ocr_improves,0,True,5322,0,caption_ocr,1,1,phobert-base,1,42,threads,test,1
ocr_improves,0,True,1234,0,caption_ocr,1,1,phobert-base,1,42,threads,test,1
ocr_harms,0,True,3289,0,caption_ocr,0,0,phobert-base,1,42,threads,test,0
ocr_improves,0,True,1325,1,caption_ocr,1,1,phobert-base,1,42,threads,test,0
ocr_improves,0,True,5533,0,caption_ocr,1,1,phobert-base,1,42,threads,test,1
ocr_harms,0,True,1448,0,caption_ocr,0,0,phobert-base,1,42,threads,test,1
ocr_harms,0,True,5547,0,caption_ocr,0,0,phobert-base,1,42,threads,test,0
ocr_improves,1,True,5548,0,caption_ocr,0,0,phobert-base,0,42,threads,test,0
ocr_harms,0,True,5640,0,caption_ocr,0,0,phobert-base,1,42,threads,test,0
ocr_harms,1,True,5650,0,caption_ocr,1,1,phobert-base,0,42,threads,test,1
ocr_harms,0,True,5666,0,caption_ocr,0,0,phobert-base,1,42,threads,test,0
ocr_harms,1,True,5702,0,caption_ocr,1,1,phobert-base,0,42,facebook,test,1
ocr_improves,0,True,5728,0,caption_ocr,1,1,phobert-base,1,42,facebook,test,0
ocr_improves,0,True,1657,0,caption_ocr,1,1,phobert-base,1,42,threads,test,1
ocr_improves,0,True,1660,0,caption_ocr,1,1,phobert-base,1,42,threads,test,1
ocr_harms,0,True,3709,0,caption_ocr,0,0,phobert-base,1,42,threads,test,0
ocr_improves,0,True,1671,0,caption_ocr,1,1,phobert-base,1,42,threads,test,1
ocr_harms,0,True,5786,0,caption_ocr,0,0,phobert-base,1,42,facebook,test,0
ocr_improves,0,True,3746,0,caption_ocr,1,1,phobert-base,1,42,threads,test,0
ocr_improves,0,True,1703,1,caption_ocr,1,1,phobert-base,1,42,threads,test,1
ocr_harms,1,True,5835,0,caption_ocr,1,1,phobert-base,0,42,facebook,test,0
ocr_improves,0,True,1768,0,caption_ocr,1,1,phobert-base,1,42,threads,test,1
ocr_improves,1,True,1778,0,caption_ocr,0,0,phobert-base,0,42,threads,test,0
ocr_harms,0,True,1789,0,caption_ocr,0,0,phobert-base,1,42,threads,test,1
ocr_improves,0,True,3837,0,caption_ocr,1,1,phobert-base,1,42,threads,test,1
ocr_harms,0,True,1791,0,caption_ocr,0,0,phobert-base,1,42,threads,test,1
ocr_improves,0,True,1802,0,caption_ocr,1,1,phobert-base,1,42,threads,test,0
ocr_harms,0,True,3857,0,caption_ocr,0,0,phobert-base,1,42,threads,test,0
ocr_improves,0,True,1813,0,caption_ocr,1,1,phobert-base,1,42,threads,test,0
ocr_harms,0,True,3881,0,caption_ocr,0,0,phobert-base,1,42,threads,test,0
ocr_harms,0,True,3930,0,caption_ocr,0,0,phobert-base,1,42,threads,test,0
ocr_improves,0,True,3940,0,caption_ocr,1,1,phobert-base,1,42,threads,test,1
ocr_harms,0,True,6049,0,caption_ocr,0,0,phobert-base,1,42,facebook,test,0
ocr_improves,1,True,6060,0,caption_ocr,0,0,phobert-base,0,42,facebook,test,0
ocr_harms,1,True,4048,0,caption_ocr,1,1,phobert-base,0,42,threads,test,0
ocr_improves,0,True,6106,0,caption_ocr,1,1,phobert-base,1,42,facebook,test,0
