combo,dt4mid-caption,dt4mid-caption-ocr,has_ocr,id,image_path,phobert-caption,phobert-caption-ocr,phobert-ocr,source
000,"42:1,123:1,2026:1","42:1,123:1,2026:1",True,5803,data/images/post05803.jpg,"42:1,123:1,2026:1","42:1,123:1,2026:1","42:1,123:0,2026:0",facebook
101,"42:0,123:0,2026:0","42:0,123:0,2026:0",False,723,data/images/post00723.jpg,"42:0,123:0,2026:1","42:0,123:0,2026:0","42:0,123:0,2026:0",threads
011,"42:1,123:0,2026:1","42:1,123:0,2026:1",True,6388,data/images/post06388.jpg,"42:1,123:1,2026:0","42:1,123:1,2026:0","42:1,123:1,2026:1",facebook
000,"42:1,123:1,2026:1","42:1,123:1,2026:1",True,5990,data/images/post05990.jpg,"42:1,123:1,2026:1","42:1,123:1,2026:1","42:0,123:0,2026:0",facebook
000,"42:0,123:0,2026:0","42:0,123:1,2026:1",True,1024,data/images/post01024.jpg,"42:0,123:0,2026:0","42:1,123:1,2026:0","42:1,123:1,2026:0",threads
000,"42:1,123:0,2026:0","42:1,123:0,2026:1",True,1075,data/images/post01075.webp,"42:1,123:0,2026:1","42:1,123:0,2026:0","42:0,123:0,2026:0",threads
000,"42:1,123:1,2026:1","42:1,123:0,2026:1",True,4170,data/images/post04170.jpg,"42:1,123:1,2026:1","42:0,123:1,2026:0","42:0,123:0,2026:0",threads
000,"42:1,123:0,2026:1","42:1,123:0,2026:1",True,599,data/images/post00599.webp,"42:1,123:0,2026:0","42:0,123:0,2026:0","42:1,123:1,2026:1",threads
000,"42:0,123:0,2026:0","42:0,123:0,2026:0",False,371,data/images/post00371.jpg,"42:0,123:0,2026:0","42:1,123:1,2026:0","42:0,123:0,2026:0",threads
000,"42:1,123:1,2026:1","42:1,123:1,2026:1",False,5811,data/images/post05811.jpg,"42:1,123:1,2026:1","42:1,123:1,2026:1","42:0,123:0,2026:0",facebook
000,"42:1,123:1,2026:1","42:1,123:1,2026:1",True,5986,data/images/post05986.jpg,"42:1,123:1,2026:1","42:1,123:1,2026:1","42:1,123:1,2026:1",facebook
111,"42:0,123:1,2026:1","42:1,123:1,2026:0",True,6456,data/images/post06456.jpg,"42:0,123:0,2026:1","42:0,123:1,2026:1","42:1,123:1,2026:1",facebook
001,"42:1,123:1,2026:1","42:1,123:1,2026:1",True,6826,data/images/post06826.jpg,"42:1,123:1,2026:1","42:1,123:1,2026:1","42:1,123:1,2026:1",facebook
000,"42:0,123:1,2026:0","42:0,123:0,2026:0",False,859,data/images/post00859.jpg,"42:1,123:0,2026:1","42:1,123:0,2026:0","42:0,123:0,2026:0",threads
001,"42:1,123:1,2026:1","42:1,123:1,2026:1",False,6562,data/images/post06562.jpg,"42:1,123:1,2026:1","42:1,123:1,2026:1","42:0,123:0,2026:0",facebook
011,"42:1,123:1,2026:1","42:1,123:1,2026:1",True,2399,data/images/post02399.jpg,"42:1,123:1,2026:1","42:1,123:1,2026:1","42:1,123:1,2026:1",facebook
001,"42:1,123:1,2026:1","42:1,123:1,2026:1",False,6505,data/images/post06505.jpg,"42:1,123:1,2026:1","42:1,123:1,2026:1","42:0,123:0,2026:0",facebook
001,"42:1,123:0,2026:1","42:1,123:1,2026:1",True,7292,data/images/post07292.jpg,"42:1,123:1,2026:1","42:1,123:0,2026:0","42:1,123:0,2026:0",facebook
011,"42:1,123:1,2026:1","42:1,123:1,2026:1",True,6818,data/images/post06818.jpg,"42:1,123:1,2026:1","42:1,123:1,2026:1","42:1,123:1,2026:1",facebook
000,"42:0,123:0,2026:0","42:0,123:0,2026:0",False,4909,data/images/post04909.jpg,"42:1,123:0,2026:0","42:0,123:0,2026:0","42:0,123:0,2026:0",threads
000,"42:0,123:0,2026:0","42:0,123:0,2026:0",False,4190,data/images/post04190.jpg,"42:0,123:0,2026:0","42:0,123:0,2026:0","42:0,123:0,2026:0",threads
000,"42:1,123:1,2026:1","42:1,123:1,2026:1",True,6100,data/images/post06100.jpg,"42:1,123:1,2026:1","42:1,123:1,2026:1","42:1,123:1,2026:1",facebook
000,"42:0,123:0,2026:0","42:0,123:0,2026:0",True,5033,data/images/post05033.jpg,"42:0,123:0,2026:0","42:0,123:0,2026:0","42:0,123:0,2026:0",threads
001,"42:1,123:1,2026:1","42:1,123:1,2026:0",True,5608,data/images/post05608.webp,"42:1,123:1,2026:1","42:1,123:1,2026:1","42:0,123:0,2026:0",threads
000,"42:0,123:0,2026:0","42:0,123:0,2026:0",False,4177,data/images/post04177.jpg,"42:0,123:0,2026:0","42:0,123:0,2026:0","42:0,123:0,2026:0",threads
000,"42:0,123:0,2026:0","42:1,123:1,2026:1",True,3845,data/images/post03845.jpg,"42:1,123:1,2026:1","42:1,123:1,2026:0","42:1,123:0,2026:0",threads
001,"42:1,123:0,2026:1","42:1,123:0,2026:1",False,2129,data/images/post02129.jpg,"42:1,123:1,2026:1","42:1,123:1,2026:1","42:0,123:0,2026:0",facebook
101,"42:1,123:1,2026:1","42:0,123:1,2026:1",False,540,data/images/post00540.jpg,"42:1,123:1,2026:1","42:1,123:0,2026:1","42:0,123:0,2026:0",threads
101,"42:0,123:0,2026:0","42:0,123:0,2026:0",True,5000,data/images/post05000.jpg,"42:0,123:0,2026:1","42:0,123:0,2026:0","42:1,123:0,2026:0",threads
000,"42:0,123:0,2026:0","42:0,123:0,2026:0",True,3054,data/images/post03054.jpg,"42:0,123:0,2026:0","42:0,123:0,2026:0","42:0,123:0,2026:0",facebook
000,"42:0,123:0,2026:0","42:0,123:0,2026:0",True,3867,data/images/post03867.jpg,"42:0,123:0,2026:0","42:0,123:0,2026:0","42:0,123:0,2026:0",threads
000,"42:0,123:0,2026:0","42:0,123:0,2026:0",False,4031,data/images/post04031.jpg,"42:0,123:0,2026:0","42:0,123:0,2026:0","42:0,123:0,2026:0",threads
010,"42:1,123:1,2026:1","42:1,123:1,2026:1",True,1767,data/images/post01767.jpg,"42:1,123:1,2026:0","42:1,123:0,2026:0","42:1,123:1,2026:1",threads
001,"42:1,123:0,2026:1","42:1,123:1,2026:1",True,1598,data/images/post01598.jpg,"42:1,123:1,2026:1","42:1,123:1,2026:1","42:1,123:1,2026:1",threads
000,"42:0,123:0,2026:0","42:0,123:0,2026:0",False,850,data/images/post00850.jpg,"42:0,123:0,2026:0","42:0,123:0,2026:0","42:0,123:0,2026:0",threads
001,"42:0,123:0,2026:0","42:0,123:0,2026:0",True,5978,data/images/post05978.jpg,"42:0,123:0,2026:0","42:0,123:0,2026:0","42:0,123:1,2026:0",facebook
000,"42:0,123:0,2026:0","42:0,123:1,2026:1",True,3709,data/images/post03709.jpg,"42:0,123:0,2026:0","42:1,123:0,2026:1","42:0,123:0,2026:0",threads
011,"42:1,123:1,2026:1","42:1,123:1,2026:1",True,5963,data/images/post05963.jpg,"42:1,123:1,2026:1","42:1,123:1,2026:1","42:0,123:1,2026:1",facebook
011,"42:1,123:1,2026:1","42:1,123:1,2026:1",True,5782,data/images/post05782.jpg,"42:1,123:1,2026:1","42:1,123:1,2026:1","42:1,123:1,2026:1",facebook
000,"42:0,123:0,2026:0","42:0,123:0,2026:0",True,4722,data/images/post04722.webp,"42:0,123:0,2026:0","42:0,123:0,2026:0","42:0,123:0,2026:0",threads
001,"42:1,123:1,2026:1","42:1,123:1,2026:1",True,1801,data/images/post01801.jpg,"42:1,123:1,2026:1","42:1,123:1,2026:1","42:1,123:1,2026:1",threads
001,"42:1,123:1,2026:1","42:1,123:1,2026:1",False,2768,data/images/post02768.jpg,"42:1,123:1,2026:1","42:1,123:1,2026:1","42:0,123:0,2026:0",facebook
001,"42:1,123:1,2026:1","42:1,123:1,2026:1",False,5737,data/images/post05737.jpg,"42:1,123:1,2026:1","42:1,123:1,2026:1","42:0,123:0,2026:0",facebook
001,"42:0,123:0,2026:0","42:0,123:0,2026:0",False,1824,data/images/post01824.jpg,"42:1,123:1,2026:1","42:0,123:0,2026:0","42:0,123:0,2026:0",threads
001,"42:0,123:0,2026:0","42:1,123:0,2026:0",True,2321,data/images/post02321.jpg,"42:0,123:0,2026:0","42:0,123:0,2026:0","42:0,123:0,2026:0",facebook
011,"42:0,123:0,2026:0","42:1,123:1,2026:1",True,6447,data/images/post06447.jpg,"42:0,123:0,2026:1","42:1,123:1,2026:1","42:1,123:1,2026:1",facebook
101,"42:1,123:1,2026:1","42:1,123:1,2026:1",False,2851,data/images/post02851.jpg,"42:1,123:1,2026:1","42:1,123:1,2026:1","42:0,123:0,2026:0",facebook
000,"42:0,123:0,2026:0","42:1,123:0,2026:0",True,255,data/images/post00255.jpg,"42:0,123:0,2026:0","42:1,123:1,2026:1","42:0,123:0,2026:0",threads
000,"42:0,123:0,2026:0","42:1,123:0,2026:0",True,1103,data/images/post01103.jpg,"42:0,123:0,2026:0","42:0,123:0,2026:0","42:1,123:1,2026:1",threads
011,"42:0,123:0,2026:0","42:1,123:0,2026:0",True,1228,data/images/post01228.jpg,"42:1,123:1,2026:0","42:1,123:1,2026:1","42:1,123:0,2026:1",threads
001,"42:1,123:0,2026:0","42:1,123:0,2026:1",True,4004,data/images/post04004.jpg,"42:1,123:1,2026:1","42:1,123:1,2026:0","42:0,123:0,2026:0",threads
000,"42:0,123:0,2026:0","42:0,123:0,2026:0",False,1591,data/images/post01591.jpg,"42:0,123:0,2026:0","42:0,123:0,2026:0","42:0,123:0,2026:0",threads
000,"42:1,123:1,2026:1","42:1,123:1,2026:1",False,2861,data/images/post02861.jpg,"42:1,123:1,2026:1","42:1,123:1,2026:0","42:0,123:0,2026:0",facebook
001,"42:1,123:0,2026:0","42:1,123:1,2026:1",True,797,data/images/post00797.jpg,"42:0,123:0,2026:0","42:1,123:1,2026:0","42:1,123:1,2026:1",threads
101,"42:1,123:0,2026:1","42:1,123:1,2026:1",True,2913,data/images/post02913.jpg,"42:1,123:1,2026:1","42:1,123:1,2026:1","42:1,123:1,2026:1",facebook
011,"42:1,123:0,2026:1","42:1,123:1,2026:1",True,6159,data/images/post06159.jpg,"42:0,123:0,2026:0","42:1,123:1,2026:1","42:1,123:1,2026:1",facebook
001,"42:1,123:1,2026:1","42:1,123:1,2026:1",False,7007,data/images/post07007.jpg,"42:1,123:1,2026:1","42:1,123:1,2026:1","42:0,123:0,2026:0",facebook
011,"42:1,123:1,2026:1","42:1,123:0,2026:1",True,2333,data/images/post02333.jpg,"42:1,123:1,2026:1","42:1,123:1,2026:1","42:1,123:1,2026:1",facebook
100,"42:1,123:0,2026:0","42:1,123:1,2026:1",True,1448,data/images/post01448.jpg,"42:0,123:0,2026:1","42:1,123:1,2026:1","42:1,123:1,2026:1",threads
000,"42:0,123:0,2026:0","42:0,123:0,2026:0",True,993,data/images/post00993.jpg,"42:0,123:0,2026:0","42:0,123:0,2026:0","42:0,123:0,2026:0",threads
001,"42:1,123:1,2026:1","42:1,123:0,2026:1",False,1978,data/images/post01978.jpg,"42:1,123:1,2026:1","42:1,123:1,2026:1","42:0,123:0,2026:0",facebook
000,"42:0,123:0,2026:0","42:0,123:0,2026:0",False,5035,data/images/post05035.jpg,"42:0,123:0,2026:0","42:0,123:0,2026:0","42:0,123:0,2026:0",threads
000,"42:0,123:0,2026:0","42:0,123:0,2026:0",False,4647,data/images/post04647.jpg,"42:0,123:0,2026:0","42:0,123:0,2026:0","42:0,123:0,2026:0",threads
000,"42:0,123:0,2026:0","42:0,123:0,2026:0",False,4922,data/images/post04922.jpg,"42:1,123:1,2026:1","42:1,123:0,2026:1","42:0,123:0,2026:0",threads
000,"42:0,123:0,2026:0","42:0,123:0,2026:0",False,525,data/images/post00525.jpg,"42:0,123:0,2026:1","42:0,123:0,2026:0","42:0,123:0,2026:0",threads
000,"42:0,123:0,2026:0","42:0,123:0,2026:0",True,3878,data/images/post03878.jpg,"42:0,123:0,2026:0","42:0,123:0,2026:0","42:0,123:0,2026:0",threads
101,"42:0,123:0,2026:0","42:0,123:1,2026:1",False,1254,data/images/post01254.jpg,"42:1,123:0,2026:1","42:1,123:1,2026:1","42:0,123:0,2026:0",threads
000,"42:1,123:1,2026:1","42:1,123:0,2026:1",True,2139,data/images/post02139.jpg,"42:1,123:1,2026:1","42:1,123:1,2026:0","42:1,123:1,2026:1",facebook
111,"42:0,123:0,2026:0","42:1,123:0,2026:0",True,2642,data/images/post02642.jpg,"42:0,123:0,2026:0","42:0,123:0,2026:0","42:0,123:0,2026:0",facebook
000,"42:0,123:0,2026:0","42:0,123:0,2026:0",True,314,data/images/post00314.jpg,"42:0,123:0,2026:0","42:0,123:0,2026:0","42:1,123:0,2026:0",threads
010,"42:1,123:1,2026:1","42:1,123:1,2026:1",True,2482,data/images/post02482.jpg,"42:1,123:1,2026:1","42:1,123:1,2026:0","42:1,123:1,2026:1",facebook
000,"42:1,123:0,2026:0","42:0,123:0,2026:0",False,5580,data/images/post05580.jpg,"42:1,123:1,2026:1","42:0,123:0,2026:0","42:0,123:0,2026:0",threads
111,"42:0,123:0,2026:0","42:1,123:0,2026:0",True,3587,data/images/post03587.jpg,"42:0,123:0,2026:0","42:0,123:0,2026:0","42:1,123:1,2026:1",threads
000,"42:1,123:1,2026:1","42:0,123:1,2026:1",True,196,data/images/post00196.jpg,"42:0,123:0,2026:0","42:1,123:1,2026:0","42:1,123:1,2026:1",threads
011,"42:1,123:1,2026:1","42:1,123:1,2026:1",True,6755,data/images/post06755.jpg,"42:1,123:1,2026:1","42:1,123:1,2026:1","42:1,123:1,2026:1",facebook
101,"42:1,123:1,2026:1","42:1,123:1,2026:1",False,6488,data/images/post06488.jpg,"42:1,123:1,2026:1","42:1,123:1,2026:1","42:0,123:0,2026:0",facebook
000,"42:0,123:0,2026:0","42:0,123:0,2026:0",True,5335,data/images/post05335.jpg,"42:0,123:0,2026:0","42:0,123:1,2026:0","42:0,123:0,2026:0",threads
000,"42:1,123:0,2026:1","42:0,123:1,2026:1",True,592,data/images/post00592.jpg,"42:1,123:1,2026:1","42:1,123:1,2026:1","42:1,123:0,2026:0",threads
000,"42:1,123:0,2026:1","42:1,123:0,2026:0",True,6168,data/images/post06168.jpg,"42:1,123:1,2026:1","42:1,123:1,2026:0","42:0,123:0,2026:0",facebook
000,"42:0,123:0,2026:0","42:0,123:0,2026:0",False,5293,data/images/post05293.jpg,"42:0,123:0,2026:0","42:0,123:0,2026:0","42:0,123:0,2026:0",threads
000,"42:0,123:0,2026:0","42:1,123:0,2026:0",True,423,data/images/post00423.jpg,"42:0,123:0,2026:0","42:1,123:0,2026:0","42:1,123:1,2026:0",threads
000,"42:1,123:1,2026:1","42:1,123:0,2026:1",True,6189,data/images/post06189.jpg,"42:1,123:1,2026:1","42:1,123:1,2026:0","42:1,123:0,2026:1",facebook
000,"42:0,123:0,2026:0","42:0,123:0,2026:0",True,1155,data/images/post01155.jpg,"42:0,123:0,2026:0","42:0,123:0,2026:0","42:1,123:0,2026:0",threads
101,"42:0,123:0,2026:0","42:0,123:0,2026:0",True,1602,data/images/post01602.jpg,"42:0,123:0,2026:0","42:0,123:0,2026:0","42:0,123:0,2026:0",threads
000,"42:0,123:0,2026:0","42:0,123:0,2026:0",False,5197,data/images/post05197.jpg,"42:1,123:0,2026:0","42:0,123:0,2026:0","42:0,123:0,2026:0",threads
101,"42:0,123:0,2026:0","42:0,123:0,2026:0",False,779,data/images/post00779.jpg,"42:0,123:0,2026:1","42:0,123:0,2026:1","42:0,123:0,2026:0",threads
000,"42:0,123:0,2026:0","42:1,123:1,2026:1",True,464,data/images/post00464.jpg,"42:0,123:0,2026:0","42:1,123:0,2026:0","42:1,123:1,2026:1",threads
011,"42:1,123:1,2026:1","42:1,123:1,2026:1",True,6645,data/images/post06645.jpg,"42:1,123:1,2026:1","42:1,123:1,2026:1","42:1,123:1,2026:1",facebook
000,"42:0,123:1,2026:1","42:1,123:1,2026:1",False,3992,data/images/post03992.jpg,"42:1,123:1,2026:1","42:1,123:1,2026:1","42:0,123:0,2026:0",threads
001,"42:1,123:1,2026:1","42:1,123:1,2026:1",True,2916,data/images/post02916.jpg,"42:1,123:1,2026:1","42:1,123:1,2026:1","42:1,123:1,2026:1",facebook
101,"42:1,123:0,2026:1","42:1,123:1,2026:1",True,1234,data/images/post01234.jpg,"42:0,123:1,2026:1","42:1,123:1,2026:1","42:0,123:1,2026:1",threads
001,"42:1,123:1,2026:1","42:1,123:1,2026:1",True,6098,data/images/post06098.jpg,"42:1,123:1,2026:1","42:1,123:1,2026:1","42:1,123:1,2026:1",facebook
000,"42:1,123:0,2026:0","42:0,123:0,2026:0",False,735,data/images/post00735.jpg,"42:1,123:1,2026:1","42:0,123:0,2026:1","42:0,123:0,2026:0",threads
101,"42:0,123:0,2026:0","42:0,123:0,2026:0",True,1841,data/images/post01841.jpg,"42:0,123:0,2026:1","42:0,123:0,2026:0","42:0,123:0,2026:0",threads
010,"42:0,123:0,2026:0","42:1,123:1,2026:1",True,134,data/images/post00134.jpg,"42:0,123:1,2026:0","42:1,123:1,2026:1","42:1,123:1,2026:1",threads
101,"42:1,123:1,2026:1","42:1,123:1,2026:1",False,6907,data/images/post06907.jpg,"42:1,123:1,2026:1","42:1,123:1,2026:1","42:0,123:0,2026:0",facebook
000,"42:0,123:1,2026:0","42:0,123:1,2026:0",True,793,data/images/post00793.jpg,"42:0,123:0,2026:1","42:1,123:0,2026:1","42:0,123:0,2026:0",threads
001,"42:0,123:0,2026:0","42:0,123:0,2026:0",False,4475,data/images/post04475.jpg,"42:0,123:0,2026:0","42:0,123:0,2026:0","42:0,123:0,2026:0",threads
000,"42:0,123:0,2026:0","42:0,123:0,2026:0",True,4403,data/images/post04403.jpg,"42:0,123:0,2026:0","42:0,123:0,2026:0","42:0,123:0,2026:0",threads
101,"42:0,123:0,2026:0","42:0,123:1,2026:1",True,1657,data/images/post01657.webp,"42:0,123:0,2026:0","42:1,123:1,2026:1","42:1,123:1,2026:1",threads
111,"42:1,123:1,2026:1","42:1,123:0,2026:0",True,6491,data/images/post06491.jpg,"42:0,123:0,2026:1","42:1,123:1,2026:0","42:0,123:0,2026:0",facebook
100,"42:0,123:0,2026:0","42:0,123:1,2026:1",True,533,data/images/post00533.jpg,"42:0,123:0,2026:1","42:0,123:1,2026:0","42:1,123:0,2026:0",threads
001,"42:1,123:1,2026:1","42:1,123:1,2026:1",False,6861,data/images/post06861.jpg,"42:1,123:1,2026:1","42:1,123:1,2026:1","42:0,123:0,2026:0",facebook
000,"42:0,123:0,2026:0","42:0,123:0,2026:0",True,4136,data/images/post04136.jpg,"42:0,123:0,2026:0","42:0,123:0,2026:0","42:0,123:0,2026:0",threads
001,"42:1,123:1,2026:1","42:1,123:1,2026:1",True,6962,data/images/post06962.jpg,"42:1,123:1,2026:1","42:1,123:1,2026:1","42:0,123:0,2026:0",facebook
001,"42:1,123:0,2026:1","42:1,123:1,2026:1",True,1716,data/images/post01716.jpg,"42:1,123:1,2026:1","42:1,123:0,2026:0","42:0,123:1,2026:1",threads
001,"42:1,123:1,2026:1","42:1,123:1,2026:1",True,6983,data/images/post06983.jpg,"42:1,123:1,2026:1","42:1,123:1,2026:1","42:1,123:0,2026:0",facebook
000,"42:0,123:0,2026:0","42:0,123:0,2026:1",True,3705,data/images/post03705.jpg,"42:1,123:1,2026:0","42:1,123:1,2026:0","42:1,123:1,2026:1",threads
000,"42:0,123:0,2026:0","42:0,123:0,2026:0",True,3887,data/images/post03887.webp,"42:0,123:0,2026:0","42:0,123:0,2026:0","42:0,123:0,2026:0",threads
000,"42:0,123:0,2026:0","42:0,123:0,2026:0",True,4269,data/images/post04269.jpg,"42:0,123:0,2026:0","42:0,123:0,2026:0","42:0,123:0,2026:0",threads
000,"42:0,123:0,2026:0","42:0,123:0,2026:0",True,860,data/images/post00860.jpg,"42:0,123:0,2026:0","42:0,123:0,2026:0","42:1,123:0,2026:0",threads
001,"42:1,123:1,2026:1","42:1,123:1,2026:1",True,2042,data/images/post02042.jpg,"42:1,123:1,2026:1","42:1,123:1,2026:1","42:0,123:0,2026:0",facebook
001,"42:1,123:0,2026:1","42:1,123:1,2026:0",True,5835,data/images/post05835.jpg,"42:1,123:1,2026:1","42:0,123:0,2026:0","42:0,123:0,2026:0",facebook
000,"42:1,123:1,2026:1","42:1,123:1,2026:1",False,1953,data/images/post01953.jpg,"42:1,123:1,2026:1","42:1,123:1,2026:1","42:0,123:0,2026:0",facebook
001,"42:1,123:1,2026:1","42:1,123:1,2026:1",False,6414,data/images/post06414.jpg,"42:1,123:1,2026:1","42:1,123:1,2026:1","42:0,123:0,2026:0",facebook
001,"42:1,123:1,2026:1","42:1,123:1,2026:1",False,6537,data/images/post06537.jpg,"42:1,123:1,2026:1","42:1,123:1,2026:0","42:0,123:0,2026:0",facebook
000,"42:1,123:1,2026:1","42:1,123:1,2026:1",False,5825,data/images/post05825.jpg,"42:1,123:1,2026:1","42:1,123:1,2026:1","42:0,123:0,2026:0",facebook
100,"42:1,123:1,2026:1","42:1,123:0,2026:1",True,2096,data/images/post02096.jpg,"42:1,123:1,2026:1","42:1,123:1,2026:1","42:1,123:1,2026:1",facebook
000,"42:1,123:0,2026:1","42:1,123:1,2026:1",True,2627,data/images/post02627.jpg,"42:1,123:1,2026:1","42:1,123:1,2026:0","42:1,123:1,2026:1",facebook
000,"42:1,123:1,2026:1","42:1,123:1,2026:1",False,2757,data/images/post02757.jpg,"42:1,123:1,2026:1","42:1,123:1,2026:1","42:0,123:0,2026:0",facebook
000,"42:0,123:0,2026:0","42:1,123:0,2026:0",True,1684,data/images/post01684.jpg,"42:0,123:0,2026:0","42:0,123:0,2026:0","42:0,123:0,2026:0",threads
001,"42:1,123:0,2026:1","42:1,123:0,2026:0",True,2005,data/images/post02005.jpg,"42:1,123:0,2026:1","42:1,123:0,2026:0","42:0,123:0,2026:1",facebook
101,"42:1,123:1,2026:1","42:1,123:1,2026:1",True,5927,data/images/post05927.jpg,"42:1,123:1,2026:1","42:1,123:1,2026:1","42:0,123:0,2026:0",facebook
000,"42:0,123:0,2026:0","42:0,123:0,2026:0",True,5014,data/images/post05014.jpg,"42:0,123:0,2026:0","42:0,123:0,2026:0","42:0,123:0,2026:0",threads
101,"42:0,123:0,2026:0","42:0,123:0,2026:0",False,3116,data/images/post03116.jpg,"42:0,123:0,2026:0","42:0,123:0,2026:0","42:0,123:0,2026:0",threads
000,"42:0,123:0,2026:0","42:0,123:0,2026:1",True,4892,data/images/post04892.jpg,"42:0,123:0,2026:0","42:0,123:0,2026:0","42:0,123:0,2026:0",threads
000,"42:0,123:0,2026:0","42:0,123:0,2026:0",False,5589,data/images/post05589.jpg,"42:1,123:1,2026:0","42:0,123:0,2026:0","42:0,123:0,2026:0",threads
100,"42:1,123:1,2026:1","42:1,123:0,2026:0",True,2206,data/images/post02206.jpg,"42:1,123:1,2026:0","42:1,123:0,2026:0","42:1,123:1,2026:1",facebook
000,"42:0,123:0,2026:0","42:0,123:0,2026:0",False,5202,data/images/post05202.jpg,"42:0,123:0,2026:0","42:0,123:0,2026:0","42:0,123:0,2026:0",threads
111,"42:1,123:1,2026:1","42:1,123:1,2026:1",False,2656,data/images/post02656.jpg,"42:1,123:1,2026:1","42:1,123:1,2026:0","42:0,123:0,2026:0",facebook
100,"42:1,123:0,2026:0","42:0,123:1,2026:0",True,1329,data/images/post01329.webp,"42:0,123:0,2026:0","42:0,123:0,2026:0","42:0,123:0,2026:0",threads
111,"42:1,123:1,2026:1","42:1,123:0,2026:0",True,613,data/images/post00613.jpg,"42:1,123:1,2026:1","42:0,123:0,2026:0","42:1,123:0,2026:1",threads
001,"42:0,123:0,2026:0","42:0,123:0,2026:1",True,47,data/images/post00047.jpg,"42:0,123:0,2026:0","42:0,123:0,2026:0","42:1,123:1,2026:1",threads
011,"42:1,123:1,2026:1","42:1,123:1,2026:1",True,6746,data/images/post06746.jpg,"42:1,123:1,2026:1","42:1,123:1,2026:1","42:0,123:0,2026:0",facebook
001,"42:0,123:0,2026:0","42:0,123:1,2026:1",False,3398,data/images/post03398.jpg,"42:1,123:1,2026:1","42:0,123:0,2026:1","42:0,123:0,2026:0",threads
000,"42:0,123:0,2026:0","42:1,123:0,2026:0",False,3695,data/images/post03695.jpg,"42:1,123:0,2026:1","42:0,123:0,2026:0","42:0,123:0,2026:0",threads
100,"42:0,123:0,2026:0","42:0,123:0,2026:0",True,3365,data/images/post03365.webp,"42:0,123:0,2026:0","42:0,123:0,2026:0","42:0,123:0,2026:0",threads
000,"42:1,123:0,2026:0","42:0,123:1,2026:0",True,513,data/images/post00513.jpg,"42:1,123:1,2026:0","42:0,123:0,2026:0","42:0,123:0,2026:0",threads
000,"42:1,123:1,2026:1","42:1,123:1,2026:1",False,7022,data/images/post07022.jpg,"42:1,123:1,2026:1","42:1,123:1,2026:1","42:0,123:0,2026:0",facebook
000,"42:1,123:1,2026:1","42:1,123:1,2026:1",True,2459,data/images/post02459.jpg,"42:1,123:1,2026:0","42:1,123:1,2026:1","42:1,123:1,2026:1",facebook
001,"42:1,123:1,2026:1","42:0,123:1,2026:1",True,1813,data/images/post01813.jpg,"42:0,123:0,2026:1","42:1,123:1,2026:1","42:1,123:1,2026:1",threads
101,"42:0,123:0,2026:0","42:0,123:1,2026:0",True,4433,data/images/post04433.jpg,"42:0,123:0,2026:0","42:1,123:0,2026:1","42:1,123:1,2026:0",threads
000,"42:1,123:0,2026:1","42:1,123:0,2026:1",True,1761,data/images/post01761.jpg,"42:1,123:1,2026:0","42:1,123:0,2026:0","42:1,123:1,2026:1",threads
000,"42:0,123:0,2026:0","42:0,123:0,2026:0",False,800,data/images/post00800.jpg,"42:0,123:0,2026:0","42:0,123:0,2026:0","42:0,123:0,2026:0",threads
100,"42:1,123:1,2026:0","42:1,123:1,2026:1",True,107,data/images/post00107.jpg,"42:1,123:0,2026:1","42:0,123:1,2026:1","42:0,123:0,2026:0",threads
000,"42:0,123:0,2026:0","42:1,123:1,2026:0",True,980,data/images/post00980.jpg,"42:0,123:0,2026:0","42:1,123:0,2026:0","42:0,123:0,2026:1",threads
000,"42:1,123:0,2026:0","42:0,123:1,2026:0",False,4819,data/images/post04819.jpg,"42:0,123:0,2026:1","42:0,123:0,2026:0","42:0,123:0,2026:0",threads
000,"42:0,123:0,2026:0","42:0,123:0,2026:0",True,4321,data/images/post04321.webp,"42:1,123:0,2026:0","42:0,123:0,2026:0","42:0,123:0,2026:0",threads
011,"42:1,123:0,2026:1","42:1,123:1,2026:1",True,2506,data/images/post02506.jpg,"42:1,123:0,2026:0","42:1,123:1,2026:1","42:1,123:1,2026:1",facebook
001,"42:0,123:0,2026:0","42:0,123:0,2026:0",True,1126,data/images/post01126.webp,"42:0,123:0,2026:0","42:0,123:0,2026:0","42:0,123:0,2026:0",threads
000,"42:0,123:0,2026:0","42:0,123:0,2026:0",True,1570,data/images/post01570.webp,"42:0,123:0,2026:0","42:0,123:0,2026:0","42:0,123:0,2026:0",threads
010,"42:1,123:1,2026:1","42:1,123:0,2026:1",True,2368,data/images/post02368.jpg,"42:1,123:1,2026:1","42:1,123:1,2026:0","42:1,123:1,2026:1",facebook
000,"42:0,123:0,2026:0","42:0,123:0,2026:1",True,4037,data/images/post04037.jpg,"42:0,123:0,2026:0","42:0,123:0,2026:0","42:0,123:0,2026:0",threads
011,"42:1,123:0,2026:1","42:1,123:1,2026:1",True,1863,data/images/post01863.jpg,"42:1,123:1,2026:1","42:1,123:1,2026:1","42:1,123:1,2026:1",facebook
000,"42:0,123:0,2026:0","42:0,123:0,2026:0",True,1635,data/images/post01635.jpg,"42:0,123:0,2026:0","42:0,123:0,2026:0","42:0,123:0,2026:0",threads
011,"42:0,123:0,2026:0","42:0,123:0,2026:0",True,1027,data/images/post01027.jpg,"42:0,123:0,2026:1","42:1,123:1,2026:1","42:0,123:0,2026:0",threads
001,"42:1,123:1,2026:1","42:1,123:1,2026:1",False,6894,data/images/post06894.jpg,"42:1,123:1,2026:1","42:1,123:1,2026:1","42:0,123:0,2026:0",facebook
000,"42:0,123:0,2026:0","42:0,123:0,2026:0",False,5474,data/images/post05474.webp,"42:0,123:0,2026:0","42:0,123:0,2026:0","42:0,123:0,2026:0",threads
100,"42:1,123:0,2026:1","42:1,123:1,2026:1",True,1791,data/images/post01791.jpg,"42:0,123:1,2026:1","42:1,123:1,2026:1","42:1,123:1,2026:1",threads
101,"42:1,123:1,2026:1","42:1,123:1,2026:1",False,6547,data/images/post06547.jpg,"42:1,123:1,2026:1","42:1,123:1,2026:1","42:0,123:0,2026:0",facebook
001,"42:1,123:0,2026:1","42:1,123:1,2026:1",True,7209,data/images/post07209.jpg,"42:1,123:1,2026:1","42:1,123:1,2026:1","42:1,123:1,2026:1",facebook
000,"42:0,123:0,2026:0","42:1,123:0,2026:0",True,5072,data/images/post05072.jpg,"42:0,123:0,2026:0","42:1,123:0,2026:0","42:1,123:1,2026:1",threads
000,"42:0,123:0,2026:0","42:1,123:0,2026:0",True,7123,data/images/post07123.jpg,"42:0,123:0,2026:0","42:1,123:1,2026:0","42:1,123:0,2026:1",facebook
010,"42:1,123:0,2026:1","42:1,123:1,2026:1",True,2233,data/images/post02233.jpg,"42:1,123:1,2026:0","42:1,123:0,2026:1","42:1,123:1,2026:1",facebook
011,"42:0,123:1,2026:0","42:0,123:1,2026:0",True,1452,data/images/post01452.jpg,"42:0,123:0,2026:0","42:0,123:1,2026:0","42:0,123:0,2026:0",threads
001,"42:1,123:1,2026:1","42:1,123:1,2026:1",False,2015,data/images/post02015.jpg,"42:1,123:1,2026:1","42:1,123:1,2026:1","42:0,123:0,2026:0",facebook
001,"42:0,123:0,2026:0","42:1,123:0,2026:0",False,6784,data/images/post06784.jpg,"42:0,123:0,2026:0","42:0,123:0,2026:0","42:0,123:0,2026:0",facebook
000,"42:0,123:0,2026:0","42:1,123:0,2026:0",True,403,data/images/post00403.jpg,"42:0,123:0,2026:0","42:0,123:0,2026:0","42:0,123:0,2026:0",threads
000,"42:0,123:0,2026:0","42:0,123:0,2026:0",True,6090,data/images/post06090.jpg,"42:1,123:1,2026:1","42:1,123:1,2026:1","42:1,123:1,2026:1",facebook
000,"42:0,123:0,2026:0","42:0,123:0,2026:0",False,677,data/images/post00677.jpg,"42:0,123:0,2026:0","42:0,123:0,2026:0","42:0,123:0,2026:0",threads
001,"42:1,123:0,2026:0","42:0,123:0,2026:0",True,6493,data/images/post06493.jpg,"42:1,123:1,2026:1","42:0,123:1,2026:0","42:0,123:0,2026:0",facebook
000,"42:0,123:0,2026:0","42:0,123:0,2026:0",False,5495,data/images/post05495.jpg,"42:0,123:0,2026:0","42:0,123:0,2026:0","42:0,123:0,2026:0",threads
001,"42:1,123:1,2026:1","42:1,123:1,2026:1",True,5802,data/images/post05802.jpg,"42:1,123:1,2026:1","42:1,123:1,2026:0","42:1,123:1,2026:1",facebook
001,"42:1,123:0,2026:1","42:1,123:1,2026:1",True,6800,data/images/post06800.jpg,"42:1,123:1,2026:1","42:1,123:1,2026:1","42:1,123:1,2026:1",facebook
000,"42:0,123:0,2026:0","42:0,123:0,2026:0",False,3949,data/images/post03949.webp,"42:0,123:0,2026:0","42:0,123:0,2026:0","42:0,123:0,2026:0",threads
001,"42:0,123:0,2026:1","42:1,123:0,2026:1",True,2320,data/images/post02320.jpg,"42:1,123:1,2026:0","42:1,123:1,2026:0","42:1,123:0,2026:1",facebook
000,"42:0,123:0,2026:0","42:0,123:0,2026:0",False,3805,data/images/post03805.jpg,"42:0,123:0,2026:0","42:0,123:0,2026:0","42:0,123:0,2026:0",threads
000,"42:1,123:0,2026:1","42:0,123:0,2026:0",True,6404,data/images/post06404.jpg,"42:1,123:1,2026:1","42:0,123:0,2026:0","42:0,123:0,2026:0",facebook
000,"42:0,123:0,2026:0","42:0,123:0,2026:0",False,4036,data/images/post04036.webp,"42:0,123:0,2026:0","42:0,123:0,2026:0","42:0,123:0,2026:0",threads
011,"42:1,123:1,2026:1","42:1,123:1,2026:1",True,2397,data/images/post02397.jpg,"42:1,123:1,2026:1","42:1,123:1,2026:1","42:1,123:1,2026:1",facebook
000,"42:0,123:0,2026:0","42:0,123:0,2026:0",True,3609,data/images/post03609.jpg,"42:0,123:0,2026:0","42:0,123:0,2026:0","42:0,123:0,2026:0",threads
000,"42:0,123:0,2026:0","42:0,123:0,2026:0",False,4950,data/images/post04950.jpg,"42:0,123:0,2026:0","42:0,123:0,2026:0","42:0,123:0,2026:0",threads
101,"42:0,123:0,2026:0","42:0,123:0,2026:0",True,149,data/images/post00149.webp,"42:0,123:0,2026:0","42:0,123:0,2026:0","42:0,123:0,2026:0",threads
101,"42:1,123:1,2026:1","42:1,123:1,2026:1",False,6884,data/images/post06884.jpg,"42:1,123:1,2026:1","42:1,123:1,2026:1","42:0,123:0,2026:0",facebook
001,"42:1,123:1,2026:1","42:1,123:1,2026:1",False,7228,data/images/post07228.jpg,"42:1,123:1,2026:1","42:1,123:1,2026:1","42:0,123:0,2026:0",facebook
000,"42:0,123:0,2026:0","42:0,123:0,2026:0",False,4770,data/images/post04770.jpg,"42:0,123:0,2026:0","42:0,123:0,2026:0","42:0,123:0,2026:0",threads
001,"42:1,123:1,2026:1","42:1,123:1,2026:1",True,2744,data/images/post02744.jpg,"42:1,123:1,2026:1","42:1,123:1,2026:1","42:0,123:0,2026:0",facebook
000,"42:0,123:0,2026:1","42:0,123:0,2026:0",True,4924,data/images/post04924.webp,"42:0,123:0,2026:0","42:1,123:1,2026:1","42:0,123:0,2026:0",threads
101,"42:1,123:0,2026:0","42:1,123:1,2026:1",True,3104,data/images/post03104.jpg,"42:0,123:0,2026:1","42:1,123:1,2026:1","42:1,123:1,2026:1",threads
000,"42:0,123:0,2026:0","42:0,123:0,2026:0",True,5906,data/images/post05906.jpg,"42:0,123:0,2026:1","42:0,123:0,2026:0","42:1,123:1,2026:0",facebook
000,"42:1,123:0,2026:0","42:1,123:1,2026:1",True,6375,data/images/post06375.jpg,"42:1,123:1,2026:0","42:1,123:1,2026:0","42:1,123:1,2026:1",facebook
001,"42:1,123:0,2026:1","42:1,123:1,2026:1",True,2438,data/images/post02438.jpg,"42:0,123:0,2026:1","42:1,123:1,2026:1","42:1,123:1,2026:0",facebook
101,"42:1,123:1,2026:1","42:1,123:0,2026:1",True,7181,data/images/post07181.jpg,"42:1,123:1,2026:1","42:0,123:1,2026:0","42:0,123:0,2026:0",facebook
001,"42:0,123:0,2026:0","42:0,123:0,2026:0",False,4611,data/images/post04611.jpg,"42:0,123:0,2026:0","42:0,123:0,2026:0","42:0,123:0,2026:0",threads
001,"42:0,123:0,2026:0","42:0,123:1,2026:0",True,3164,data/images/post03164.jpg,"42:0,123:0,2026:0","42:1,123:1,2026:1","42:1,123:1,2026:1",threads
001,"42:1,123:0,2026:1","42:1,123:1,2026:1",True,2929,data/images/post02929.jpg,"42:1,123:1,2026:1","42:1,123:1,2026:1","42:1,123:1,2026:1",facebook
001,"42:1,123:0,2026:0","42:0,123:0,2026:0",False,6564,data/images/post06564.jpg,"42:0,123:1,2026:1","42:0,123:0,2026:0","42:0,123:0,2026:0",facebook
000,"42:0,123:0,2026:0","42:1,123:1,2026:1",True,3857,data/images/post03857.jpg,"42:0,123:0,2026:0","42:1,123:1,2026:1","42:1,123:1,2026:1",threads
000,"42:0,123:0,2026:0","42:0,123:1,2026:1",True,1054,data/images/post01054.jpg,"42:0,123:0,2026:1","42:0,123:1,2026:1","42:1,123:1,2026:1",threads
001,"42:1,123:1,2026:1","42:1,123:1,2026:1",False,6734,data/images/post06734.jpg,"42:1,123:1,2026:1","42:1,123:1,2026:1","42:0,123:0,2026:0",facebook
011,"42:1,123:1,2026:1","42:1,123:1,2026:1",True,7011,data/images/post07011.jpg,"42:1,123:1,2026:1","42:1,123:1,2026:1","42:1,123:1,2026:1",facebook
000,"42:1,123:1,2026:1","42:1,123:1,2026:1",False,5961,data/images/post05961.jpg,"42:1,123:1,2026:1","42:1,123:1,2026:1","42:0,123:0,2026:0",facebook
101,"42:0,123:0,2026:1","42:0,123:1,2026:1",True,4574,data/images/post04574.jpg,"42:1,123:1,2026:1","42:0,123:0,2026:0","42:0,123:0,2026:0",threads
000,"42:1,123:1,2026:1","42:1,123:0,2026:1",True,2064,data/images/post02064.jpg,"42:1,123:1,2026:1","42:1,123:0,2026:0","42:0,123:0,2026:0",facebook
000,"42:0,123:0,2026:0","42:0,123:0,2026:0",False,3666,data/images/post03666.jpg,"42:0,123:0,2026:0","42:0,123:0,2026:0","42:0,123:0,2026:0",threads
101,"42:1,123:0,2026:1","42:1,123:1,2026:1",True,3040,data/images/post03040.jpg,"42:1,123:1,2026:1","42:1,123:1,2026:1","42:0,123:0,2026:0",facebook
001,"42:0,123:0,2026:0","42:0,123:0,2026:0",False,1392,data/images/post01392.webp,"42:0,123:0,2026:0","42:0,123:0,2026:0","42:0,123:0,2026:0",threads
000,"42:0,123:0,2026:1","42:0,123:1,2026:1",True,3125,data/images/post03125.jpg,"42:0,123:0,2026:1","42:1,123:1,2026:1","42:1,123:0,2026:0",threads
000,"42:0,123:0,2026:0","42:0,123:0,2026:0",True,5288,data/images/post05288.jpg,"42:0,123:0,2026:0","42:0,123:0,2026:0","42:1,123:0,2026:0",threads
101,"42:1,123:1,2026:1","42:1,123:1,2026:1",False,6679,data/images/post06679.jpg,"42:1,123:1,2026:1","42:1,123:1,2026:1","42:0,123:0,2026:0",facebook
001,"42:0,123:1,2026:0","42:0,123:0,2026:0",False,591,data/images/post00591.jpg,"42:0,123:0,2026:1","42:0,123:0,2026:0","42:0,123:0,2026:0",threads
001,"42:1,123:1,2026:1","42:1,123:1,2026:1",False,6634,data/images/post06634.jpg,"42:1,123:1,2026:1","42:1,123:1,2026:1","42:0,123:0,2026:0",facebook
011,"42:0,123:0,2026:0","42:0,123:0,2026:0",True,3875,data/images/post03875.jpg,"42:1,123:0,2026:0","42:1,123:0,2026:0","42:1,123:0,2026:1",threads
011,"42:1,123:1,2026:1","42:1,123:1,2026:1",True,1280,data/images/post01280.jpg,"42:1,123:1,2026:1","42:1,123:1,2026:1","42:1,123:1,2026:1",threads
011,"42:1,123:0,2026:1","42:1,123:1,2026:1",True,430,data/images/post00430.jpg,"42:1,123:0,2026:0","42:1,123:1,2026:1","42:1,123:1,2026:1",threads
000,"42:1,123:1,2026:0","42:1,123:0,2026:0",False,889,data/images/post00889.jpg,"42:1,123:1,2026:0","42:0,123:0,2026:0","42:0,123:0,2026:0",threads
000,"42:0,123:0,2026:0","42:0,123:0,2026:0",False,5371,data/images/post05371.webp,"42:0,123:0,2026:0","42:0,123:0,2026:0","42:0,123:0,2026:0",threads
000,"42:0,123:0,2026:0","42:0,123:0,2026:0",True,715,data/images/post00715.webp,"42:0,123:0,2026:0","42:0,123:0,2026:0","42:0,123:0,2026:0",threads
000,"42:1,123:1,2026:1","42:1,123:1,2026:1",True,2463,data/images/post02463.jpg,"42:1,123:1,2026:1","42:1,123:1,2026:1","42:1,123:1,2026:1",facebook
001,"42:1,123:0,2026:1","42:0,123:1,2026:1",True,4461,data/images/post04461.jpg,"42:1,123:1,2026:1","42:1,123:1,2026:1","42:1,123:0,2026:1",threads
000,"42:0,123:0,2026:0","42:1,123:0,2026:1",True,4232,data/images/post04232.webp,"42:0,123:0,2026:0","42:0,123:0,2026:0","42:1,123:1,2026:1",threads
101,"42:0,123:0,2026:0","42:0,123:1,2026:0",True,3091,data/images/post03091.jpg,"42:0,123:0,2026:1","42:0,123:0,2026:0","42:0,123:0,2026:0",facebook
001,"42:1,123:0,2026:0","42:0,123:0,2026:0",True,3372,data/images/post03372.jpg,"42:0,123:0,2026:0","42:0,123:1,2026:0","42:1,123:0,2026:1",threads
011,"42:0,123:0,2026:1","42:0,123:1,2026:0",True,6297,data/images/post06297.jpg,"42:0,123:0,2026:1","42:0,123:0,2026:0","42:1,123:0,2026:1",facebook
000,"42:0,123:1,2026:0","42:0,123:0,2026:0",False,4881,data/images/post04881.jpg,"42:0,123:0,2026:0","42:0,123:0,2026:0","42:0,123:0,2026:0",threads
100,"42:0,123:0,2026:0","42:0,123:1,2026:0",True,1480,data/images/post01480.jpg,"42:0,123:0,2026:0","42:0,123:0,2026:0","42:1,123:1,2026:1",threads
001,"42:1,123:1,2026:1","42:1,123:1,2026:1",True,116,data/images/post00116.jpg,"42:1,123:1,2026:1","42:1,123:1,2026:0","42:1,123:1,2026:1",threads
000,"42:1,123:1,2026:1","42:1,123:1,2026:1",True,6181,data/images/post06181.jpg,"42:1,123:1,2026:1","42:1,123:1,2026:1","42:1,123:1,2026:1",facebook
000,"42:0,123:0,2026:0","42:0,123:1,2026:0",False,721,data/images/post00721.jpg,"42:0,123:0,2026:0","42:0,123:0,2026:0","42:0,123:0,2026:0",threads
000,"42:0,123:0,2026:0","42:0,123:0,2026:0",False,5590,data/images/post05590.jpg,"42:0,123:0,2026:0","42:0,123:0,2026:0","42:0,123:0,2026:0",threads
101,"42:1,123:0,2026:1","42:1,123:0,2026:1",True,5322,data/images/post05322.jpg,"42:0,123:0,2026:1","42:1,123:1,2026:0","42:1,123:1,2026:1",threads
000,"42:1,123:1,2026:1","42:1,123:1,2026:0",False,4504,data/images/post04504.jpg,"42:1,123:1,2026:1","42:1,123:1,2026:1","42:0,123:0,2026:0",threads
000,"42:0,123:0,2026:0","42:0,123:0,2026:0",False,1121,data/images/post01121.jpg,"42:0,123:0,2026:0","42:0,123:0,2026:0","42:0,123:0,2026:0",threads
000,"42:0,123:0,2026:0","42:0,123:0,2026:0",False,5224,data/images/post05224.jpg,"42:0,123:0,2026:0","42:0,123:0,2026:0","42:0,123:0,2026:0",threads
000,"42:0,123:0,2026:0","42:0,123:0,2026:0",True,1623,data/images/post01623.jpg,"42:0,123:1,2026:0","42:0,123:0,2026:0","42:0,123:0,2026:0",threads
000,"42:0,123:0,2026:0","42:0,123:1,2026:0",False,4503,data/images/post04503.webp,"42:1,123:0,2026:1","42:0,123:0,2026:0","42:0,123:0,2026:0",threads
100,"42:0,123:0,2026:0","42:1,123:0,2026:0",True,188,data/images/post00188.jpg,"42:0,123:0,2026:0","42:0,123:0,2026:0","42:0,123:0,2026:0",threads
001,"42:0,123:0,2026:0","42:0,123:0,2026:0",True,276,data/images/post00276.jpg,"42:0,123:0,2026:0","42:0,123:0,2026:0","42:0,123:0,2026:0",threads
101,"42:0,123:0,2026:0","42:1,123:0,2026:0",False,5228,data/images/post05228.jpg,"42:0,123:0,2026:0","42:0,123:0,2026:0","42:0,123:0,2026:0",threads
000,"42:0,123:0,2026:0","42:0,123:0,2026:0",False,4625,data/images/post04625.jpg,"42:0,123:0,2026:0","42:0,123:0,2026:0","42:0,123:0,2026:0",threads
000,"42:0,123:0,2026:0","42:0,123:0,2026:0",True,4164,data/images/post04164.jpg,"42:0,123:0,2026:0","42:0,123:0,2026:0","42:0,123:0,2026:0",threads
001,"42:0,123:0,2026:0","42:0,123:0,2026:0",True,6329,data/images/post06329.jpg,"42:0,123:0,2026:0","42:1,123:1,2026:0","42:1,123:1,2026:0",facebook
000,"42:0,123:0,2026:0","42:0,123:0,2026:1",True,4964,data/images/post04964.jpg,"42:0,123:0,2026:0","42:1,123:0,2026:0","42:1,123:0,2026:1",threads
000,"42:1,123:0,2026:0","42:1,123:0,2026:0",True,4669,data/images/post04669.jpg,"42:0,123:0,2026:0","42:0,123:0,2026:0","42:1,123:1,2026:1",threads
000,"42:1,123:1,2026:0","42:1,123:1,2026:0",True,4201,data/images/post04201.jpg,"42:0,123:1,2026:1","42:1,123:1,2026:1","42:1,123:0,2026:0",threads
111,"42:1,123:1,2026:1","42:1,123:1,2026:1",False,2830,data/images/post02830.jpg,"42:1,123:1,2026:1","42:1,123:1,2026:1","42:0,123:0,2026:0",facebook
101,"42:0,123:0,2026:0","42:0,123:0,2026:0",False,3721,data/images/post03721.jpg,"42:0,123:0,2026:0","42:0,123:0,2026:0","42:0,123:0,2026:0",threads
001,"42:1,123:1,2026:1","42:1,123:1,2026:1",True,1714,data/images/post01714.jpg,"42:1,123:1,2026:1","42:1,123:1,2026:1","42:1,123:1,2026:1",threads
001,"42:1,123:0,2026:1","42:1,123:0,2026:1",True,209,data/images/post00209.jpg,"42:0,123:1,2026:1","42:0,123:0,2026:0","42:0,123:0,2026:0",threads
001,"42:0,123:0,2026:0","42:0,123:0,2026:0",True,4048,data/images/post04048.jpg,"42:1,123:1,2026:0","42:0,123:1,2026:0","42:0,123:0,2026:0",threads
011,"42:1,123:1,2026:1","42:1,123:1,2026:1",True,6968,data/images/post06968.jpg,"42:1,123:1,2026:1","42:1,123:1,2026:1","42:1,123:1,2026:1",facebook
011,"42:1,123:1,2026:1","42:1,123:1,2026:1",True,2151,data/images/post02151.jpg,"42:1,123:1,2026:1","42:1,123:1,2026:1","42:1,123:1,2026:1",facebook
000,"42:0,123:0,2026:0","42:0,123:0,2026:0",True,5565,data/images/post05565.webp,"42:0,123:0,2026:0","42:0,123:0,2026:0","42:1,123:1,2026:1",threads
001,"42:1,123:1,2026:1","42:1,123:1,2026:1",False,6476,data/images/post06476.jpg,"42:1,123:1,2026:1","42:1,123:1,2026:1","42:0,123:0,2026:0",facebook
000,"42:0,123:0,2026:0","42:1,123:0,2026:1",True,5666,data/images/post05666.webp,"42:0,123:0,2026:0","42:1,123:0,2026:0","42:1,123:1,2026:1",threads
000,"42:0,123:0,2026:0","42:0,123:0,2026:0",False,3827,data/images/post03827.jpg,"42:0,123:0,2026:0","42:0,123:0,2026:0","42:0,123:0,2026:0",threads
001,"42:0,123:0,2026:0","42:1,123:0,2026:0",False,1207,data/images/post01207.jpg,"42:1,123:1,2026:1","42:1,123:0,2026:0","42:0,123:0,2026:0",threads
000,"42:1,123:1,2026:1","42:1,123:1,2026:1",True,6735,data/images/post06735.jpg,"42:1,123:1,2026:1","42:1,123:1,2026:1","42:1,123:1,2026:1",facebook
101,"42:1,123:1,2026:1","42:1,123:1,2026:1",False,2077,data/images/post02077.jpg,"42:1,123:1,2026:1","42:1,123:1,2026:1","42:0,123:0,2026:0",facebook
000,"42:1,123:1,2026:1","42:0,123:0,2026:1",True,932,data/images/post00932.jpg,"42:1,123:1,2026:0","42:0,123:0,2026:0","42:1,123:1,2026:1",threads
000,"42:1,123:0,2026:0","42:1,123:1,2026:1",True,235,data/images/post00235.jpg,"42:0,123:0,2026:0","42:0,123:0,2026:0","42:1,123:1,2026:1",threads
000,"42:0,123:0,2026:0","42:0,123:0,2026:0",False,593,data/images/post00593.jpg,"42:0,123:0,2026:0","42:0,123:0,2026:0","42:0,123:0,2026:0",threads
000,"42:1,123:1,2026:1","42:1,123:1,2026:1",True,2166,data/images/post02166.jpg,"42:1,123:1,2026:1","42:1,123:1,2026:1","42:1,123:1,2026:1",facebook
101,"42:0,123:0,2026:0","42:0,123:0,2026:0",False,1002,data/images/post01002.webp,"42:0,123:0,2026:0","42:0,123:0,2026:0","42:0,123:0,2026:0",threads
000,"42:0,123:0,2026:0","42:1,123:0,2026:0",True,6353,data/images/post06353.jpg,"42:0,123:0,2026:0","42:1,123:1,2026:0","42:1,123:1,2026:1",facebook
000,"42:1,123:0,2026:0","42:1,123:0,2026:0",True,137,data/images/post00137.jpg,"42:1,123:0,2026:0","42:0,123:0,2026:0","42:0,123:0,2026:0",threads
000,"42:0,123:0,2026:0","42:1,123:0,2026:0",False,4545,data/images/post04545.jpg,"42:0,123:0,2026:1","42:0,123:0,2026:0","42:0,123:0,2026:0",threads
000,"42:0,123:0,2026:0","42:0,123:0,2026:0",False,4901,data/images/post04901.jpg,"42:0,123:0,2026:0","42:0,123:0,2026:0","42:0,123:0,2026:0",threads
000,"42:0,123:0,2026:0","42:1,123:0,2026:1",True,333,data/images/post00333.jpg,"42:1,123:1,2026:0","42:1,123:1,2026:0","42:1,123:1,2026:1",threads
000,"42:0,123:0,2026:0","42:0,123:0,2026:0",False,4040,data/images/post04040.jpg,"42:0,123:0,2026:0","42:0,123:0,2026:0","42:0,123:0,2026:0",threads
000,"42:1,123:0,2026:0","42:1,123:0,2026:1",True,289,data/images/post00289.jpg,"42:1,123:1,2026:0","42:1,123:0,2026:0","42:1,123:1,2026:1",threads
000,"42:0,123:0,2026:0","42:0,123:0,2026:0",True,361,data/images/post00361.jpg,"42:0,123:0,2026:0","42:0,123:0,2026:0","42:0,123:0,2026:0",threads
000,"42:1,123:0,2026:1","42:1,123:1,2026:1",True,2216,data/images/post02216.jpg,"42:1,123:1,2026:0","42:1,123:1,2026:1","42:1,123:1,2026:1",facebook
011,"42:1,123:1,2026:1","42:1,123:1,2026:1",True,2356,data/images/post02356.jpg,"42:1,123:1,2026:1","42:1,123:1,2026:1","42:1,123:1,2026:1",facebook
000,"42:0,123:0,2026:1","42:0,123:0,2026:1",True,1686,data/images/post01686.jpg,"42:0,123:0,2026:1","42:0,123:0,2026:0","42:0,123:0,2026:0",threads
001,"42:1,123:1,2026:1","42:1,123:1,2026:1",False,6644,data/images/post06644.jpg,"42:1,123:1,2026:1","42:1,123:1,2026:1","42:0,123:0,2026:0",facebook
000,"42:1,123:1,2026:1","42:1,123:1,2026:1",True,2715,data/images/post02715.jpg,"42:1,123:1,2026:1","42:1,123:1,2026:1","42:0,123:0,2026:0",facebook
000,"42:0,123:0,2026:0","42:0,123:0,2026:1",True,3510,data/images/post03510.webp,"42:0,123:1,2026:0","42:0,123:0,2026:0","42:0,123:0,2026:0",threads
001,"42:1,123:1,2026:1","42:1,123:0,2026:0",True,5575,data/images/post05575.webp,"42:0,123:1,2026:0","42:0,123:0,2026:0","42:0,123:0,2026:0",threads
000,"42:1,123:0,2026:0","42:0,123:0,2026:0",True,548,data/images/post00548.jpg,"42:0,123:0,2026:0","42:1,123:0,2026:0","42:0,123:0,2026:0",threads
000,"42:1,123:0,2026:0","42:0,123:0,2026:0",True,427,data/images/post00427.jpg,"42:0,123:0,2026:0","42:0,123:0,2026:0","42:0,123:0,2026:0",threads
000,"42:1,123:0,2026:1","42:1,123:0,2026:1",True,5880,data/images/post05880.jpg,"42:1,123:0,2026:1","42:1,123:1,2026:1","42:1,123:1,2026:1",facebook
000,"42:0,123:0,2026:0","42:0,123:0,2026:0",False,4651,data/images/post04651.jpg,"42:0,123:0,2026:0","42:0,123:0,2026:0","42:0,123:0,2026:0",threads
000,"42:0,123:0,2026:0","42:0,123:0,2026:0",True,3635,data/images/post03635.webp,"42:0,123:0,2026:0","42:0,123:0,2026:0","42:0,123:0,2026:0",threads
011,"42:1,123:0,2026:0","42:1,123:1,2026:1",True,1325,data/images/post01325.jpg,"42:0,123:1,2026:1","42:1,123:1,2026:1","42:1,123:1,2026:1",threads
000,"42:0,123:0,2026:0","42:0,123:0,2026:0",False,4510,data/images/post04510.jpg,"42:0,123:0,2026:0","42:0,123:0,2026:0","42:0,123:0,2026:0",threads
000,"42:1,123:1,2026:0","42:0,123:0,2026:0",True,5245,data/images/post05245.jpg,"42:1,123:1,2026:1","42:1,123:1,2026:1","42:0,123:0,2026:0",threads
101,"42:0,123:0,2026:0","42:0,123:0,2026:0",True,5533,data/images/post05533.jpg,"42:0,123:0,2026:1","42:1,123:1,2026:1","42:1,123:0,2026:0",threads
001,"42:1,123:1,2026:1","42:1,123:1,2026:1",False,2629,data/images/post02629.jpg,"42:1,123:1,2026:1","42:1,123:1,2026:0","42:0,123:0,2026:0",facebook
000,"42:0,123:0,2026:0","42:0,123:0,2026:0",True,5061,data/images/post05061.jpg,"42:0,123:0,2026:0","42:0,123:0,2026:0","42:0,123:0,2026:0",threads
011,"42:1,123:1,2026:1","42:1,123:1,2026:1",True,2280,data/images/post02280.jpg,"42:1,123:1,2026:1","42:1,123:1,2026:1","42:1,123:1,2026:1",facebook
111,"42:1,123:1,2026:1","42:1,123:1,2026:1",False,6615,data/images/post06615.jpg,"42:1,123:1,2026:1","42:1,123:1,2026:1","42:0,123:0,2026:0",facebook
000,"42:1,123:1,2026:1","42:0,123:1,2026:1",True,3850,data/images/post03850.jpg,"42:0,123:0,2026:1","42:0,123:1,2026:1","42:1,123:1,2026:1",threads
000,"42:0,123:0,2026:0","42:0,123:0,2026:0",False,3533,data/images/post03533.webp,"42:0,123:0,2026:0","42:0,123:0,2026:0","42:0,123:0,2026:0",threads
000,"42:1,123:1,2026:1","42:1,123:1,2026:1",True,7009,data/images/post07009.jpg,"42:1,123:1,2026:1","42:1,123:1,2026:0","42:1,123:1,2026:1",facebook
000,"42:1,123:0,2026:1","42:1,123:1,2026:1",True,5548,data/images/post05548.webp,"42:1,123:1,2026:0","42:0,123:0,2026:0","42:1,123:0,2026:1",threads
000,"42:1,123:1,2026:1","42:1,123:1,2026:1",True,2215,data/images/post02215.jpg,"42:1,123:1,2026:1","42:1,123:1,2026:1","42:1,123:1,2026:1",facebook
000,"42:1,123:1,2026:1","42:1,123:0,2026:1",True,2229,data/images/post02229.jpg,"42:0,123:1,2026:1","42:1,123:1,2026:1","42:0,123:0,2026:1",facebook
101,"42:0,123:1,2026:1","42:1,123:0,2026:0",False,5999,data/images/post05999.jpg,"42:1,123:1,2026:1","42:1,123:1,2026:1","42:0,123:0,2026:0",facebook
001,"42:1,123:0,2026:1","42:1,123:1,2026:1",True,2947,data/images/post02947.jpg,"42:1,123:1,2026:1","42:1,123:0,2026:1","42:1,123:1,2026:1",facebook
000,"42:0,123:0,2026:0","42:0,123:0,2026:0",True,4088,data/images/post04088.jpg,"42:0,123:0,2026:0","42:0,123:0,2026:0","42:0,123:0,2026:0",threads
000,"42:0,123:0,2026:0","42:0,123:0,2026:0",False,1574,data/images/post01574.jpg,"42:0,123:0,2026:0","42:0,123:0,2026:0","42:0,123:0,2026:0",threads
001,"42:1,123:1,2026:1","42:1,123:1,2026:1",False,2713,data/images/post02713.jpg,"42:1,123:1,2026:1","42:1,123:1,2026:1","42:0,123:0,2026:0",facebook
000,"42:0,123:0,2026:0","42:1,123:1,2026:1",True,3881,data/images/post03881.jpg,"42:0,123:0,2026:0","42:1,123:1,2026:0","42:1,123:1,2026:1",threads
000,"42:0,123:0,2026:0","42:0,123:0,2026:0",True,1734,data/images/post01734.jpg,"42:0,123:0,2026:1","42:0,123:0,2026:0","42:0,123:0,2026:0",threads
000,"42:1,123:0,2026:1","42:1,123:0,2026:0",True,6961,data/images/post06961.jpg,"42:1,123:1,2026:1","42:1,123:0,2026:0","42:1,123:1,2026:1",facebook
000,"42:0,123:0,2026:0","42:1,123:0,2026:0",True,4575,data/images/post04575.jpg,"42:1,123:1,2026:1","42:1,123:0,2026:0","42:0,123:0,2026:0",threads
000,"42:0,123:0,2026:0","42:0,123:0,2026:0",True,1417,data/images/post01417.webp,"42:0,123:0,2026:0","42:0,123:0,2026:0","42:0,123:0,2026:0",threads
000,"42:1,123:0,2026:1","42:1,123:0,2026:1",True,3267,data/images/post03267.jpg,"42:0,123:1,2026:0","42:1,123:1,2026:1","42:1,123:1,2026:1",threads
000,"42:0,123:0,2026:0","42:1,123:0,2026:0",False,1298,data/images/post01298.jpg,"42:0,123:0,2026:0","42:0,123:0,2026:0","42:0,123:0,2026:0",threads
001,"42:1,123:1,2026:1","42:1,123:1,2026:1",True,7214,data/images/post07214.jpg,"42:1,123:1,2026:1","42:1,123:1,2026:1","42:1,123:1,2026:1",facebook
000,"42:0,123:0,2026:0","42:0,123:0,2026:0",False,5140,data/images/post05140.webp,"42:0,123:0,2026:0","42:0,123:0,2026:0","42:0,123:0,2026:0",threads
000,"42:1,123:1,2026:0","42:1,123:1,2026:1",True,7215,data/images/post07215.jpg,"42:1,123:1,2026:0","42:1,123:1,2026:1","42:0,123:0,2026:1",facebook
001,"42:1,123:0,2026:0","42:1,123:1,2026:1",True,619,data/images/post00619.jpg,"42:1,123:1,2026:1","42:1,123:1,2026:1","42:1,123:0,2026:1",threads
011,"42:1,123:1,2026:1","42:1,123:0,2026:1",True,2544,data/images/post02544.jpg,"42:1,123:1,2026:1","42:1,123:1,2026:1","42:1,123:1,2026:1",facebook
001,"42:1,123:1,2026:1","42:1,123:1,2026:1",True,2894,data/images/post02894.jpg,"42:1,123:1,2026:1","42:1,123:1,2026:1","42:0,123:1,2026:1",facebook
000,"42:0,123:0,2026:0","42:1,123:0,2026:0",True,668,data/images/post00668.jpg,"42:0,123:0,2026:0","42:0,123:0,2026:0","42:1,123:1,2026:1",threads
001,"42:1,123:0,2026:0","42:0,123:1,2026:1",True,308,data/images/post00308.jpg,"42:0,123:0,2026:0","42:1,123:1,2026:1","42:1,123:1,2026:1",threads
011,"42:1,123:0,2026:1","42:1,123:1,2026:1",True,2727,data/images/post02727.jpg,"42:1,123:1,2026:1","42:1,123:1,2026:1","42:1,123:1,2026:1",facebook
100,"42:1,123:0,2026:1","42:1,123:1,2026:1",False,1107,data/images/post01107.jpg,"42:0,123:0,2026:0","42:0,123:0,2026:0","42:0,123:0,2026:0",threads
000,"42:1,123:0,2026:0","42:1,123:0,2026:0",False,834,data/images/post00834.jpg,"42:0,123:1,2026:1","42:0,123:0,2026:0","42:0,123:0,2026:0",threads
000,"42:0,123:0,2026:0","42:1,123:0,2026:0",True,30,data/images/post00030.jpg,"42:0,123:0,2026:0","42:0,123:0,2026:0","42:0,123:0,2026:0",threads
000,"42:1,123:1,2026:1","42:1,123:1,2026:1",True,2564,data/images/post02564.jpg,"42:1,123:1,2026:1","42:1,123:1,2026:1","42:1,123:1,2026:1",facebook
000,"42:0,123:0,2026:0","42:0,123:0,2026:0",False,3673,data/images/post03673.webp,"42:0,123:0,2026:0","42:0,123:0,2026:0","42:0,123:0,2026:0",threads
000,"42:1,123:1,2026:1","42:1,123:1,2026:1",True,2048,data/images/post02048.jpg,"42:1,123:1,2026:1","42:1,123:0,2026:1","42:0,123:0,2026:0",facebook
000,"42:1,123:0,2026:1","42:0,123:0,2026:1",True,2303,data/images/post02303.jpg,"42:0,123:0,2026:0","42:0,123:1,2026:0","42:0,123:0,2026:0",facebook
000,"42:0,123:0,2026:0","42:1,123:0,2026:0",True,4498,data/images/post04498.jpg,"42:0,123:0,2026:0","42:0,123:0,2026:0","42:0,123:0,2026:0",threads
001,"42:1,123:1,2026:1","42:1,123:1,2026:1",False,5995,data/images/post05995.jpg,"42:1,123:1,2026:1","42:1,123:1,2026:1","42:0,123:0,2026:0",facebook
000,"42:0,123:0,2026:0","42:0,123:0,2026:1",True,1464,data/images/post01464.jpg,"42:0,123:0,2026:0","42:0,123:0,2026:0","42:0,123:0,2026:0",threads
101,"42:1,123:1,2026:1","42:1,123:1,2026:1",False,2831,data/images/post02831.jpg,"42:1,123:1,2026:1","42:1,123:1,2026:1","42:0,123:0,2026:0",facebook
000,"42:0,123:0,2026:0","42:0,123:0,2026:0",True,147,data/images/post00147.jpg,"42:0,123:0,2026:0","42:0,123:0,2026:0","42:0,123:0,2026:0",threads
011,"42:1,123:0,2026:1","42:1,123:1,2026:1",True,6310,data/images/post06310.jpg,"42:1,123:1,2026:0","42:1,123:1,2026:1","42:1,123:1,2026:1",facebook
001,"42:1,123:1,2026:1","42:1,123:0,2026:1",True,7328,data/images/post07328.jpg,"42:1,123:1,2026:1","42:1,123:1,2026:1","42:0,123:0,2026:0",facebook
000,"42:1,123:1,2026:1","42:1,123:1,2026:1",False,2818,data/images/post02818.jpg,"42:1,123:1,2026:1","42:1,123:1,2026:1","42:0,123:0,2026:0",facebook
000,"42:1,123:0,2026:1","42:1,123:0,2026:1",True,5703,data/images/post05703.jpg,"42:1,123:1,2026:1","42:1,123:1,2026:0","42:0,123:1,2026:1",facebook
101,"42:1,123:1,2026:1","42:1,123:1,2026:1",True,691,data/images/post00691.jpg,"42:1,123:1,2026:1","42:1,123:1,2026:0","42:0,123:0,2026:0",threads
000,"42:0,123:0,2026:0","42:0,123:0,2026:0",False,817,data/images/post00817.jpg,"42:0,123:0,2026:0","42:0,123:0,2026:0","42:0,123:0,2026:0",threads
000,"42:0,123:0,2026:0","42:0,123:0,2026:0",False,3622,data/images/post03622.webp,"42:0,123:0,2026:0","42:0,123:0,2026:0","42:0,123:0,2026:0",threads
000,"42:0,123:0,2026:0","42:0,123:0,2026:0",False,5024,data/images/post05024.jpg,"42:0,123:0,2026:0","42:0,123:0,2026:0","42:0,123:0,2026:0",threads
001,"42:1,123:1,2026:1","42:1,123:1,2026:1",False,2203,data/images/post02203.jpg,"42:1,123:1,2026:1","42:1,123:1,2026:1","42:0,123:0,2026:0",facebook
001,"42:1,123:1,2026:1","42:1,123:1,2026:1",False,6536,data/images/post06536.jpg,"42:1,123:1,2026:1","42:1,123:1,2026:1","42:0,123:0,2026:0",facebook
100,"42:0,123:0,2026:0","42:0,123:0,2026:0",False,204,data/images/post00204.jpg,"42:0,123:0,2026:0","42:0,123:0,2026:0","42:0,123:0,2026:0",threads
001,"42:0,123:0,2026:0","42:0,123:0,2026:0",True,491,data/images/post00491.webp,"42:0,123:1,2026:0","42:0,123:0,2026:0","42:0,123:0,2026:0",threads
000,"42:1,123:1,2026:1","42:1,123:0,2026:0",False,1960,data/images/post01960.jpg,"42:1,123:1,2026:1","42:0,123:0,2026:0","42:0,123:0,2026:0",facebook
000,"42:0,123:0,2026:0","42:0,123:0,2026:0",False,718,data/images/post00718.jpg,"42:0,123:0,2026:0","42:0,123:0,2026:0","42:0,123:0,2026:0",threads
000,"42:1,123:1,2026:1","42:1,123:1,2026:1",True,6394,data/images/post06394.jpg,"42:1,123:1,2026:1","42:1,123:1,2026:1","42:1,123:1,2026:1",facebook
001,"42:0,123:0,2026:0","42:0,123:1,2026:0",False,53,data/images/post00053.webp,"42:0,123:0,2026:1","42:0,123:0,2026:0","42:0,123:0,2026:0",threads
000,"42:1,123:1,2026:1","42:1,123:1,2026:1",False,2787,data/images/post02787.jpg,"42:1,123:1,2026:1","42:1,123:1,2026:1","42:0,123:0,2026:0",facebook
000,"42:0,123:0,2026:0","42:0,123:0,2026:0",True,5089,data/images/post05089.jpg,"42:0,123:0,2026:0","42:0,123:0,2026:0","42:0,123:1,2026:0",threads
101,"42:1,123:1,2026:1","42:1,123:1,2026:1",True,2882,data/images/post02882.jpg,"42:1,123:1,2026:0","42:1,123:0,2026:0","42:0,123:0,2026:0",facebook
100,"42:0,123:0,2026:0","42:1,123:1,2026:1",True,1789,data/images/post01789.jpg,"42:0,123:1,2026:1","42:1,123:0,2026:1","42:1,123:0,2026:1",threads
001,"42:1,123:0,2026:0","42:1,123:0,2026:1",False,6978,data/images/post06978.jpg,"42:1,123:1,2026:1","42:1,123:1,2026:1","42:0,123:0,2026:0",facebook
101,"42:0,123:0,2026:0","42:0,123:0,2026:0",True,1413,data/images/post01413.jpg,"42:0,123:0,2026:0","42:0,123:0,2026:0","42:1,123:0,2026:0",threads
001,"42:1,123:1,2026:1","42:1,123:1,2026:1",True,6577,data/images/post06577.jpg,"42:1,123:1,2026:1","42:1,123:1,2026:1","42:0,123:0,2026:0",facebook
000,"42:0,123:0,2026:0","42:0,123:0,2026:0",True,3769,data/images/post03769.jpg,"42:0,123:0,2026:0","42:0,123:0,2026:0","42:0,123:0,2026:0",threads
000,"42:0,123:0,2026:0","42:0,123:0,2026:0",False,335,data/images/post00335.webp,"42:0,123:0,2026:1","42:0,123:0,2026:0","42:0,123:0,2026:0",threads
000,"42:0,123:0,2026:0","42:0,123:0,2026:0",True,5219,data/images/post05219.jpg,"42:0,123:0,2026:0","42:0,123:0,2026:0","42:0,123:0,2026:0",threads
000,"42:1,123:1,2026:1","42:1,123:0,2026:1",True,7086,data/images/post07086.jpg,"42:1,123:1,2026:1","42:1,123:1,2026:1","42:1,123:1,2026:1",facebook
001,"42:0,123:0,2026:0","42:0,123:0,2026:0",True,3896,data/images/post03896.jpg,"42:0,123:0,2026:0","42:0,123:0,2026:0","42:0,123:0,2026:0",threads
101,"42:1,123:1,2026:1","42:1,123:1,2026:1",False,1930,data/images/post01930.jpg,"42:1,123:1,2026:1","42:1,123:1,2026:1","42:0,123:0,2026:0",facebook
000,"42:0,123:0,2026:1","42:0,123:0,2026:1",True,2590,data/images/post02590.jpg,"42:0,123:0,2026:0","42:1,123:0,2026:0","42:1,123:1,2026:1",facebook
101,"42:0,123:0,2026:0","42:0,123:0,2026:0",False,4207,data/images/post04207.jpg,"42:0,123:0,2026:0","42:0,123:0,2026:0","42:0,123:0,2026:0",threads
000,"42:1,123:0,2026:0","42:1,123:1,2026:1",True,7049,data/images/post07049.jpg,"42:1,123:1,2026:0","42:1,123:1,2026:1","42:1,123:1,2026:1",facebook
001,"42:1,123:1,2026:1","42:1,123:1,2026:1",False,2805,data/images/post02805.jpg,"42:1,123:1,2026:1","42:1,123:1,2026:1","42:0,123:0,2026:0",facebook
000,"42:0,123:0,2026:0","42:0,123:0,2026:0",True,3496,data/images/post03496.jpg,"42:0,123:0,2026:0","42:0,123:0,2026:0","42:0,123:0,2026:0",threads
011,"42:1,123:1,2026:1","42:1,123:1,2026:1",True,2367,data/images/post02367.jpg,"42:1,123:1,2026:1","42:1,123:1,2026:1","42:1,123:1,2026:1",facebook
001,"42:0,123:0,2026:0","42:1,123:1,2026:1",True,3746,data/images/post03746.webp,"42:0,123:0,2026:0","42:1,123:1,2026:1","42:0,123:0,2026:0",threads
000,"42:1,123:0,2026:0","42:0,123:1,2026:1",True,6337,data/images/post06337.jpg,"42:1,123:0,2026:1","42:1,123:1,2026:1","42:1,123:0,2026:0",facebook
001,"42:0,123:0,2026:0","42:0,123:0,2026:0",True,4887,data/images/post04887.jpg,"42:0,123:0,2026:0","42:0,123:0,2026:0","42:0,123:0,2026:0",threads
011,"42:1,123:1,2026:1","42:1,123:1,2026:1",True,2585,data/images/post02585.jpg,"42:1,123:1,2026:1","42:1,123:1,2026:1","42:1,123:1,2026:1",facebook
011,"42:1,123:0,2026:1","42:1,123:0,2026:1",True,2288,data/images/post02288.jpg,"42:1,123:1,2026:1","42:1,123:1,2026:0","42:1,123:1,2026:1",facebook
000,"42:1,123:1,2026:1","42:0,123:0,2026:1",True,2134,data/images/post02134.jpg,"42:1,123:1,2026:1","42:0,123:1,2026:0","42:0,123:0,2026:1",facebook
000,"42:0,123:0,2026:0","42:0,123:0,2026:0",False,3685,data/images/post03685.jpg,"42:0,123:0,2026:0","42:0,123:0,2026:0","42:0,123:0,2026:0",threads
001,"42:1,123:1,2026:1","42:1,123:0,2026:1",False,5736,data/images/post05736.jpg,"42:1,123:1,2026:1","42:1,123:1,2026:1","42:0,123:0,2026:0",facebook
000,"42:1,123:0,2026:0","42:0,123:1,2026:0",True,3225,data/images/post03225.jpg,"42:0,123:0,2026:0","42:0,123:0,2026:0","42:0,123:0,2026:0",threads
101,"42:0,123:0,2026:0","42:0,123:0,2026:0",False,675,data/images/post00675.jpg,"42:1,123:1,2026:1","42:0,123:0,2026:1","42:0,123:0,2026:0",threads
000,"42:0,123:0,2026:0","42:0,123:0,2026:0",True,5074,data/images/post05074.jpg,"42:0,123:0,2026:0","42:0,123:0,2026:0","42:0,123:0,2026:0",threads
000,"42:0,123:0,2026:0","42:0,123:0,2026:0",True,3866,data/images/post03866.jpg,"42:0,123:0,2026:1","42:0,123:0,2026:0","42:0,123:0,2026:0",threads
101,"42:1,123:1,2026:1","42:1,123:1,2026:1",True,2695,data/images/post02695.jpg,"42:1,123:1,2026:1","42:1,123:1,2026:1","42:1,123:1,2026:1",facebook
000,"42:1,123:0,2026:1","42:1,123:1,2026:0",True,3968,data/images/post03968.jpg,"42:1,123:1,2026:1","42:1,123:1,2026:1","42:1,123:1,2026:1",threads
011,"42:1,123:1,2026:1","42:1,123:1,2026:1",True,6957,data/images/post06957.jpg,"42:1,123:1,2026:1","42:1,123:1,2026:1","42:0,123:0,2026:0",facebook
000,"42:0,123:0,2026:0","42:0,123:0,2026:0",False,4720,data/images/post04720.jpg,"42:0,123:0,2026:0","42:0,123:0,2026:0","42:0,123:0,2026:0",threads
000,"42:0,123:0,2026:0","42:0,123:0,2026:0",False,3713,data/images/post03713.jpg,"42:0,123:0,2026:0","42:0,123:0,2026:0","42:0,123:0,2026:0",threads
000,"42:1,123:1,2026:1","42:1,123:0,2026:1",False,1809,data/images/post01809.jpg,"42:0,123:0,2026:0","42:0,123:0,2026:0","42:0,123:0,2026:0",threads
101,"42:1,123:1,2026:1","42:0,123:0,2026:1",True,3043,data/images/post03043.jpg,"42:1,123:1,2026:1","42:1,123:1,2026:0","42:0,123:0,2026:0",facebook
101,"42:1,123:1,2026:1","42:1,123:1,2026:1",False,6942,data/images/post06942.jpg,"42:1,123:1,2026:1","42:1,123:1,2026:1","42:0,123:0,2026:0",facebook
000,"42:0,123:0,2026:1","42:0,123:0,2026:0",True,3678,data/images/post03678.jpg,"42:0,123:0,2026:0","42:0,123:0,2026:0","42:0,123:0,2026:0",threads
011,"42:1,123:1,2026:1","42:1,123:1,2026:1",True,7289,data/images/post07289.jpg,"42:1,123:1,2026:1","42:1,123:1,2026:1","42:0,123:1,2026:1",facebook
000,"42:1,123:1,2026:1","42:1,123:0,2026:1",False,1974,data/images/post01974.jpg,"42:1,123:1,2026:1","42:1,123:1,2026:0","42:0,123:0,2026:0",facebook
000,"42:0,123:0,2026:0","42:0,123:0,2026:0",False,4805,data/images/post04805.jpg,"42:0,123:0,2026:1","42:0,123:0,2026:0","42:0,123:0,2026:0",threads
101,"42:1,123:1,2026:1","42:0,123:1,2026:1",True,3940,data/images/post03940.jpg,"42:0,123:1,2026:1","42:1,123:1,2026:1","42:1,123:1,2026:1",threads
100,"42:1,123:1,2026:0","42:1,123:0,2026:0",True,4026,data/images/post04026.jpg,"42:1,123:1,2026:1","42:1,123:1,2026:0","42:1,123:0,2026:1",threads
000,"42:1,123:1,2026:1","42:0,123:1,2026:1",True,557,data/images/post00557.jpg,"42:1,123:1,2026:1","42:1,123:1,2026:1","42:0,123:0,2026:0",threads
101,"42:1,123:0,2026:1","42:1,123:0,2026:1",True,7287,data/images/post07287.jpg,"42:1,123:1,2026:1","42:1,123:1,2026:0","42:1,123:1,2026:1",facebook
001,"42:1,123:0,2026:0","42:1,123:0,2026:0",True,2187,data/images/post02187.jpg,"42:1,123:1,2026:1","42:1,123:1,2026:0","42:1,123:1,2026:1",facebook
001,"42:0,123:0,2026:0","42:0,123:0,2026:0",True,1647,data/images/post01647.jpg,"42:0,123:0,2026:0","42:0,123:0,2026:0","42:0,123:0,2026:0",threads
101,"42:1,123:0,2026:0","42:1,123:1,2026:0",True,3485,data/images/post03485.jpg,"42:1,123:0,2026:0","42:1,123:1,2026:1","42:0,123:0,2026:0",threads
001,"42:1,123:1,2026:1","42:1,123:1,2026:1",True,6436,data/images/post06436.jpg,"42:1,123:1,2026:1","42:1,123:1,2026:1","42:0,123:0,2026:1",facebook
000,"42:0,123:0,2026:0","42:0,123:0,2026:0",True,4220,data/images/post04220.jpg,"42:0,123:0,2026:1","42:0,123:1,2026:1","42:0,123:0,2026:0",threads
000,"42:1,123:0,2026:0","42:0,123:0,2026:0",False,138,data/images/post00138.jpg,"42:0,123:1,2026:0","42:1,123:0,2026:0","42:0,123:0,2026:0",threads
001,"42:1,123:1,2026:1","42:1,123:0,2026:1",True,2639,data/images/post02639.jpg,"42:1,123:1,2026:1","42:1,123:1,2026:1","42:1,123:1,2026:1",facebook
000,"42:0,123:0,2026:0","42:0,123:0,2026:0",False,4705,data/images/post04705.jpg,"42:0,123:0,2026:0","42:0,123:0,2026:0","42:0,123:0,2026:0",threads
000,"42:1,123:0,2026:1","42:0,123:0,2026:1",True,3475,data/images/post03475.jpg,"42:0,123:0,2026:0","42:0,123:0,2026:0","42:0,123:0,2026:0",threads
000,"42:0,123:0,2026:0","42:0,123:0,2026:0",True,1056,data/images/post01056.jpg,"42:0,123:0,2026:0","42:0,123:0,2026:0","42:0,123:0,2026:0",threads
001,"42:1,123:0,2026:0","42:0,123:0,2026:0",True,1453,data/images/post01453.webp,"42:0,123:0,2026:0","42:0,123:0,2026:0","42:0,123:0,2026:0",threads
101,"42:0,123:0,2026:0","42:0,123:1,2026:1",True,1702,data/images/post01702.jpg,"42:0,123:0,2026:0","42:0,123:1,2026:0","42:0,123:0,2026:0",threads
001,"42:1,123:1,2026:1","42:0,123:0,2026:1",True,5220,data/images/post05220.jpg,"42:1,123:1,2026:0","42:1,123:1,2026:0","42:1,123:1,2026:0",threads
001,"42:1,123:1,2026:0","42:1,123:1,2026:1",False,6847,data/images/post06847.jpg,"42:1,123:1,2026:1","42:1,123:1,2026:1","42:0,123:0,2026:0",facebook
000,"42:0,123:0,2026:0","42:0,123:0,2026:0",False,3219,data/images/post03219.jpg,"42:0,123:0,2026:0","42:0,123:0,2026:0","42:0,123:0,2026:0",threads
000,"42:0,123:0,2026:0","42:0,123:0,2026:1",True,1040,data/images/post01040.jpg,"42:0,123:0,2026:0","42:0,123:0,2026:0","42:0,123:0,2026:0",threads
111,"42:0,123:0,2026:0","42:0,123:1,2026:1",True,1703,data/images/post01703.jpg,"42:0,123:0,2026:0","42:1,123:0,2026:1","42:1,123:1,2026:1",threads
000,"42:0,123:0,2026:0","42:0,123:0,2026:0",True,1271,data/images/post01271.jpg,"42:0,123:0,2026:0","42:0,123:0,2026:0","42:0,123:0,2026:0",threads
101,"42:1,123:1,2026:1","42:1,123:1,2026:1",True,2870,data/images/post02870.jpg,"42:1,123:1,2026:1","42:1,123:1,2026:1","42:1,123:1,2026:1",facebook
000,"42:1,123:1,2026:0","42:0,123:0,2026:0",True,4764,data/images/post04764.jpg,"42:1,123:1,2026:1","42:1,123:1,2026:1","42:0,123:0,2026:0",threads
101,"42:1,123:0,2026:0","42:1,123:0,2026:0",True,5650,data/images/post05650.jpg,"42:1,123:0,2026:1","42:0,123:0,2026:0","42:1,123:1,2026:0",threads
000,"42:0,123:0,2026:0","42:0,123:1,2026:1",False,4635,data/images/post04635.webp,"42:0,123:0,2026:0","42:0,123:0,2026:0","42:0,123:0,2026:0",threads
000,"42:0,123:0,2026:0","42:0,123:0,2026:0",True,4713,data/images/post04713.webp,"42:0,123:0,2026:0","42:0,123:0,2026:0","42:0,123:0,2026:0",threads
000,"42:0,123:0,2026:0","42:0,123:0,2026:0",True,4718,data/images/post04718.jpg,"42:0,123:0,2026:0","42:0,123:0,2026:0","42:1,123:0,2026:0",threads
011,"42:1,123:1,2026:1","42:1,123:1,2026:1",True,5865,data/images/post05865.jpg,"42:1,123:1,2026:1","42:1,123:1,2026:1","42:1,123:1,2026:0",facebook
000,"42:0,123:0,2026:0","42:0,123:0,2026:0",False,5047,data/images/post05047.webp,"42:1,123:0,2026:0","42:0,123:0,2026:0","42:0,123:0,2026:0",threads
001,"42:1,123:1,2026:1","42:1,123:1,2026:1",True,2358,data/images/post02358.jpg,"42:1,123:1,2026:1","42:1,123:1,2026:0","42:1,123:1,2026:1",facebook
101,"42:0,123:0,2026:0","42:0,123:0,2026:0",True,595,data/images/post00595.jpg,"42:0,123:0,2026:1","42:1,123:0,2026:0","42:0,123:0,2026:0",threads
000,"42:1,123:0,2026:0","42:1,123:0,2026:1",True,2093,data/images/post02093.jpg,"42:0,123:0,2026:0","42:1,123:1,2026:0","42:0,123:1,2026:1",facebook
000,"42:0,123:0,2026:0","42:0,123:0,2026:0",False,5077,data/images/post05077.jpg,"42:0,123:0,2026:0","42:0,123:0,2026:0","42:0,123:0,2026:0",threads
001,"42:0,123:0,2026:0","42:0,123:0,2026:0",False,3731,data/images/post03731.jpg,"42:0,123:0,2026:0","42:0,123:0,2026:0","42:0,123:0,2026:0",threads
101,"42:0,123:0,2026:0","42:0,123:1,2026:1",True,1660,data/images/post01660.jpg,"42:0,123:0,2026:1","42:1,123:1,2026:1","42:1,123:1,2026:1",threads
000,"42:0,123:0,2026:0","42:0,123:0,2026:0",False,3788,data/images/post03788.jpg,"42:0,123:0,2026:0","42:0,123:0,2026:0","42:0,123:0,2026:0",threads
000,"42:1,123:0,2026:0","42:0,123:0,2026:0",True,4435,data/images/post04435.jpg,"42:0,123:0,2026:0","42:0,123:0,2026:0","42:0,123:0,2026:0",threads
000,"42:1,123:1,2026:1","42:1,123:1,2026:1",True,3079,data/images/post03079.jpg,"42:1,123:1,2026:1","42:0,123:0,2026:0","42:1,123:1,2026:1",facebook
000,"42:0,123:0,2026:0","42:0,123:0,2026:0",True,5515,data/images/post05515.jpg,"42:0,123:0,2026:0","42:0,123:0,2026:0","42:0,123:0,2026:0",threads
000,"42:0,123:0,2026:0","42:0,123:0,2026:0",True,5562,data/images/post05562.jpg,"42:0,123:0,2026:0","42:0,123:0,2026:0","42:0,123:0,2026:0",threads
000,"42:0,123:0,2026:0","42:0,123:0,2026:0",True,7331,data/images/post07331.jpg,"42:1,123:1,2026:0","42:1,123:0,2026:0","42:1,123:0,2026:0",facebook
001,"42:1,123:1,2026:1","42:1,123:1,2026:1",False,6680,data/images/post06680.jpg,"42:1,123:1,2026:1","42:1,123:1,2026:1","42:0,123:0,2026:0",facebook
001,"42:1,123:1,2026:1","42:1,123:1,2026:1",False,7141,data/images/post07141.jpg,"42:1,123:1,2026:1","42:1,123:1,2026:1","42:0,123:0,2026:0",facebook
000,"42:1,123:1,2026:1","42:1,123:0,2026:1",True,7295,data/images/post07295.jpg,"42:1,123:1,2026:1","42:1,123:1,2026:1","42:1,123:1,2026:1",facebook
000,"42:0,123:0,2026:1","42:1,123:1,2026:1",True,7100,data/images/post07100.jpg,"42:0,123:0,2026:1","42:1,123:1,2026:1","42:1,123:1,2026:1",facebook
101,"42:0,123:0,2026:0","42:0,123:0,2026:0",False,1447,data/images/post01447.webp,"42:0,123:0,2026:0","42:0,123:0,2026:0","42:0,123:0,2026:0",threads
101,"42:1,123:1,2026:1","42:1,123:1,2026:1",True,902,data/images/post00902.jpg,"42:0,123:0,2026:1","42:1,123:1,2026:1","42:1,123:1,2026:1",threads
000,"42:0,123:0,2026:0","42:1,123:0,2026:0",True,4456,data/images/post04456.jpg,"42:0,123:0,2026:0","42:0,123:0,2026:0","42:0,123:0,2026:0",threads
000,"42:0,123:0,2026:0","42:0,123:0,2026:0",False,1369,data/images/post01369.webp,"42:1,123:1,2026:1","42:0,123:0,2026:0","42:0,123:0,2026:0",threads
100,"42:1,123:1,2026:1","42:1,123:1,2026:1",True,3015,data/images/post03015.jpg,"42:1,123:1,2026:1","42:1,123:1,2026:1","42:0,123:0,2026:0",facebook
000,"42:1,123:0,2026:0","42:0,123:1,2026:1",True,5378,data/images/post05378.jpg,"42:0,123:0,2026:1","42:0,123:0,2026:1","42:0,123:0,2026:0",threads
000,"42:0,123:0,2026:0","42:0,123:0,2026:1",True,2763,data/images/post02763.jpg,"42:0,123:0,2026:0","42:0,123:0,2026:0","42:1,123:0,2026:0",facebook
000,"42:0,123:0,2026:0","42:0,123:0,2026:0",False,6360,data/images/post06360.jpg,"42:0,123:0,2026:0","42:0,123:0,2026:0","42:0,123:0,2026:0",facebook
000,"42:1,123:0,2026:0","42:0,123:1,2026:1",True,3117,data/images/post03117.jpg,"42:0,123:0,2026:0","42:1,123:0,2026:1","42:0,123:0,2026:0",threads
001,"42:0,123:0,2026:0","42:0,123:0,2026:0",True,6106,data/images/post06106.jpg,"42:0,123:0,2026:1","42:1,123:0,2026:1","42:0,123:0,2026:0",facebook
001,"42:1,123:1,2026:1","42:1,123:1,2026:1",True,2521,data/images/post02521.jpg,"42:1,123:1,2026:1","42:1,123:1,2026:1","42:1,123:1,2026:1",facebook
000,"42:1,123:0,2026:0","42:1,123:0,2026:0",True,990,data/images/post00990.jpg,"42:0,123:1,2026:0","42:0,123:0,2026:0","42:0,123:0,2026:0",threads
000,"42:0,123:0,2026:0","42:0,123:0,2026:0",False,1503,data/images/post01503.webp,"42:0,123:0,2026:0","42:0,123:0,2026:0","42:0,123:0,2026:0",threads
000,"42:0,123:0,2026:1","42:0,123:0,2026:0",True,1490,data/images/post01490.jpg,"42:0,123:0,2026:0","42:0,123:0,2026:0","42:0,123:0,2026:0",threads
000,"42:0,123:0,2026:0","42:0,123:0,2026:0",False,3623,data/images/post03623.webp,"42:0,123:0,2026:0","42:0,123:0,2026:0","42:0,123:0,2026:0",threads
101,"42:0,123:0,2026:0","42:0,123:0,2026:0",False,4762,data/images/post04762.jpg,"42:0,123:0,2026:0","42:0,123:0,2026:0","42:0,123:0,2026:0",threads
111,"42:1,123:0,2026:1","42:1,123:1,2026:1",True,987,data/images/post00987.jpg,"42:1,123:1,2026:0","42:1,123:1,2026:1","42:1,123:1,2026:1",threads
000,"42:0,123:0,2026:0","42:0,123:0,2026:0",True,4401,data/images/post04401.jpg,"42:0,123:0,2026:0","42:0,123:0,2026:0","42:0,123:0,2026:0",threads
001,"42:1,123:1,2026:1","42:1,123:0,2026:1",False,6855,data/images/post06855.jpg,"42:1,123:1,2026:1","42:1,123:1,2026:1","42:0,123:0,2026:0",facebook
000,"42:0,123:0,2026:0","42:0,123:0,2026:1",True,6049,data/images/post06049.jpg,"42:0,123:0,2026:0","42:1,123:1,2026:0","42:1,123:1,2026:1",facebook
000,"42:0,123:0,2026:0","42:0,123:0,2026:0",False,812,data/images/post00812.webp,"42:0,123:0,2026:0","42:0,123:0,2026:0","42:0,123:0,2026:0",threads
000,"42:1,123:0,2026:0","42:0,123:1,2026:1",False,4267,data/images/post04267.webp,"42:0,123:0,2026:0","42:1,123:1,2026:0","42:0,123:0,2026:0",threads
100,"42:0,123:0,2026:0","42:1,123:0,2026:0",True,4197,data/images/post04197.jpg,"42:0,123:0,2026:0","42:0,123:0,2026:0","42:0,123:0,2026:1",threads
000,"42:1,123:1,2026:1","42:1,123:1,2026:0",True,2296,data/images/post02296.jpg,"42:1,123:0,2026:0","42:1,123:1,2026:1","42:1,123:1,2026:1",facebook
001,"42:1,123:1,2026:1","42:1,123:1,2026:1",True,6594,data/images/post06594.jpg,"42:1,123:1,2026:1","42:1,123:1,2026:1","42:1,123:1,2026:1",facebook
011,"42:1,123:0,2026:0","42:1,123:1,2026:1",True,6977,data/images/post06977.jpg,"42:0,123:0,2026:1","42:1,123:1,2026:0","42:1,123:1,2026:1",facebook
000,"42:0,123:1,2026:1","42:0,123:0,2026:0",True,5139,data/images/post05139.jpg,"42:0,123:1,2026:0","42:0,123:0,2026:0","42:0,123:0,2026:0",threads
000,"42:0,123:0,2026:0","42:1,123:0,2026:1",True,3289,data/images/post03289.jpg,"42:0,123:0,2026:0","42:1,123:1,2026:0","42:0,123:0,2026:0",threads
001,"42:0,123:0,2026:0","42:0,123:0,2026:0",True,1624,data/images/post01624.jpg,"42:0,123:0,2026:0","42:0,123:0,2026:0","42:0,123:0,2026:0",threads
100,"42:0,123:0,2026:0","42:0,123:0,2026:0",False,3952,data/images/post03952.webp,"42:1,123:0,2026:0","42:0,123:0,2026:0","42:0,123:0,2026:0",threads
000,"42:1,123:1,2026:1","42:0,123:0,2026:0",True,6060,data/images/post06060.jpg,"42:1,123:1,2026:0","42:0,123:0,2026:0","42:0,123:0,2026:0",facebook
001,"42:0,123:0,2026:0","42:0,123:1,2026:0",False,3824,data/images/post03824.webp,"42:0,123:0,2026:0","42:0,123:0,2026:0","42:0,123:0,2026:0",threads
000,"42:0,123:0,2026:0","42:0,123:0,2026:0",True,5482,data/images/post05482.webp,"42:0,123:0,2026:0","42:0,123:0,2026:0","42:0,123:0,2026:0",threads
000,"42:0,123:0,2026:0","42:0,123:0,2026:0",False,5568,data/images/post05568.jpg,"42:0,123:0,2026:0","42:0,123:0,2026:0","42:0,123:0,2026:0",threads
000,"42:1,123:1,2026:1","42:1,123:1,2026:1",True,3913,data/images/post03913.jpg,"42:1,123:1,2026:1","42:1,123:1,2026:1","42:1,123:1,2026:1",threads
001,"42:1,123:1,2026:1","42:1,123:1,2026:1",True,7004,data/images/post07004.jpg,"42:1,123:1,2026:1","42:1,123:1,2026:1","42:1,123:1,2026:1",facebook
101,"42:1,123:1,2026:1","42:1,123:1,2026:1",False,6664,data/images/post06664.jpg,"42:1,123:1,2026:1","42:1,123:1,2026:1","42:0,123:0,2026:0",facebook
000,"42:0,123:0,2026:0","42:0,123:0,2026:0",False,4871,data/images/post04871.jpg,"42:0,123:1,2026:1","42:0,123:0,2026:0","42:0,123:0,2026:0",threads
000,"42:0,123:0,2026:0","42:0,123:0,2026:0",True,3960,data/images/post03960.jpg,"42:0,123:0,2026:0","42:0,123:0,2026:0","42:1,123:1,2026:1",threads
001,"42:0,123:1,2026:0","42:0,123:1,2026:1",False,4500,data/images/post04500.jpg,"42:0,123:1,2026:1","42:0,123:0,2026:1","42:0,123:0,2026:0",threads
000,"42:0,123:0,2026:0","42:0,123:0,2026:0",True,1688,data/images/post01688.webp,"42:0,123:0,2026:0","42:0,123:0,2026:0","42:0,123:0,2026:0",threads
001,"42:1,123:1,2026:1","42:1,123:1,2026:1",False,7092,data/images/post07092.jpg,"42:1,123:1,2026:1","42:1,123:1,2026:1","42:0,123:0,2026:0",facebook
000,"42:0,123:0,2026:0","42:0,123:0,2026:0",True,3491,data/images/post03491.jpg,"42:0,123:0,2026:0","42:0,123:0,2026:0","42:0,123:0,2026:0",threads
000,"42:0,123:0,2026:0","42:0,123:0,2026:0",False,5564,data/images/post05564.jpg,"42:0,123:0,2026:0","42:0,123:0,2026:0","42:0,123:0,2026:0",threads
010,"42:1,123:1,2026:1","42:1,123:0,2026:1",True,7220,data/images/post07220.jpg,"42:1,123:1,2026:1","42:1,123:1,2026:1","42:1,123:1,2026:1",facebook
000,"42:1,123:1,2026:1","42:1,123:1,2026:1",True,6151,data/images/post06151.jpg,"42:1,123:1,2026:1","42:0,123:1,2026:1","42:0,123:0,2026:1",facebook
011,"42:1,123:1,2026:1","42:1,123:1,2026:1",True,2470,data/images/post02470.jpg,"42:1,123:1,2026:1","42:1,123:1,2026:1","42:1,123:1,2026:1",facebook
000,"42:1,123:0,2026:0","42:1,123:1,2026:1",True,1964,data/images/post01964.jpg,"42:1,123:1,2026:0","42:1,123:1,2026:1","42:1,123:0,2026:0",facebook
011,"42:1,123:1,2026:1","42:1,123:1,2026:1",True,2382,data/images/post02382.jpg,"42:1,123:1,2026:1","42:1,123:1,2026:1","42:1,123:1,2026:1",facebook
000,"42:0,123:0,2026:0","42:1,123:0,2026:0",True,4272,data/images/post04272.webp,"42:0,123:0,2026:0","42:0,123:0,2026:0","42:1,123:1,2026:1",threads
001,"42:1,123:0,2026:1","42:1,123:1,2026:1",False,1867,data/images/post01867.jpg,"42:1,123:1,2026:1","42:1,123:1,2026:1","42:0,123:0,2026:0",facebook
000,"42:0,123:0,2026:0","42:0,123:0,2026:0",True,5421,data/images/post05421.jpg,"42:0,123:0,2026:0","42:0,123:0,2026:0","42:0,123:0,2026:0",threads
101,"42:0,123:0,2026:0","42:1,123:0,2026:1",False,1268,data/images/post01268.jpg,"42:1,123:1,2026:1","42:1,123:1,2026:0","42:0,123:0,2026:0",threads
000,"42:0,123:0,2026:0","42:0,123:0,2026:0",True,4755,data/images/post04755.jpg,"42:0,123:0,2026:0","42:0,123:0,2026:0","42:0,123:0,2026:0",threads
101,"42:1,123:1,2026:1","42:1,123:1,2026:0",False,6523,data/images/post06523.jpg,"42:1,123:1,2026:1","42:0,123:0,2026:0","42:0,123:0,2026:0",facebook
100,"42:1,123:0,2026:0","42:1,123:1,2026:0",False,826,data/images/post00826.jpg,"42:1,123:1,2026:1","42:1,123:1,2026:1","42:0,123:0,2026:0",threads
000,"42:1,123:1,2026:1","42:1,123:1,2026:1",True,3167,data/images/post03167.jpg,"42:1,123:1,2026:1","42:1,123:1,2026:1","42:0,123:0,2026:1",threads
001,"42:1,123:0,2026:0","42:1,123:0,2026:0",False,1463,data/images/post01463.webp,"42:1,123:0,2026:1","42:0,123:0,2026:0","42:0,123:0,2026:0",threads
001,"42:1,123:1,2026:1","42:1,123:1,2026:1",False,6823,data/images/post06823.jpg,"42:1,123:1,2026:1","42:1,123:1,2026:1","42:0,123:0,2026:0",facebook
001,"42:1,123:0,2026:1","42:1,123:0,2026:1",True,4355,data/images/post04355.jpg,"42:0,123:1,2026:1","42:1,123:1,2026:1","42:1,123:0,2026:1",threads
001,"42:1,123:1,2026:1","42:1,123:1,2026:1",True,1906,data/images/post01906.jpg,"42:1,123:1,2026:1","42:1,123:1,2026:1","42:1,123:0,2026:1",facebook
000,"42:0,123:0,2026:0","42:0,123:0,2026:0",True,4344,data/images/post04344.jpg,"42:0,123:0,2026:0","42:0,123:0,2026:0","42:0,123:0,2026:0",threads
001,"42:0,123:0,2026:0","42:0,123:1,2026:0",True,5788,data/images/post05788.jpg,"42:0,123:0,2026:1","42:0,123:0,2026:0","42:1,123:1,2026:1",facebook
000,"42:0,123:0,2026:0","42:1,123:0,2026:0",True,3159,data/images/post03159.jpg,"42:0,123:0,2026:0","42:0,123:0,2026:0","42:1,123:0,2026:0",threads
000,"42:0,123:0,2026:0","42:0,123:0,2026:0",True,4902,data/images/post04902.webp,"42:0,123:0,2026:0","42:1,123:0,2026:0","42:1,123:1,2026:1",threads
101,"42:1,123:0,2026:1","42:1,123:1,2026:1",True,144,data/images/post00144.jpg,"42:1,123:1,2026:0","42:1,123:1,2026:1","42:1,123:1,2026:1",threads
100,"42:1,123:0,2026:1","42:1,123:1,2026:1",True,6761,data/images/post06761.jpg,"42:1,123:1,2026:1","42:1,123:1,2026:1","42:1,123:1,2026:1",facebook
000,"42:1,123:1,2026:1","42:1,123:0,2026:1",True,805,data/images/post00805.jpg,"42:1,123:1,2026:1","42:1,123:1,2026:1","42:1,123:1,2026:1",threads
001,"42:1,123:1,2026:1","42:1,123:0,2026:0",True,7186,data/images/post07186.jpg,"42:1,123:1,2026:1","42:1,123:1,2026:1","42:1,123:1,2026:1",facebook
000,"42:0,123:0,2026:0","42:1,123:0,2026:0",True,3182,data/images/post03182.jpg,"42:0,123:0,2026:0","42:0,123:0,2026:0","42:1,123:1,2026:1",threads
011,"42:1,123:1,2026:1","42:1,123:0,2026:1",True,1303,data/images/post01303.jpg,"42:1,123:1,2026:1","42:1,123:1,2026:1","42:0,123:0,2026:0",threads
000,"42:0,123:0,2026:0","42:0,123:0,2026:0",False,4092,data/images/post04092.jpg,"42:0,123:0,2026:0","42:0,123:0,2026:0","42:0,123:0,2026:0",threads
000,"42:0,123:0,2026:0","42:0,123:0,2026:0",False,5450,data/images/post05450.webp,"42:0,123:0,2026:0","42:0,123:0,2026:0","42:0,123:0,2026:0",threads
000,"42:0,123:1,2026:0","42:1,123:1,2026:0",False,3378,data/images/post03378.webp,"42:1,123:0,2026:0","42:0,123:0,2026:0","42:0,123:0,2026:0",threads
001,"42:1,123:1,2026:1","42:1,123:1,2026:1",False,6551,data/images/post06551.jpg,"42:1,123:1,2026:1","42:1,123:1,2026:1","42:0,123:0,2026:0",facebook
001,"42:1,123:0,2026:1","42:1,123:1,2026:0",True,3487,data/images/post03487.jpg,"42:0,123:0,2026:1","42:0,123:0,2026:1","42:0,123:0,2026:0",threads
001,"42:1,123:1,2026:1","42:1,123:1,2026:1",True,2049,data/images/post02049.jpg,"42:1,123:1,2026:1","42:1,123:1,2026:1","42:0,123:0,2026:0",facebook
000,"42:0,123:0,2026:0","42:0,123:1,2026:0",True,3667,data/images/post03667.jpg,"42:0,123:0,2026:0","42:0,123:0,2026:0","42:0,123:0,2026:0",threads
101,"42:1,123:1,2026:1","42:1,123:1,2026:1",True,5702,data/images/post05702.jpg,"42:1,123:0,2026:1","42:0,123:0,2026:0","42:1,123:0,2026:0",facebook
101,"42:1,123:1,2026:0","42:1,123:1,2026:0",True,7250,data/images/post07250.jpg,"42:1,123:1,2026:1","42:1,123:0,2026:0","42:1,123:0,2026:1",facebook
000,"42:1,123:0,2026:0","42:1,123:0,2026:1",True,3969,data/images/post03969.jpg,"42:1,123:0,2026:0","42:1,123:1,2026:1","42:1,123:1,2026:1",threads
100,"42:0,123:0,2026:0","42:1,123:1,2026:1",True,478,data/images/post00478.jpg,"42:0,123:0,2026:0","42:1,123:0,2026:1","42:0,123:0,2026:0",threads
000,"42:1,123:1,2026:1","42:1,123:1,2026:1",True,5816,data/images/post05816.jpg,"42:1,123:1,2026:1","42:1,123:1,2026:1","42:1,123:1,2026:1",facebook
000,"42:0,123:0,2026:0","42:0,123:1,2026:0",True,1043,data/images/post01043.jpg,"42:0,123:1,2026:0","42:1,123:1,2026:0","42:1,123:1,2026:1",threads
011,"42:1,123:1,2026:1","42:1,123:1,2026:1",True,6451,data/images/post06451.jpg,"42:1,123:1,2026:1","42:1,123:1,2026:1","42:1,123:1,2026:1",facebook
000,"42:1,123:0,2026:0","42:0,123:0,2026:0",True,2990,data/images/post02990.jpg,"42:0,123:0,2026:0","42:1,123:1,2026:0","42:1,123:1,2026:1",facebook
000,"42:0,123:0,2026:0","42:0,123:0,2026:0",False,5193,data/images/post05193.jpg,"42:0,123:0,2026:0","42:0,123:0,2026:0","42:0,123:0,2026:0",threads
011,"42:1,123:1,2026:1","42:1,123:1,2026:1",True,6509,data/images/post06509.jpg,"42:1,123:1,2026:1","42:1,123:1,2026:1","42:0,123:0,2026:0",facebook
000,"42:1,123:0,2026:1","42:0,123:0,2026:0",True,7159,data/images/post07159.jpg,"42:0,123:0,2026:1","42:0,123:0,2026:0","42:0,123:0,2026:0",facebook
000,"42:0,123:0,2026:0","42:0,123:0,2026:0",True,6556,data/images/post06556.jpg,"42:0,123:0,2026:0","42:0,123:0,2026:0","42:0,123:0,2026:0",facebook
000,"42:0,123:0,2026:0","42:0,123:0,2026:0",False,4752,data/images/post04752.jpg,"42:0,123:0,2026:0","42:0,123:0,2026:0","42:0,123:0,2026:0",threads
011,"42:1,123:1,2026:1","42:1,123:1,2026:0",True,7277,data/images/post07277.jpg,"42:1,123:1,2026:1","42:1,123:1,2026:1","42:1,123:1,2026:1",facebook
101,"42:1,123:1,2026:1","42:1,123:1,2026:0",False,6546,data/images/post06546.jpg,"42:1,123:1,2026:1","42:1,123:0,2026:1","42:0,123:0,2026:0",facebook
001,"42:1,123:0,2026:1","42:1,123:1,2026:1",False,6960,data/images/post06960.jpg,"42:1,123:1,2026:1","42:1,123:1,2026:1","42:0,123:0,2026:0",facebook
101,"42:1,123:0,2026:1","42:1,123:1,2026:1",True,3837,data/images/post03837.jpg,"42:0,123:0,2026:1","42:1,123:1,2026:1","42:0,123:0,2026:1",threads
000,"42:0,123:0,2026:0","42:0,123:0,2026:0",False,4514,data/images/post04514.jpg,"42:0,123:0,2026:0","42:0,123:0,2026:0","42:0,123:0,2026:0",threads
101,"42:0,123:0,2026:0","42:1,123:1,2026:0",False,2739,data/images/post02739.jpg,"42:1,123:1,2026:1","42:1,123:1,2026:1","42:0,123:0,2026:0",facebook
000,"42:1,123:0,2026:1","42:1,123:1,2026:1",False,5281,data/images/post05281.jpg,"42:1,123:1,2026:1","42:1,123:1,2026:0","42:0,123:0,2026:0",threads
000,"42:0,123:0,2026:0","42:0,123:0,2026:0",False,555,data/images/post00555.jpg,"42:1,123:1,2026:1","42:0,123:0,2026:0","42:0,123:0,2026:0",threads
011,"42:1,123:1,2026:1","42:1,123:0,2026:1",True,7074,data/images/post07074.jpg,"42:1,123:1,2026:1","42:1,123:1,2026:1","42:1,123:1,2026:1",facebook
000,"42:0,123:0,2026:0","42:0,123:0,2026:0",False,4038,data/images/post04038.jpg,"42:0,123:0,2026:0","42:0,123:0,2026:0","42:0,123:0,2026:0",threads
001,"42:0,123:0,2026:0","42:0,123:0,2026:0",False,5054,data/images/post05054.webp,"42:0,123:0,2026:0","42:0,123:0,2026:0","42:0,123:0,2026:0",threads
000,"42:1,123:0,2026:0","42:1,123:0,2026:1",True,6051,data/images/post06051.jpg,"42:1,123:0,2026:1","42:1,123:1,2026:0","42:0,123:1,2026:1",facebook
000,"42:0,123:0,2026:0","42:0,123:0,2026:0",True,6443,data/images/post06443.jpg,"42:0,123:0,2026:0","42:0,123:0,2026:0","42:1,123:0,2026:1",facebook
011,"42:1,123:1,2026:1","42:1,123:1,2026:1",True,6603,data/images/post06603.jpg,"42:1,123:1,2026:1","42:1,123:1,2026:1","42:1,123:1,2026:1",facebook
001,"42:1,123:0,2026:1","42:1,123:0,2026:1",False,5760,data/images/post05760.jpg,"42:1,123:1,2026:1","42:1,123:1,2026:1","42:0,123:0,2026:0",facebook
011,"42:1,123:1,2026:1","42:1,123:1,2026:1",True,2538,data/images/post02538.jpg,"42:1,123:1,2026:1","42:1,123:1,2026:1","42:1,123:1,2026:1",facebook
000,"42:1,123:0,2026:0","42:1,123:0,2026:1",True,3665,data/images/post03665.jpg,"42:1,123:1,2026:1","42:1,123:0,2026:0","42:1,123:1,2026:1",threads
011,"42:1,123:1,2026:1","42:1,123:1,2026:1",True,2529,data/images/post02529.jpg,"42:1,123:1,2026:1","42:1,123:1,2026:1","42:1,123:0,2026:1",facebook
000,"42:0,123:0,2026:0","42:1,123:0,2026:0",False,4427,data/images/post04427.jpg,"42:1,123:1,2026:1","42:0,123:0,2026:0","42:0,123:0,2026:0",threads
001,"42:0,123:0,2026:0","42:1,123:1,2026:0",False,1432,data/images/post01432.jpg,"42:1,123:1,2026:1","42:1,123:1,2026:1","42:0,123:0,2026:0",threads
000,"42:0,123:0,2026:0","42:0,123:0,2026:0",False,127,data/images/post00127.webp,"42:0,123:0,2026:0","42:0,123:0,2026:0","42:0,123:0,2026:0",threads
011,"42:1,123:1,2026:1","42:1,123:1,2026:1",True,2469,data/images/post02469.jpg,"42:1,123:1,2026:0","42:1,123:1,2026:1","42:1,123:1,2026:1",facebook
101,"42:1,123:0,2026:1","42:1,123:0,2026:0",True,101,data/images/post00101.jpg,"42:1,123:1,2026:1","42:1,123:1,2026:0","42:0,123:0,2026:0",threads
000,"42:0,123:0,2026:0","42:0,123:0,2026:0",True,4199,data/images/post04199.jpg,"42:0,123:0,2026:0","42:0,123:0,2026:0","42:1,123:1,2026:1",threads
011,"42:1,123:1,2026:1","42:1,123:1,2026:1",True,6899,data/images/post06899.jpg,"42:1,123:1,2026:1","42:1,123:1,2026:1","42:1,123:1,2026:1",facebook
000,"42:1,123:0,2026:0","42:1,123:0,2026:1",True,523,data/images/post00523.jpg,"42:0,123:0,2026:0","42:1,123:0,2026:0","42:1,123:1,2026:1",threads
000,"42:0,123:0,2026:0","42:1,123:0,2026:1",True,4642,data/images/post04642.jpg,"42:0,123:0,2026:0","42:1,123:0,2026:0","42:0,123:1,2026:1",threads
000,"42:0,123:0,2026:0","42:0,123:0,2026:0",True,3187,data/images/post03187.jpg,"42:0,123:0,2026:0","42:0,123:0,2026:0","42:1,123:1,2026:1",threads
000,"42:0,123:0,2026:0","42:0,123:0,2026:0",True,1354,data/images/post01354.jpg,"42:0,123:0,2026:0","42:0,123:0,2026:0","42:0,123:0,2026:0",threads
010,"42:0,123:0,2026:0","42:1,123:0,2026:0",True,383,data/images/post00383.jpg,"42:0,123:0,2026:0","42:0,123:0,2026:0","42:1,123:1,2026:1",threads
000,"42:1,123:0,2026:1","42:1,123:1,2026:1",True,313,data/images/post00313.jpg,"42:0,123:0,2026:0","42:1,123:1,2026:0","42:1,123:1,2026:1",threads
001,"42:1,123:0,2026:0","42:1,123:0,2026:1",False,6790,data/images/post06790.jpg,"42:1,123:1,2026:1","42:1,123:1,2026:1","42:0,123:0,2026:0",facebook
000,"42:1,123:1,2026:1","42:1,123:1,2026:1",True,5964,data/images/post05964.jpg,"42:1,123:1,2026:1","42:1,123:1,2026:1","42:0,123:0,2026:0",facebook
001,"42:1,123:1,2026:0","42:0,123:0,2026:0",True,2999,data/images/post02999.jpg,"42:1,123:0,2026:0","42:0,123:0,2026:0","42:0,123:0,2026:0",facebook
001,"42:0,123:0,2026:1","42:1,123:1,2026:0",False,4614,data/images/post04614.jpg,"42:1,123:1,2026:0","42:0,123:0,2026:0","42:0,123:0,2026:0",threads
000,"42:0,123:0,2026:0","42:0,123:0,2026:0",False,4360,data/images/post04360.jpg,"42:0,123:0,2026:0","42:0,123:0,2026:0","42:0,123:0,2026:0",threads
000,"42:0,123:0,2026:0","42:0,123:0,2026:0",False,3994,data/images/post03994.jpg,"42:0,123:0,2026:0","42:0,123:0,2026:0","42:0,123:0,2026:0",threads
001,"42:1,123:0,2026:1","42:1,123:0,2026:1",True,7254,data/images/post07254.jpg,"42:1,123:1,2026:1","42:1,123:1,2026:1","42:0,123:0,2026:0",facebook
001,"42:0,123:0,2026:0","42:0,123:0,2026:0",False,3513,data/images/post03513.jpg,"42:0,123:0,2026:0","42:0,123:0,2026:0","42:0,123:0,2026:0",threads
101,"42:1,123:0,2026:0","42:1,123:1,2026:1",True,1096,data/images/post01096.jpg,"42:0,123:0,2026:1","42:1,123:1,2026:0","42:1,123:0,2026:1",threads
001,"42:0,123:0,2026:1","42:0,123:1,2026:0",False,1479,data/images/post01479.jpg,"42:0,123:0,2026:0","42:0,123:0,2026:0","42:0,123:0,2026:0",threads
000,"42:0,123:0,2026:0","42:0,123:0,2026:0",False,4739,data/images/post04739.jpg,"42:0,123:0,2026:0","42:0,123:0,2026:0","42:0,123:0,2026:0",threads
011,"42:1,123:1,2026:1","42:1,123:1,2026:1",True,5826,data/images/post05826.jpg,"42:1,123:1,2026:1","42:1,123:1,2026:1","42:0,123:0,2026:1",facebook
001,"42:0,123:0,2026:0","42:0,123:1,2026:1",True,1802,data/images/post01802.jpg,"42:0,123:0,2026:0","42:1,123:1,2026:1","42:0,123:0,2026:0",threads
000,"42:0,123:0,2026:0","42:0,123:0,2026:0",False,796,data/images/post00796.jpg,"42:0,123:0,2026:1","42:0,123:0,2026:0","42:0,123:0,2026:0",threads
000,"42:1,123:1,2026:1","42:1,123:1,2026:1",False,6155,data/images/post06155.jpg,"42:1,123:1,2026:1","42:1,123:1,2026:1","42:0,123:0,2026:0",facebook
000,"42:0,123:0,2026:0","42:0,123:0,2026:0",True,1808,data/images/post01808.jpg,"42:0,123:0,2026:0","42:0,123:0,2026:0","42:0,123:0,2026:0",threads
000,"42:1,123:0,2026:1","42:1,123:1,2026:1",True,7291,data/images/post07291.jpg,"42:1,123:0,2026:1","42:1,123:1,2026:1","42:1,123:1,2026:1",facebook
000,"42:1,123:1,2026:1","42:1,123:1,2026:1",True,6086,data/images/post06086.jpg,"42:1,123:1,2026:1","42:1,123:1,2026:1","42:1,123:1,2026:1",facebook
001,"42:0,123:0,2026:0","42:0,123:0,2026:0",False,521,data/images/post00521.webp,"42:0,123:0,2026:1","42:0,123:0,2026:0","42:0,123:0,2026:0",threads
000,"42:0,123:0,2026:0","42:0,123:0,2026:0",True,4451,data/images/post04451.jpg,"42:0,123:0,2026:0","42:0,123:0,2026:0","42:1,123:0,2026:0",threads
011,"42:1,123:1,2026:1","42:1,123:1,2026:1",True,6044,data/images/post06044.jpg,"42:1,123:1,2026:1","42:1,123:1,2026:1","42:1,123:1,2026:1",facebook
000,"42:0,123:0,2026:1","42:0,123:0,2026:0",True,644,data/images/post00644.jpg,"42:0,123:1,2026:1","42:1,123:1,2026:0","42:1,123:0,2026:0",threads
000,"42:1,123:1,2026:1","42:1,123:1,2026:1",True,4463,data/images/post04463.webp,"42:1,123:1,2026:1","42:1,123:1,2026:1","42:1,123:1,2026:0",threads
000,"42:0,123:0,2026:0","42:0,123:0,2026:0",True,3956,data/images/post03956.jpg,"42:0,123:0,2026:0","42:0,123:0,2026:0","42:0,123:0,2026:0",threads
000,"42:1,123:0,2026:0","42:0,123:1,2026:1",True,1778,data/images/post01778.jpg,"42:1,123:0,2026:0","42:0,123:1,2026:0","42:0,123:0,2026:0",threads
000,"42:1,123:1,2026:1","42:1,123:1,2026:1",True,6217,data/images/post06217.jpg,"42:1,123:1,2026:1","42:1,123:1,2026:1","42:1,123:1,2026:1",facebook
011,"42:1,123:1,2026:1","42:1,123:1,2026:1",True,2426,data/images/post02426.jpg,"42:1,123:1,2026:0","42:1,123:1,2026:1","42:1,123:1,2026:1",facebook
100,"42:0,123:1,2026:0","42:1,123:0,2026:0",True,3497,data/images/post03497.webp,"42:1,123:1,2026:1","42:1,123:1,2026:0","42:0,123:0,2026:0",threads
011,"42:1,123:1,2026:1","42:1,123:0,2026:1",True,2376,data/images/post02376.jpg,"42:1,123:1,2026:1","42:1,123:1,2026:1","42:1,123:1,2026:1",facebook
001,"42:1,123:0,2026:1","42:1,123:1,2026:1",False,2057,data/images/post02057.jpg,"42:1,123:1,2026:1","42:1,123:1,2026:1","42:0,123:0,2026:0",facebook
001,"42:1,123:1,2026:1","42:1,123:1,2026:1",False,2567,data/images/post02567.jpg,"42:1,123:1,2026:1","42:1,123:1,2026:1","42:0,123:0,2026:0",facebook
001,"42:1,123:1,2026:1","42:1,123:1,2026:1",True,6517,data/images/post06517.jpg,"42:1,123:1,2026:1","42:1,123:1,2026:1","42:0,123:0,2026:0",facebook
101,"42:0,123:0,2026:1","42:0,123:1,2026:0",False,4432,data/images/post04432.jpg,"42:1,123:1,2026:1","42:1,123:1,2026:1","42:0,123:0,2026:0",threads
001,"42:1,123:0,2026:1","42:1,123:1,2026:1",True,2622,data/images/post02622.jpg,"42:1,123:1,2026:1","42:1,123:1,2026:1","42:1,123:1,2026:1",facebook
000,"42:1,123:1,2026:1","42:1,123:1,2026:1",False,5824,data/images/post05824.jpg,"42:1,123:1,2026:1","42:1,123:1,2026:1","42:0,123:0,2026:0",facebook
001,"42:0,123:0,2026:0","42:1,123:0,2026:0",False,7239,data/images/post07239.jpg,"42:1,123:0,2026:1","42:0,123:0,2026:0","42:0,123:0,2026:0",facebook
000,"42:1,123:1,2026:1","42:1,123:1,2026:1",True,4034,data/images/post04034.jpg,"42:1,123:1,2026:1","42:1,123:1,2026:0","42:1,123:1,2026:1",threads
001,"42:0,123:1,2026:0","42:0,123:1,2026:0",False,892,data/images/post00892.jpg,"42:1,123:1,2026:1","42:0,123:1,2026:1","42:0,123:0,2026:0",threads
001,"42:0,123:0,2026:0","42:0,123:0,2026:0",True,502,data/images/post00502.jpg,"42:1,123:1,2026:1","42:1,123:1,2026:0","42:0,123:0,2026:0",threads
001,"42:0,123:0,2026:0","42:1,123:1,2026:1",True,297,data/images/post00297.webp,"42:0,123:0,2026:0","42:1,123:1,2026:1","42:1,123:1,2026:1",threads
001,"42:1,123:1,2026:0","42:1,123:0,2026:1",True,258,data/images/post00258.jpg,"42:0,123:1,2026:0","42:1,123:1,2026:0","42:1,123:0,2026:1",threads
000,"42:0,123:0,2026:0","42:0,123:0,2026:0",False,4889,data/images/post04889.jpg,"42:0,123:0,2026:0","42:0,123:0,2026:0","42:0,123:0,2026:0",threads
111,"42:0,123:0,2026:0","42:0,123:0,2026:1",True,1127,data/images/post01127.jpg,"42:0,123:0,2026:0","42:0,123:1,2026:0","42:0,123:0,2026:0",threads
101,"42:1,123:0,2026:0","42:1,123:0,2026:0",True,1768,data/images/post01768.jpg,"42:0,123:1,2026:0","42:1,123:1,2026:0","42:0,123:0,2026:0",threads
000,"42:1,123:0,2026:0","42:1,123:0,2026:0",True,3930,data/images/post03930.jpg,"42:0,123:1,2026:1","42:1,123:0,2026:0","42:0,123:0,2026:0",threads
001,"42:1,123:0,2026:1","42:1,123:1,2026:1",True,5728,data/images/post05728.jpg,"42:0,123:1,2026:1","42:1,123:1,2026:1","42:1,123:1,2026:1",facebook
101,"42:1,123:0,2026:0","42:1,123:0,2026:1",True,4595,data/images/post04595.webp,"42:0,123:0,2026:0","42:0,123:0,2026:1","42:1,123:1,2026:1",threads
001,"42:0,123:0,2026:0","42:0,123:0,2026:0",True,4675,data/images/post04675.jpg,"42:1,123:0,2026:0","42:1,123:1,2026:0","42:0,123:0,2026:1",threads
000,"42:1,123:0,2026:0","42:1,123:1,2026:0",True,6359,data/images/post06359.jpg,"42:1,123:1,2026:1","42:1,123:1,2026:1","42:1,123:1,2026:1",facebook
000,"42:0,123:0,2026:0","42:0,123:0,2026:0",True,4492,data/images/post04492.jpg,"42:0,123:1,2026:1","42:0,123:0,2026:0","42:0,123:0,2026:0",threads
000,"42:0,123:0,2026:0","42:0,123:0,2026:0",False,5272,data/images/post05272.jpg,"42:0,123:0,2026:0","42:0,123:0,2026:0","42:0,123:0,2026:0",threads
001,"42:1,123:1,2026:1","42:1,123:1,2026:1",False,6574,data/images/post06574.jpg,"42:1,123:1,2026:1","42:1,123:1,2026:1","42:0,123:0,2026:0",facebook
001,"42:1,123:1,2026:1","42:1,123:1,2026:1",False,6427,data/images/post06427.jpg,"42:1,123:1,2026:1","42:1,123:1,2026:1","42:0,123:0,2026:0",facebook
111,"42:0,123:0,2026:0","42:0,123:1,2026:1",True,884,data/images/post00884.jpg,"42:0,123:0,2026:0","42:1,123:1,2026:1","42:0,123:0,2026:0",threads
000,"42:1,123:0,2026:0","42:0,123:0,2026:0",True,2327,data/images/post02327.jpg,"42:1,123:1,2026:1","42:0,123:0,2026:0","42:0,123:0,2026:0",facebook
000,"42:0,123:0,2026:0","42:0,123:0,2026:0",False,5249,data/images/post05249.jpg,"42:0,123:0,2026:0","42:0,123:0,2026:0","42:0,123:0,2026:0",threads
000,"42:0,123:0,2026:0","42:0,123:0,2026:0",False,5361,data/images/post05361.jpg,"42:0,123:0,2026:0","42:0,123:0,2026:0","42:0,123:0,2026:0",threads
101,"42:1,123:1,2026:1","42:1,123:1,2026:1",True,2952,data/images/post02952.jpg,"42:1,123:1,2026:1","42:1,123:1,2026:1","42:1,123:1,2026:1",facebook
001,"42:1,123:1,2026:1","42:1,123:1,2026:1",False,2053,data/images/post02053.jpg,"42:1,123:1,2026:1","42:1,123:1,2026:1","42:0,123:0,2026:0",facebook
000,"42:1,123:0,2026:0","42:1,123:1,2026:0",False,1020,data/images/post01020.jpg,"42:1,123:1,2026:1","42:1,123:0,2026:1","42:0,123:0,2026:0",threads
000,"42:0,123:0,2026:0","42:0,123:1,2026:0",True,1604,data/images/post01604.jpg,"42:0,123:1,2026:1","42:0,123:0,2026:0","42:0,123:0,2026:0",threads
100,"42:0,123:0,2026:0","42:1,123:0,2026:0",True,2832,data/images/post02832.jpg,"42:0,123:0,2026:0","42:0,123:0,2026:0","42:1,123:0,2026:0",facebook
000,"42:0,123:0,2026:0","42:0,123:0,2026:0",True,5579,data/images/post05579.jpg,"42:0,123:0,2026:1","42:0,123:0,2026:0","42:0,123:0,2026:0",threads
000,"42:1,123:1,2026:1","42:1,123:1,2026:1",False,1977,data/images/post01977.jpg,"42:1,123:1,2026:1","42:1,123:1,2026:1","42:0,123:0,2026:0",facebook
101,"42:1,123:0,2026:0","42:0,123:1,2026:0",True,221,data/images/post00221.jpg,"42:0,123:0,2026:0","42:0,123:0,2026:0","42:1,123:1,2026:1",threads
000,"42:0,123:0,2026:0","42:0,123:0,2026:0",True,4790,data/images/post04790.jpg,"42:0,123:0,2026:0","42:0,123:0,2026:0","42:0,123:0,2026:0",threads
001,"42:1,123:1,2026:1","42:1,123:1,2026:1",True,2839,data/images/post02839.jpg,"42:1,123:1,2026:1","42:1,123:1,2026:1","42:0,123:0,2026:0",facebook
000,"42:0,123:0,2026:0","42:0,123:0,2026:0",False,4604,data/images/post04604.jpg,"42:0,123:0,2026:1","42:0,123:0,2026:0","42:0,123:0,2026:0",threads
000,"42:0,123:0,2026:0","42:0,123:1,2026:0",True,490,data/images/post00490.jpg,"42:0,123:0,2026:0","42:0,123:0,2026:0","42:0,123:0,2026:0",threads
000,"42:0,123:0,2026:1","42:0,123:0,2026:0",False,4900,data/images/post04900.jpg,"42:0,123:0,2026:1","42:0,123:0,2026:0","42:0,123:0,2026:0",threads
000,"42:0,123:0,2026:0","42:0,123:0,2026:0",False,1206,data/images/post01206.jpg,"42:0,123:0,2026:0","42:0,123:0,2026:0","42:0,123:0,2026:0",threads
001,"42:1,123:1,2026:1","42:1,123:1,2026:1",False,6919,data/images/post06919.jpg,"42:1,123:1,2026:1","42:1,123:1,2026:1","42:0,123:0,2026:0",facebook
000,"42:0,123:0,2026:0","42:0,123:0,2026:0",False,5013,data/images/post05013.jpg,"42:0,123:0,2026:1","42:0,123:0,2026:0","42:0,123:0,2026:0",threads
101,"42:0,123:0,2026:0","42:1,123:0,2026:0",False,530,data/images/post00530.jpg,"42:1,123:1,2026:1","42:1,123:1,2026:0","42:0,123:0,2026:0",threads
000,"42:0,123:0,2026:0","42:1,123:0,2026:0",True,7127,data/images/post07127.jpg,"42:0,123:0,2026:0","42:1,123:1,2026:0","42:1,123:1,2026:1",facebook
000,"42:0,123:0,2026:0","42:0,123:1,2026:1",True,5130,data/images/post05130.jpg,"42:0,123:0,2026:0","42:0,123:0,2026:0","42:0,123:0,2026:0",threads
000,"42:0,123:1,2026:1","42:1,123:1,2026:1",True,6450,data/images/post06450.jpg,"42:0,123:0,2026:1","42:0,123:0,2026:1","42:0,123:0,2026:0",facebook
101,"42:0,123:0,2026:0","42:1,123:1,2026:1",False,3798,data/images/post03798.jpg,"42:1,123:0,2026:1","42:1,123:1,2026:1","42:0,123:0,2026:0",threads
000,"42:0,123:0,2026:0","42:0,123:0,2026:0",True,3230,data/images/post03230.jpg,"42:0,123:0,2026:0","42:0,123:0,2026:0","42:1,123:0,2026:1",threads
000,"42:0,123:0,2026:0","42:0,123:0,2026:0",True,4827,data/images/post04827.jpg,"42:0,123:0,2026:0","42:0,123:0,2026:0","42:1,123:0,2026:0",threads
011,"42:1,123:1,2026:0","42:1,123:1,2026:1",True,2434,data/images/post02434.jpg,"42:0,123:0,2026:0","42:1,123:1,2026:1","42:1,123:1,2026:1",facebook
000,"42:0,123:0,2026:0","42:1,123:0,2026:0",True,1022,data/images/post01022.jpg,"42:0,123:0,2026:0","42:0,123:0,2026:0","42:0,123:0,2026:0",threads
000,"42:0,123:0,2026:0","42:0,123:0,2026:0",False,5302,data/images/post05302.jpg,"42:0,123:0,2026:0","42:0,123:0,2026:0","42:0,123:0,2026:0",threads
000,"42:0,123:0,2026:0","42:0,123:0,2026:0",True,3645,data/images/post03645.jpg,"42:1,123:1,2026:1","42:1,123:1,2026:0","42:0,123:0,2026:0",threads
100,"42:0,123:0,2026:0","42:0,123:0,2026:0",True,1037,data/images/post01037.jpg,"42:0,123:0,2026:0","42:0,123:0,2026:0","42:0,123:0,2026:0",threads
001,"42:1,123:1,2026:1","42:1,123:1,2026:1",True,6000,data/images/post06000.jpg,"42:1,123:1,2026:1","42:1,123:1,2026:1","42:1,123:0,2026:1",facebook
000,"42:0,123:0,2026:0","42:0,123:0,2026:0",True,3179,data/images/post03179.jpg,"42:0,123:0,2026:0","42:0,123:0,2026:0","42:0,123:0,2026:0",threads
011,"42:1,123:1,2026:1","42:1,123:1,2026:1",True,4101,data/images/post04101.jpg,"42:1,123:1,2026:1","42:1,123:1,2026:1","42:1,123:1,2026:1",threads
001,"42:0,123:0,2026:0","42:1,123:0,2026:0",True,618,data/images/post00618.jpg,"42:1,123:0,2026:0","42:0,123:0,2026:0","42:0,123:0,2026:0",threads
101,"42:1,123:1,2026:1","42:1,123:1,2026:1",True,1671,data/images/post01671.jpg,"42:0,123:1,2026:1","42:1,123:1,2026:1","42:1,123:1,2026:1",threads
000,"42:1,123:1,2026:1","42:1,123:0,2026:0",True,4369,data/images/post04369.jpg,"42:1,123:1,2026:1","42:1,123:1,2026:0","42:0,123:0,2026:0",threads
000,"42:0,123:0,2026:0","42:0,123:0,2026:0",True,2428,data/images/post02428.jpg,"42:0,123:0,2026:0","42:0,123:0,2026:0","42:0,123:0,2026:0",facebook
000,"42:0,123:0,2026:0","42:0,123:0,2026:0",True,4304,data/images/post04304.jpg,"42:0,123:0,2026:0","42:0,123:0,2026:0","42:0,123:0,2026:0",threads
001,"42:1,123:1,2026:1","42:1,123:0,2026:1",True,2113,data/images/post02113.jpg,"42:1,123:1,2026:1","42:0,123:0,2026:0","42:0,123:0,2026:0",facebook
101,"42:1,123:1,2026:1","42:1,123:1,2026:1",False,2724,data/images/post02724.jpg,"42:1,123:1,2026:0","42:1,123:1,2026:1","42:0,123:0,2026:0",facebook
001,"42:1,123:1,2026:1","42:1,123:0,2026:1",False,5930,data/images/post05930.jpg,"42:1,123:1,2026:1","42:1,123:1,2026:1","42:0,123:0,2026:0",facebook
000,"42:0,123:1,2026:0","42:0,123:0,2026:0",False,5205,data/images/post05205.jpg,"42:0,123:0,2026:0","42:0,123:0,2026:0","42:0,123:0,2026:0",threads
101,"42:1,123:0,2026:1","42:1,123:1,2026:1",True,411,data/images/post00411.jpg,"42:1,123:1,2026:1","42:1,123:1,2026:1","42:1,123:0,2026:1",threads
000,"42:0,123:0,2026:0","42:0,123:0,2026:0",False,743,data/images/post00743.webp,"42:0,123:0,2026:0","42:0,123:0,2026:0","42:0,123:0,2026:0",threads
011,"42:1,123:1,2026:1","42:1,123:1,2026:1",True,2558,data/images/post02558.jpg,"42:1,123:1,2026:1","42:1,123:1,2026:1","42:1,123:1,2026:1",facebook
101,"42:1,123:0,2026:0","42:1,123:0,2026:1",True,113,data/images/post00113.webp,"42:0,123:0,2026:0","42:1,123:1,2026:0","42:1,123:0,2026:1",threads
000,"42:0,123:0,2026:0","42:1,123:0,2026:0",False,426,data/images/post00426.jpg,"42:0,123:0,2026:0","42:0,123:0,2026:0","42:0,123:0,2026:0",threads
001,"42:0,123:1,2026:1","42:0,123:0,2026:0",True,7221,data/images/post07221.jpg,"42:1,123:1,2026:1","42:1,123:1,2026:0","42:1,123:0,2026:0",facebook
101,"42:1,123:0,2026:0","42:1,123:1,2026:1",True,1653,data/images/post01653.jpg,"42:1,123:0,2026:1","42:1,123:0,2026:0","42:1,123:1,2026:0",threads
000,"42:0,123:0,2026:0","42:0,123:0,2026:0",True,4744,data/images/post04744.jpg,"42:0,123:0,2026:0","42:0,123:0,2026:0","42:0,123:0,2026:0",threads
011,"42:1,123:1,2026:1","42:1,123:1,2026:1",True,7014,data/images/post07014.jpg,"42:1,123:1,2026:1","42:1,123:1,2026:0","42:1,123:1,2026:1",facebook
011,"42:0,123:0,2026:0","42:1,123:0,2026:0",True,7135,data/images/post07135.jpg,"42:0,123:0,2026:0","42:0,123:0,2026:0","42:1,123:1,2026:1",facebook
001,"42:1,123:0,2026:0","42:1,123:0,2026:1",True,6677,data/images/post06677.jpg,"42:1,123:0,2026:1","42:1,123:0,2026:1","42:1,123:1,2026:1",facebook
000,"42:0,123:0,2026:0","42:0,123:0,2026:0",False,5282,data/images/post05282.jpg,"42:0,123:0,2026:0","42:0,123:0,2026:0","42:0,123:0,2026:0",threads
011,"42:1,123:1,2026:1","42:1,123:1,2026:1",True,6037,data/images/post06037.jpg,"42:1,123:1,2026:0","42:1,123:1,2026:1","42:1,123:1,2026:1",facebook
000,"42:0,123:0,2026:0","42:0,123:0,2026:0",True,4241,data/images/post04241.jpg,"42:0,123:0,2026:0","42:0,123:0,2026:0","42:0,123:0,2026:0",threads
000,"42:0,123:0,2026:0","42:1,123:1,2026:1",False,16,data/images/post00016.jpg,"42:1,123:1,2026:1","42:1,123:1,2026:1","42:0,123:0,2026:0",threads
101,"42:1,123:0,2026:0","42:1,123:1,2026:1",True,26,data/images/post00026.jpg,"42:0,123:0,2026:0","42:1,123:1,2026:1","42:1,123:1,2026:1",threads
100,"42:1,123:0,2026:0","42:1,123:0,2026:1",True,256,data/images/post00256.jpg,"42:1,123:0,2026:1","42:0,123:1,2026:0","42:1,123:1,2026:1",threads
010,"42:0,123:0,2026:0","42:0,123:0,2026:1",True,6856,data/images/post06856.jpg,"42:0,123:0,2026:0","42:0,123:0,2026:0","42:1,123:1,2026:1",facebook
000,"42:1,123:0,2026:0","42:0,123:0,2026:0",True,4132,data/images/post04132.jpg,"42:1,123:0,2026:0","42:0,123:0,2026:0","42:0,123:0,2026:0",threads
000,"42:1,123:0,2026:0","42:1,123:0,2026:1",True,3518,data/images/post03518.jpg,"42:1,123:1,2026:0","42:1,123:1,2026:1","42:1,123:0,2026:1",threads
111,"42:0,123:0,2026:0","42:0,123:0,2026:1",True,1005,data/images/post01005.jpg,"42:0,123:0,2026:0","42:0,123:0,2026:0","42:1,123:1,2026:0",threads
000,"42:0,123:0,2026:0","42:0,123:0,2026:0",False,1348,data/images/post01348.jpg,"42:0,123:0,2026:0","42:0,123:0,2026:0","42:0,123:0,2026:0",threads
000,"42:0,123:0,2026:0","42:0,123:0,2026:0",True,4057,data/images/post04057.jpg,"42:0,123:0,2026:0","42:0,123:0,2026:0","42:0,123:0,2026:0",threads
001,"42:1,123:1,2026:1","42:1,123:1,2026:1",False,2729,data/images/post02729.jpg,"42:1,123:1,2026:1","42:1,123:0,2026:1","42:0,123:0,2026:0",facebook
000,"42:0,123:0,2026:1","42:0,123:0,2026:0",True,3110,data/images/post03110.jpg,"42:0,123:0,2026:1","42:0,123:0,2026:0","42:0,123:1,2026:1",threads
000,"42:0,123:0,2026:0","42:0,123:0,2026:0",False,1217,data/images/post01217.jpg,"42:0,123:0,2026:0","42:0,123:0,2026:0","42:0,123:0,2026:0",threads
000,"42:0,123:0,2026:0","42:0,123:0,2026:0",False,5119,data/images/post05119.jpg,"42:0,123:0,2026:0","42:0,123:0,2026:0","42:0,123:0,2026:0",threads
000,"42:1,123:1,2026:1","42:1,123:1,2026:1",True,4123,data/images/post04123.jpg,"42:1,123:1,2026:1","42:1,123:1,2026:1","42:0,123:0,2026:0",threads
000,"42:0,123:0,2026:0","42:0,123:0,2026:0",True,3371,data/images/post03371.jpg,"42:0,123:0,2026:0","42:0,123:0,2026:0","42:0,123:1,2026:0",threads
101,"42:0,123:0,2026:0","42:0,123:0,2026:1",True,1717,data/images/post01717.jpg,"42:0,123:0,2026:1","42:0,123:0,2026:0","42:0,123:0,2026:0",threads
000,"42:0,123:0,2026:0","42:0,123:0,2026:0",False,4607,data/images/post04607.jpg,"42:0,123:0,2026:0","42:0,123:0,2026:0","42:0,123:0,2026:0",threads
001,"42:1,123:1,2026:1","42:1,123:0,2026:1",True,6410,data/images/post06410.jpg,"42:1,123:1,2026:1","42:1,123:1,2026:1","42:0,123:0,2026:0",facebook
010,"42:1,123:1,2026:1","42:1,123:1,2026:1",True,2435,data/images/post02435.jpg,"42:1,123:0,2026:0","42:1,123:1,2026:0","42:1,123:1,2026:1",facebook
000,"42:1,123:0,2026:0","42:1,123:1,2026:0",True,5547,data/images/post05547.jpg,"42:0,123:0,2026:1","42:1,123:1,2026:1","42:0,123:0,2026:1",threads
101,"42:1,123:0,2026:1","42:1,123:0,2026:1",True,1901,data/images/post01901.jpg,"42:1,123:1,2026:1","42:1,123:1,2026:1","42:1,123:1,2026:1",facebook
001,"42:0,123:0,2026:0","42:0,123:1,2026:1",True,4258,data/images/post04258.webp,"42:0,123:0,2026:0","42:1,123:1,2026:1","42:0,123:0,2026:0",threads
101,"42:1,123:1,2026:1","42:1,123:1,2026:1",True,6271,data/images/post06271.jpg,"42:1,123:1,2026:1","42:1,123:1,2026:1","42:1,123:1,2026:1",facebook
000,"42:0,123:0,2026:0","42:0,123:0,2026:0",True,6067,data/images/post06067.jpg,"42:0,123:0,2026:0","42:0,123:0,2026:0","42:0,123:0,2026:0",facebook
000,"42:0,123:0,2026:0","42:0,123:0,2026:0",True,406,data/images/post00406.jpg,"42:0,123:0,2026:0","42:0,123:0,2026:0","42:1,123:0,2026:0",threads
001,"42:0,123:0,2026:0","42:1,123:1,2026:0",True,3143,data/images/post03143.jpg,"42:0,123:0,2026:0","42:1,123:1,2026:1","42:1,123:1,2026:0",threads
100,"42:0,123:0,2026:0","42:0,123:0,2026:1",True,2992,data/images/post02992.jpg,"42:0,123:0,2026:0","42:0,123:0,2026:0","42:0,123:0,2026:0",facebook
001,"42:1,123:1,2026:1","42:1,123:1,2026:1",False,2792,data/images/post02792.jpg,"42:1,123:1,2026:1","42:1,123:1,2026:1","42:0,123:0,2026:0",facebook
000,"42:0,123:0,2026:0","42:1,123:0,2026:1",True,4507,data/images/post04507.jpg,"42:0,123:1,2026:1","42:1,123:1,2026:0","42:1,123:0,2026:0",threads
101,"42:0,123:0,2026:0","42:1,123:1,2026:0",True,2966,data/images/post02966.jpg,"42:0,123:0,2026:0","42:0,123:0,2026:0","42:1,123:0,2026:0",facebook
001,"42:0,123:0,2026:0","42:1,123:0,2026:0",True,2308,data/images/post02308.jpg,"42:0,123:0,2026:0","42:1,123:1,2026:1","42:1,123:1,2026:1",facebook
101,"42:0,123:0,2026:0","42:0,123:0,2026:0",False,774,data/images/post00774.webp,"42:0,123:1,2026:1","42:0,123:0,2026:0","42:0,123:0,2026:0",threads
000,"42:0,123:0,2026:0","42:1,123:0,2026:0",True,1248,data/images/post01248.jpg,"42:0,123:0,2026:0","42:0,123:0,2026:0","42:0,123:1,2026:0",threads
101,"42:1,123:1,2026:0","42:0,123:0,2026:0",True,6011,data/images/post06011.jpg,"42:1,123:0,2026:0","42:1,123:1,2026:0","42:1,123:1,2026:1",facebook
001,"42:1,123:1,2026:1","42:1,123:1,2026:1",True,5925,data/images/post05925.jpg,"42:1,123:1,2026:1","42:1,123:1,2026:1","42:1,123:1,2026:1",facebook
000,"42:0,123:0,2026:0","42:0,123:0,2026:0",True,1397,data/images/post01397.webp,"42:0,123:0,2026:0","42:0,123:0,2026:0","42:0,123:0,2026:0",threads
000,"42:0,123:0,2026:0","42:0,123:0,2026:0",False,4052,data/images/post04052.jpg,"42:0,123:0,2026:0","42:0,123:0,2026:0","42:0,123:0,2026:0",threads
000,"42:1,123:0,2026:1","42:1,123:1,2026:1",False,665,data/images/post00665.jpg,"42:1,123:1,2026:1","42:0,123:0,2026:0","42:0,123:0,2026:0",threads
000,"42:0,123:0,2026:0","42:0,123:0,2026:0",True,462,data/images/post00462.webp,"42:0,123:0,2026:0","42:0,123:0,2026:0","42:0,123:0,2026:0",threads
011,"42:1,123:1,2026:1","42:1,123:1,2026:1",True,2337,data/images/post02337.jpg,"42:1,123:1,2026:1","42:1,123:1,2026:1","42:1,123:1,2026:1",facebook
001,"42:1,123:1,2026:0","42:1,123:0,2026:0",True,3260,data/images/post03260.jpg,"42:0,123:1,2026:1","42:1,123:1,2026:0","42:1,123:0,2026:0",threads
000,"42:0,123:0,2026:0","42:0,123:0,2026:0",False,5255,data/images/post05255.jpg,"42:0,123:0,2026:0","42:0,123:0,2026:0","42:0,123:0,2026:0",threads
000,"42:1,123:0,2026:1","42:1,123:1,2026:1",False,3503,data/images/post03503.jpg,"42:1,123:1,2026:1","42:1,123:1,2026:1","42:0,123:0,2026:0",threads
101,"42:1,123:1,2026:1","42:1,123:0,2026:1",False,2054,data/images/post02054.jpg,"42:1,123:1,2026:1","42:1,123:1,2026:1","42:0,123:0,2026:0",facebook
001,"42:0,123:0,2026:0","42:0,123:0,2026:0",False,3209,data/images/post03209.jpg,"42:0,123:0,2026:0","42:0,123:0,2026:0","42:0,123:0,2026:0",threads
100,"42:0,123:0,2026:0","42:0,123:1,2026:0",False,3099,data/images/post03099.jpg,"42:0,123:0,2026:0","42:0,123:0,2026:0","42:0,123:0,2026:0",facebook
000,"42:1,123:1,2026:1","42:1,123:1,2026:1",True,7058,data/images/post07058.jpg,"42:1,123:1,2026:1","42:1,123:1,2026:1","42:1,123:1,2026:1",facebook
011,"42:1,123:1,2026:1","42:1,123:1,2026:0",True,6116,data/images/post06116.jpg,"42:1,123:1,2026:1","42:1,123:1,2026:1","42:0,123:1,2026:1",facebook
000,"42:0,123:0,2026:0","42:0,123:0,2026:0",False,4698,data/images/post04698.jpg,"42:0,123:0,2026:1","42:0,123:0,2026:0","42:0,123:0,2026:0",threads
000,"42:0,123:0,2026:0","42:1,123:1,2026:1",True,1079,data/images/post01079.jpg,"42:0,123:0,2026:0","42:1,123:1,2026:0","42:0,123:0,2026:0",threads
011,"42:1,123:1,2026:1","42:1,123:1,2026:1",True,4362,data/images/post04362.jpg,"42:1,123:1,2026:1","42:1,123:1,2026:1","42:1,123:1,2026:1",threads
010,"42:1,123:0,2026:1","42:1,123:0,2026:1",True,2338,data/images/post02338.jpg,"42:0,123:0,2026:1","42:1,123:1,2026:0","42:1,123:1,2026:1",facebook
101,"42:1,123:1,2026:1","42:1,123:1,2026:1",True,7314,data/images/post07314.jpg,"42:1,123:1,2026:1","42:1,123:1,2026:1","42:1,123:1,2026:1",facebook
000,"42:0,123:0,2026:0","42:0,123:0,2026:0",False,629,data/images/post00629.jpg,"42:0,123:0,2026:0","42:0,123:0,2026:0","42:0,123:0,2026:0",threads
001,"42:0,123:0,2026:0","42:0,123:0,2026:0",True,3883,data/images/post03883.webp,"42:0,123:0,2026:0","42:0,123:0,2026:0","42:0,123:0,2026:0",threads
000,"42:1,123:1,2026:0","42:0,123:1,2026:0",True,5786,data/images/post05786.jpg,"42:0,123:0,2026:1","42:1,123:1,2026:1","42:0,123:0,2026:0",facebook
000,"42:1,123:0,2026:0","42:0,123:1,2026:0",False,3119,data/images/post03119.webp,"42:0,123:0,2026:0","42:0,123:0,2026:0","42:0,123:0,2026:0",threads
001,"42:1,123:1,2026:1","42:1,123:1,2026:1",False,5894,data/images/post05894.jpg,"42:1,123:1,2026:1","42:1,123:1,2026:1","42:0,123:0,2026:0",facebook
000,"42:0,123:0,2026:0","42:0,123:0,2026:0",True,5084,data/images/post05084.jpg,"42:0,123:0,2026:0","42:0,123:0,2026:0","42:0,123:0,2026:0",threads
000,"42:0,123:0,2026:0","42:0,123:0,2026:0",False,5343,data/images/post05343.jpg,"42:0,123:0,2026:0","42:0,123:0,2026:0","42:0,123:0,2026:0",threads
000,"42:0,123:0,2026:0","42:0,123:0,2026:0",False,4324,data/images/post04324.webp,"42:0,123:0,2026:0","42:0,123:0,2026:0","42:0,123:0,2026:0",threads
011,"42:1,123:1,2026:1","42:1,123:0,2026:1",True,1216,data/images/post01216.webp,"42:1,123:0,2026:0","42:1,123:1,2026:1","42:1,123:1,2026:1",threads
000,"42:1,123:1,2026:1","42:1,123:1,2026:1",False,2006,data/images/post02006.jpg,"42:1,123:1,2026:1","42:1,123:1,2026:0","42:0,123:0,2026:0",facebook
101,"42:0,123:1,2026:0","42:1,123:1,2026:0",False,228,data/images/post00228.webp,"42:1,123:1,2026:1","42:1,123:0,2026:1","42:0,123:0,2026:0",threads
000,"42:0,123:0,2026:0","42:0,123:0,2026:0",True,5661,data/images/post05661.jpg,"42:0,123:0,2026:0","42:0,123:1,2026:0","42:1,123:0,2026:0",threads
000,"42:1,123:0,2026:0","42:1,123:0,2026:0",True,5640,data/images/post05640.jpg,"42:0,123:0,2026:0","42:1,123:0,2026:1","42:1,123:0,2026:0",threads
001,"42:1,123:1,2026:1","42:1,123:1,2026:1",True,5765,data/images/post05765.jpg,"42:1,123:1,2026:1","42:1,123:1,2026:1","42:1,123:1,2026:1",facebook
